{
    "url": "https://vnexpress.net/vinpearl-va-almaz-ra-mat-banh-trung-thu-tuoi-4335942.html",
    "label": "DoanhNghiep",
    "timestamp": "Thứ sáu, 6/8/2021, 09:00 (GMT+7)",
    "title": "Vinpearl và Almaz ra mắt bánh trung thu tươi",
    "content": "Dòng bánh trung thu được hai đơn vị này ra mắt trong bối cảnh cả nước kiên cường chống dịch với tinh thần mạnh mẽ. Điều này đã trở thành nguồn cảm hứng lớn để các nghệ nhân của khách sạn Vinpearl Luxury Landmark 81 và trung tâm hội nghị ẩm thực Almaz cùng tạo nên những hộp bánh trung thu truyền thống giàu ý nghĩa. Theo ý tưởng của hai thương hiệu này, khí chất uy dũng được thể hiện ngay từ khâu trang trí vỏ hộp với hình tượng rồng thời Trần ngậm ngọc. Thân rồng dũng mãnh được cách điệu như đang uốn mình dọc theo dải đất hình chữ S, vươn mình từ núi cao đến đồng bằng, từ suối, sông ra biển cả... che chở cho sự thanh bình và phồn thịnh của đất nước. Hình tượng rồng vàng uy nghiêm tượng trưng cho thông điệp cổ vũ tinh thần người Việt vượt qua khó khăn, mạnh mẽ đương đầu và chiến thắng thử thách. Mỗi hộp bánh trung thu \"Mãnh long cát vượng\" không chỉ mang theo những lời chúc tốt đẹp được thiết kế tinh tế mà còn hội đủ những hương vị ẩm thực truyền thống được biến tấu mới mẻ. Trung tâm hội nghị ẩm thực Almaz mang đến những hộp bánh trung thu đặc sắc của người Hà Nội với các nhân ngọt như nhân sen táo trứng muối kết hợp thảo mộc bổ dưỡng, hay cốm dừa kết hợp vị xanh bùi, ngọt dịu, phảng phất mùi lá sen đẫm sương sớm của mùa thu... Đặc biệt, đây là lần đầu tiên thương hiệu ẩm thực này mang đến bánh trung thu thủ công nhân thập cẩm gà nướng trứ danh của vùng đất kinh kỳ. Giữa tầng tầng lớp lớp hương vị khác nhau đến từ mỡ muối, lạp xưởng, vừng, lạc, mứt bí, mứt sen... bánh thập cẩm Almaz ẩn giấu hương thơm của những sợi lá chanh tươi vừa hái mỗi sáng sớm đem xắt mỏng, tinh chế hoàn hảo để vừa giữ được hàm lượng vitamin C vừa tạo nên sự điểm xuyết khó quên trong mỗi miếng bánh. Món quà mùa tết trăng Almaz năm nay tiếp tục được làm mới với bánh trung thu trứng chảy đến từ thương hiệu nhượng quyền Tunglok Heen từ Singapore. Với nguyên liệu trứng chảy là chủ đạo, kết hợp lớp bánh nướng thơm lừng và những vị bánh được yêu thích và tốt cho sức khỏe: sen, trà ôlong, tổ yến... Trong khi đó, Vinpearl Luxury Landmark 81 vẫn giữ vững \"dấu ấn tinh hoa Việt\" trong mỗi hộp bánh. Mỗi thành phần tạo nên chiếc bánh được chọn lọc kỹ lưỡng, kết hợp hài hòa để vừa tạo nên hương vị bánh riêng biệt, vừa mang đến một món quà sức khỏe bổ dưỡng. Phát huy những hương vị bánh độc đáo đã chinh phục thực khách trước đó, năm nay đội ngũ nghệ nhân khách sạn cao nhất Đông Nam Á sáng tạo những sản phẩm mới cho ẩm thực rằm tháng 8. Tổng bếp trưởng Lê Trung đã thiết kế những chiếc bánh trung thu nhân tôm hùm sốt XO, vi cá, yến sào; hay bào ngư Hàn Quốc, Gan ngỗng Pháp, Grand Marnier; và gà quay đông trùng, kỷ tử... Mỗi chiếc bánh đều có thể trở thành dấu ấn tinh hoa trên mâm cỗ đón trăng, đồng thời cũng là món quà đầy ý nghĩa cho người thân. Năm nay, Almaz và Vinpearl Luxury Landmark 81 có dịch vụ tặng quà tận nhà với đơn hàng từ một hộp bánh. 100% nhân viên đều đảm bảo tuân thủ tiêu chuẩn 5K trong suốt quá trình sản xuất và giao hàng với lịch trình được kiểm soát chặt chẽ. Từ ngày 4/8, Vinpearl Luxury Landmark 81 và Almaz chính thức nhận đơn đặt trước bánh trung thu trên toàn quốc và giao bánh đến tay khách hàng từ 16/8 ngay khi các địa phương dừng giãn cách xã hội theo chỉ thị 16. Vinpearl Luxury Landmark 81 và Almaz hy vọng những chiếc bánh trung thu Mãnh long cát vượng sẽ hiện diện trong giây phút trông trăng đầm ấm bên bạn bè, người thân trong mỗi ngôi nhà vào ngày rằm tháng 8 năm nay. Bánh trung thu \"Mãnh long cát vượng\" bán tại Vinpearl Luxury Landmark 81 với 4 mẫu: An Nhiên, Phồn Hoa, Thịnh Vượng và Hoàng Kim, giá bán từ 900.000 đồng mỗi hộp. Almaz ra mắt 3 hộp quà: Mãnh Long, Kim Long, Cát Vượng có chi phí từ 699.000 đồng mỗi hộp. Bánh trung thu Tunglok Heen được với giá từ 799.000 đồng một hộp cho 4 loại: Mãnh Long, Kim Long, Ngự Yến, Châu Sa. Thảo Miên  "
}