{
    "url": "https://vnexpress.net/bo-cong-thuong-co-thu-truong-moi-4354562.html",
    "label": "ChinhTri",
    "timestamp": "Thứ sáu, 10/9/2021, 19:06 (GMT+7)",
    "title": "Bộ Công Thương có thứ trưởng mới",
    "content": "Trước khi được Thủ tướng bổ nhiệm làm Thứ trưởng Công Thương, ông Tân từng đảm nhiệm nhiều chức vụ trong Bộ như: Vụ trưởng Pháp chế; Cục trưởng Cạnh tranh và Bảo vệ người tiêu dùng. Bộ Công Thương hiện có bốn thứ trưởng là các ông: Trần Quốc Khánh, Đỗ Thắng Hải, Đặng Hoàng An, Nguyễn Sinh Nhật Tân. Bộ trưởng là ông Nguyễn Hồng Diên. Cùng ngày, Thủ tướng bổ nhiệm bà Vũ Việt Trang, Phó tổng giám đốc Thông tấn xã Việt Nam, làm Tổng giám đốc. "
}