{
    "url": "https://vnexpress.net/saigontourist-group-mien-phi-an-o-cho-doi-ngu-y-te-tuyen-dau-chong-dich-4301811.html",
    "label": "DoanhNghiep",
    "timestamp": "Thứ ba, 29/6/2021, 20:00 (GMT+7)",
    "title": "Saigontourist Group miễn phí ăn, ở cho đội ngũ y tế tuyến đầu chống dịch",
    "content": "Thời gian phục vụ chiến dịch này tại khách sạn Đồng Khánh đã bắt đầu từ ngày 27/6 và tại khu nghỉ dưỡng Cần Giờ từ ngày 29/6. Cụ thể, khách sạn 3 sao Đồng Khánh (số 2 Trần Hưng Đạo B, phường 7, quận 5) đã bố trí 70 phòng trong tổng số 76 phòng hiện có của khách sạn để phục vụ nhu cầu nghỉ ngơi, phục hồi sức khỏe dành cho khoảng 120 cán bộ, nhân viên y tế thuộc bệnh viện Phạm Ngọc Thạch khi thực hiện nhiệm vụ điều trị bệnh nhân nhiễm nCoV. Về ẩm thực, khách sạn phục vụ đầy đủ ba bữa ăn chính trong ngày theo tiêu chuẩn dành cho đội ngũ y tế, và sẽ phục vụ đến tận phòng. Ở khu vực thị trấn Cần Thạnh, huyện Cần Giờ, khu nghỉ dưỡng 3 sao Cần Giờ sẵn sàng 35 phòng để phục vụ cho khoảng 80 y, bác sĩ có cùng nhiệm vụ thuộc Bệnh viện điều trị Covid-19 Cần Giờ. Khu nghỉ dưỡng sẽ phục vụ các bữa ăn trong ngày cho đội ngũ y tế tại khu nhà ăn riêng, và sử dụng loại bộ đồ ăn dùng một lần. Ông Phạm Huy Bình - Chủ tịch Hội đồng Thành viên Saigontourist Group - chia sẻ cả hai cơ sở lưu trú nói trên đều bố trí đủ nhân lực phục vụ. Tất cả nhân viên khách sạn đều đã được hướng dẫn thực hiện các biện pháp an toàn về phòng, chống dịch trong suốt thời gian phục vụ. \"Với sự hỗ trợ phục vụ miễn phí nơi ăn, chốn ở bằng chính các dịch vụ hiện có dành cho đội ngũ y, bác sĩ tuyến đầu phòng, chống dịch Covid-19, Saigontourist Group mong muốn đóng góp một phần nhỏ nhằm động viên tinh thần cho những người phải thường xuyên tiếp nhận, xử lý và điều trị cho các bệnh nhân Covid-19\", ông Bình nói. Sau những ngày đầu tiên đón tiếp và phục vụ các y, bác sĩ phòng chống dịch Covid-19, ông Phạm Hiếu Thành - Giám đốc khách sạn Đồng Khánh - cho biết: \"Trực tiếp chứng kiến cảnh các y, bác sĩ về đến khách sạn sau ca làm việc với tình trạng mệt mỏi, chúng tôi đã cảm nhận phần nào sự vất vả, khổ cực của đội ngũ y tế nơi tuyến đầu chống dịch. Hình ảnh này đã lay động trái tim chúng tôi, như thầm nhắc mọi người cần tập trung toàn lực để phục vụ đến mức tốt nhất có thể\". Ngoài hai cơ sở lưu trú nói trên, các đơn vị thành viên khác thuộc Saigontourist Group, bao gồm khách sạn Đệ Nhất, Thiên Hồng, Bát Đạt... đã và đang tham gia làm khách sạn cách ly, phục vụ công tác phòng, chống dịch Covid-19. "
}