{
    "url": "https://vnexpress.net/duoc-hau-giang-them-nhieu-thanh-cong-tu-viec-nang-tam-nhan-luc-4299169.html",
    "label": "DoanhNghiep",
    "timestamp": "Thứ bảy, 26/6/2021, 11:30 (GMT+7)",
    "title": "Dược Hậu Giang thêm nhiều thành công từ việc nâng tầm nhân lực",
    "content": "Để cho ra đời những sản phẩm đạt chuẩn quốc tế, bên cạnh việc đầu tư cơ sở vật chất, quy trình hiện đại, Dược Hậu Giang chú trọng nâng tầm nguồn nhân lực. Điều này được xem là chìa khóa thành công của doanh nghiệp dược. Doanh nghiệp coi yếu tố con người là sức mạnh nội lực, một trong những giải pháp quản trị điều hành phối hợp giữa truyền thống và hiện đại. Ban Tổng giám đốc luôn là cầu nối để cán bộ nhân viên thấu hiểu, hòa nhập với môi trường có sự giao thoa giữa văn hóa doanh nghiệp Việt với văn hóa Nhật. Từ bước hiểu cho tới áp dụng thực hiện, môi trường làm việc của Dược Hậu Giang có nhiều thay đổi tích cực. \"Cán bộ công nhân viên tại doanh nghiệp đang học tập quy tắc làm việc HoRenSo (Báo cáo - Liên lạc - Thảo luận) của người Nhật, chu trình tiến hành công việc sau khi nhận chỉ thị của cấp trên và nguyên tắc 5W-3H. Nguyên tắc 5S giúp phối hợp làm việc với các chuyên gia Nhật Bản một cách hiệu quả hơn\", bà Vũ Thị Hương Lan - Giám đốc Nhân sự Dược Hậu Giang chia sẻ. Ông Phạm Chung Đỉnh - Giám đốc Bán hàng Kênh Thương mại Dược Hậu Giang cho hay, với nền bản sắc văn hóa doanh nghiệp vốn có kết hợp với văn hóa Omotenashi \"phục vụ khách hàng tận tình như gia đình\", nhân viên của Dược Hậu Giang chuyên nghiệp hơn trong công việc hàng ngày. Chính vì vậy, những thành viên đội ngũ bán hàng có nhiều nhân viên giỏi hơn, khách hàng tin yêu, luôn hỗ trợ, đồng hành cùng thương hiệu. Với Marketing, Kaizen (một thuật ngữ trong tiếng Nhật, có ý nghĩa là sự cải tiến liên tục) rất quan trọng, mỗi cá thể của Marketing luôn nỗ lực không ngừng cải tiến. Cụ thể là cải tiến sản phẩm (4P), cập nhật đổi mới các quy trình và phương tiện truyền thông. Các điểm tiếp cận người tiêu dùng đa dạng, chính xác hơn trước. \"Trong các chiến dịch truyền thông, marketing, Dược Hậu Giang cũng áp dụng công thức 70-30. Điều này có nghĩa là 70% nền tảng hiện có và 30% nhân tố mới. Ngoài ra, bộ phận Marketing cũng nhận sự hỗ trợ từ các chuyên gia Nhật thông qua việc cung cấp số liệu, xu hướng từ các nước phát triển. Từ đó chiến lược dài hạn, ngắn hạn của công ty cụ thể hơn\", ông Trần Ngô Toàn Phúc - Giám đốc Marketing Chiến lược Dược Hậu Giang chia sẻ. Song song với việc phát triển chất lượng sản phẩm, Dược Hậu Giang vẫn luôn đặt lợi ích con người lên hàng đầu. Do đó, công ty luôn xây dựng môi trường làm việc lý tưởng với thành tích tăng trưởng ổn định, hội nhập quốc tế sâu rộng. Đại diện Dược Hậu Giang cho biết, mỗi năm công ty đều tiến hành nghiên cứu, đánh giá, sử dụng các nguồn nguyên liệu trong nước, nước ngoài rõ nguồn gốc, xuất xứ, đảm bảo các tiêu chuẩn chất lượng công bố. Cụ thể đơn vị có kho lưu trữ đạt chuẩn GSP; phòng kiểm nghiệm đạt chuẩn GLP và 2 dây chuyền sản xuất viên nén và viên nén bao phim đạt tiêu chuẩn Japan-GMP. Theo đó, tại mỗi khâu của quy trình sản xuất, việc đảm bảo chất lượng luôn kiểm soát chặt chẽ bởi con người và hệ thống máy móc hiện đại. Trong quá trình sản xuất, toàn bộ các công đoạn đều được kiểm soát bán thành phẩm, một khi đảm bảo đạt tiêu chuẩn đầu ra của công đoạn trước đó mới chuyển sang công đoạn tiếp theo. Sau các bước sản xuất trên dây chuyền thực tế, sản phẩm thành phẩm sẽ tiếp tục được lấy mẫu kiểm nghiệm theo quy định. Yêu cầu của bước này là 100% lô đạt chất lượng tiêu chuẩn. Qua được \"cánh cửa\" này, sản phẩm trải qua sự kiểm duyệt của phòng đảm bảo chất lượng. Theo quy định của Dược Hậu Giang, trong quá trình sản xuất, nếu phát hiện sai lỗi dù nhỏ nhất cũng phải báo ngay cho lãnh đạo trực tiếp để kịp thời xử lý, rà soát. Hệ thống sẽ tiến hành kiểm tra lại tất cả công đoạn của quá trình sản xuất. Sau khi có kết quả rà soát, nếu sản phẩm đảm bảo đủ các tiêu chuẩn thì mới cho xuất xưởng và đưa ra thị trường\", ông Lê Hữu Hạnh - Quản đốc Xưởng 1 cho biết. Vì có quy trình kiểm duyệt nghiêm ngặt, các sản phẩm của Dược Hậu Giang đều có ưu thế cạnh tranh trên thị trường, đem lại lợi ích cho người tiêu dùng. Nổi bật là 100 sản phẩm được sản xuất trên hai dây chuyền viên nén và viên nén bao phim đạt tiêu chuẩn Japan-GMP. Ví dụ thuốc kháng dị ứng Telfor có tác dụng nhanh, không gây buồn ngủ, không ảnh hưởng đến thần kinh trung ương, dùng trong điều trị các triệu chứng viêm mũi dị ứng, nổi mề đay tự phát mạn tính. Thuốc xổ giun Fubenzon giúp loại bỏ các loại giun, giúp sức khỏe của cơ thể ổn định. Lê Nguyễn Ảnh: Dược Hậu Giang "
}