{
    "url": "https://vnexpress.net/hermes-tiep-tuc-tang-truong-bat-chap-covid-19-4337832.html",
    "label": "DoanhNghiep",
    "timestamp": "Thứ tư, 11/8/2021, 10:00 (GMT+7)",
    "title": "Hermès tiếp tục tăng trưởng bất chấp Covid-19",
    "content": "Lợi nhuận khởi sắc từ nửa cuối năm 2020 Đại diện Hermès cho biết đến cuối tháng 6, thu nhập ròng hợp nhất của tập đoàn là 1,174 tỷ EUR. Các khoản đầu tư hoạt động lên tới 214 triệu EUR và dòng tiền tự do đạt 1,236 tỷ EUR. Sau khi trả cổ tức thông thường (476 triệu EUR) và mua lại cổ phiếu, giá trị ròng tiền mặt tăng từ 617 triệu EUR lên 5.521 tỷ EUR (vượt trội so với 4.904 tỷ EUR ngày 31/12/2020). Trong sáu tháng đầu năm 2021, Hermès International đã mua lại 142.131 cổ phiếu với giá 162 triệu EUR, không gồm các giao dịch hoàn thành trong khuôn khổ hợp đồng thanh khoản. Đến hết tháng 6, tất cả dòng hàng, đồ may sẵn, phụ kiện hay lĩnh vực kinh doanh khác của hãng (trang sức và nội thất)... đều tăng trưởng vượt bậc. Doanh số mảng đồ da và yên ngựa sáu tháng đầu năm 2021 tăng 63% so với cùng kỳ năm 2020 và 25% so với cùng kỳ năm 2019. Nhu cầu mua sắm chia đều cho các dòng biểu tượng được làm lại lẫn thiết kế mới hoàn toàn. Điển hình là túi Hermès Della Cavalleria kết hợp giữa da và kim loại. Ngoài ra, nhiều xưởng ở Pháp đã hoặc sắp ra mắt nhằm gia tăng năng lực sản xuất cho hãng như: Montereau (Seine-et-Marne) khánh thành hồi tháng 6; xưởng Guyenne (Gironde) dự kiến hoạt động từ tháng 9; Louviers (Eure) mở năm 2022; Ardennes sẽ ra mắt năm 2023 và xưởng thứ hai tại Auvergne cũng khai trương trong năm 2024. Đại diện Hermès nói sẽ tăng cường sự hiện diện của mình tại Pháp và tạo thêm nhiều việc làm cho địa phương. Mảng thời trang may sẵn và phụ kiện tăng doanh thu 98% so với 2020 và 40% so với 2019, nhờ thành công của các bộ sưu tập gần đây. Loạt trang phục nam nữ ra mắt trực tuyến vào tháng 3 tại Garde républicaine và trực tiếp hồi tháng 6 tại Mobilier national, Paris. Tương tự, doanh số ngành lụa và dệt may tăng 72% so với sáu tháng đầu năm 2020 và 6% so với nửa năm đầu 2019, nhờ sự đa dạng trong thiết kế và sử dụng chất liệu được tín đồ ưa chuộng. Một dây chuyền in hiện đại được triển khai gần Lyon, đánh dấu bước phát triển đáng kể tại đây. Mảng nước hoa và mỹ phẩm tăng 65% so với 2020 và 17% so với 2019 nhờ dòng nước hoa mới dành cho nam - H24. Một năm sau khi ra mắt Rouge Hermès, mảng mỹ phẩm tiếp tục phát triển nhanh với sự ra đời của Rose Hermès, bộ sưu tập gồm phấn má hồng và dòng son dưỡng tự nhiên, có thể thay lõi. Dòng đồng hồ tăng 121% so với 2020 và 80% so với 2019, cho thấy kỹ thuật chế tác đỉnh cao và sự sáng tạo trong mỗi thiết kế, nổi bật là H08 - mẫu nam với cấu trúc hình vuông bo tròn, sành điệu nhưng vẫn mạnh mẽ. Doanh thu toàn cầu và ra mắt loạt cửa hàng Trong nửa đầu năm 2021, nhờ đà tăng của quý I, tất cả khu vực trên thế giới đều có doanh thu khả quan, nhất là sự tăng tốc tại Mỹ và phục hồi nhanh ở châu Âu. Doanh thu từ các cửa hàng của tập đoàn tăng 81% (theo tỷ giá hối đoái không đổi so với năm ngoái) và 41% so với năm 2019. Mạng lưới phân phối tiếp tục mở rộng, cả kênh online hay điểm bán trực tiếp. Hoạt động bán buôn tăng trưởng trở lại (46%) dù còn nhiều hạn chế khi không có khách du lịch. Doanh số sáu tháng đầu năm 2021 ở châu Á (không tính tại Nhật Bản) tăng 87% so với cùng kỳ năm 2020 và 70% so với 2019 nhờ hưởng lợi từ sự năng động của khu vực. Doanh thu tốt tại Trung Quốc đại lục, Singapore và Thái Lan, bất chấp những hạn chế tại một số nơi trong quý II. Một cửa hàng khai trương trong tháng 4 tại Macao, các cửa hàng tại China World (Bắc Kinh, Trung Quốc) và Brisbane (Australia) đồng loạt mở cửa trở lại sau cải tạo và mở rộng. Hồi tháng 6, lần đầu tiên sự kiện HermèsFit giới thiệu phụ kiện thời trang của Hermès tại Thành Đô, Trung Quốc. Nhật Bản tăng 59% so với sáu tháng đầu năm 2020 và 22% so với 2019 nhờ lượng khách trung thành, dù nước này áp dụng nhiều biện pháp giới hạn phòng dịch. Cửa hàng mới tại Omotesando, Tokyo tiếp tục gặt hái thành công sau khi khai trương vào tháng 2. Châu Mỹ tăng tốc trong quý II, đạt doanh số sáu tháng đầu năm 2021 tăng 115% so với cùng kỳ năm 2020 và 25% so với cùng kỳ năm 2019. Cửa hàng tại Troy (gần Detroit, Mỹ) nằm trong khu vực giàu tính lịch sử, mở cửa từ đầu tháng 6. Khu vực châu Âu (không bao gồm Pháp) ở mức tăng 52% so với năm 2020 và -3% so với 2019. Còn Pháp chỉ đạt mức tăng lần lượt 35% và -16% do khách du lịch giảm. Doanh số này phần nào được bù đắp bởi lượng khách trung thành tại địa phương và mua hàng trực tuyến. Sau cải tạo và mở rộng, cửa hàng tại Zurich (Đức) đã mở cửa trở lại vào tháng 5, trong một tòa nhà nằm ngay trung tâm văn hóa và tài chính của thành phố. Đại diện của Hermès cho hay năm 2021 sẽ giống \"một chương mới của hành trình phát triển, có niềm tin vào tương lai và tâm thế vững vàng đối mặt với sự bất ổn của thế giới\". \"Chúng tôi luôn gìn giữ giá trị nguyên bản cùng mô hình kinh doanh đặc biệt, kiên trì theo đuổi chiến lược phát triển dài hạn cũng như kế hoạch truyền thông độc đáo. Từ đó tạo vị thế độc tôn trong làng thời trang và các ngành hàng xa xỉ toàn cầu\", đại diện hãng nói thêm. Tại Việt Nam, thương hiệu Hermès được phân phối chính hãng bởi Công ty Quốc tế Tam Sơn. "
}