{
    "url": "https://vnexpress.net/ung-dung-hoc-tap-qanda-goi-von-thanh-cong-50-trieu-usd-series-c-4303401.html",
    "label": "DoanhNghiep",
    "timestamp": "Thứ hai, 5/7/2021, 08:00 (GMT+7)",
    "title": "Ứng dụng học tập QANDA gọi vốn thành công 50 triệu USD Series C",
    "content": "Vòng Series C có thêm sự tham gia của GGV Capital, Yellowdog, Goodwater Capital, KDB và SKS Private Equity. Ngoài bốn nhà đầu tư mới, trước đó những nhà đầu tư bao gồm SoftBank Ventures Asia, Legend Capital, Mirae Asset Venture Investment và Smilegate Investment cũng tham gia vòng gọi vốn đầu tư này. Vòng gọi vốn này đánh dấu khoản đầu tư đầu tiên của GGV vào một công ty khởi nghiệp có trụ sở tại Hàn Quốc. Với việc đặt \"edtech\" - công nghệ giáo dục làm trọng tâm trong chiến lược đầu tư toàn cầu, GGV cũng đã đầu tư vào một số công ty edtech khác như Zuoyebang. Mathpresso thành lập tại Seoul năm 2015 bởi đồng Giám đốc điều hành Ray Lee và Jake Lee, với sản phẩm là QANDA, một ứng dụng học tập dành cho học sinh từ lớp một đến lớp 12. Năm 2017, ứng dụng này đã áp dụng tính năng quét nhận dạng ký tự quang học (OCR) dựa trên AI để tìm kiếm câu trả lời trong 5 giây. Ứng dụng hiện được sử dụng bởi hơn 9,8 triệu người dùng hàng tháng từ hơn 50 quốc gia, tăng gấp 5 lần kể từ năm 2020. Với hơn 5 triệu lượt tải xuống chỉ tính riêng tại Việt Nam, QANDA cho thấy sự hiện diện mạnh mẽ đối với giáo dục cá nhân hóa từ học sinh Việt Nam. Cũng theo đại diện Mathpresso, hơn 80% người dùng ứng dụng này hiện ở ngoài khu vực Hàn Quốc, với nền tảng người dùng mạnh nhất bao gồm Nhật Bản, Việt Nam, Indonesia và Thái Lan. Hàn Quốc là một trong những nơi có mức chi tiêu mạnh tay nhất cho giáo dục và là một trong những quốc gia có tỷ lệ người biết chữ cao nhất trên thế giới. \"Kể từ khi trường học phải ngừng hoạt động vào tháng 4/2020 do dịch bệnh, việc học trực tuyến nổi lên như một hình thức học tập mới với số lượng người dùng hoạt động hàng tháng của QANDA tăng vọt gấp 5 lần\", đại diện công ty cho hay. Áp dụng nội dung học tập tiên tiến và hệ thống dạy kèm sau giờ học của Hàn Quốc cho thị trường toàn cầu, Mathpresso có kế hoạch phát triển một nền tảng giáo dục đa dạng với nội dung được cá nhân hóa phù hợp với trình độ học tập của từng người dùng. Một mô hình đăng ký trả phí để được cung cấp các bài giảng video nhỏ đã được ra mắt tại Hàn Quốc vào tháng ba năm nay. Giám đốc điều hành Ray Lee đã mô tả sứ mệnh của công ty là \"phân đoạn và kết nối tất cả nội dung giáo dục trên thế giới\" nhằm xây dựng một nền tảng học tập được cá nhân hóa mạnh mẽ, hỗ trợ bởi các thuật toán luôn đề xuất liền mạch. Công ty cũng đã có những thương vụ đầu tư mạo hiểm vào lĩnh vực học offline và xuất bản sách để tối ưu hóa trải nghiệm học tập trên tất cả các phương diện. Trung tâm QANDA Study hợp tác với giáo viên để nâng cao chất lượng các lớp học và mang đến trải nghiệm tốt hơn cho học sinh, đồng thời xuất bản và phân phối các đầu sách chất lượng, củng cố giá trị của trung tâm là một tổ hợp giáo dục chất lượng cao. Trung tâm cũng đã xuất bản bộ sách luyện thi Toán kết hợp công nghệ AI: Ôn luyện kiến thức vào lớp 10 môn Toán (Phiên bản đặc biệt) và ôn luyện thi tốt nghiệp THPT môn Toán (Phiên bản đặc biệt). Với khoản đầu tư ở Series C, Mathpresso có kế hoạch củng cố nâng cao các kỹ thuật thuật toán đề xuất dựa trên AI và phát triển các mô hình kinh doanh địa phương hóa cho các chi nhánh của mình ở khu vực Indonesia và Thái Lan. Giám đốc điều hành Jake Lee chia sẻ: \"Từ trước đến nay, việc được hưởng nền giáo dục chất lượng chỉ luôn dành cho một số ít học sinh có điều kiện. Mong muốn phá bỏ các rào cản đối với giáo dục thông qua công nghệ chính là mục tiêu của chúng tôi. Trong tương lai, chúng tôi mong rằng bất kỳ ai cũng nên và sẽ có thể tiếp cận được nền giáo dục chất lượng được xây dựng dành riêng cho họ \". Bàn về tầm nhìn của công ty, giám đốc điều hành Jake Lee cho biết, từ trước đến nay, việc được hưởng nền giáo dục chất lượng chỉ luôn dành cho một số ít học sinh có điều kiện. Mong muốn phá bỏ các rào cản đối với giáo dục thông qua công nghệ chính là mục tiêu của công ty. Trong tương lai, QANDA mong rằng bất kỳ ai cũng nên và sẽ có thể tiếp cận được nền giáo dục chất lượng được xây dựng dành riêng cho họ. QANDA, viết tắt của \"Q\" và \"A\", là một ứng dụng dành cho thiết bị di động cho phép học sinh ở mọi khối lớp nhận được câu trả lời gần như tức thì và tiếp cận các nguồn học tập đa dạng. QANDA nhận dạng văn bản và công thức toán học từ ảnh chụp bằng công nghệ nhận dạng ký tự quang học (OCR). Được hỗ trợ bởi hơn 2,4 tỷ dữ liệu lời giải và công cụ tìm kiếm tự phát triển, ứng dụng cung cấp lời giải cho câu hỏi của học sinh với độ chính xác cao. Ứng dụng hiện cung cấp 7 ngôn ngữ - tiếng Hàn, tiếng Anh, tiếng Tây Ban Nha, tiếng Nhật, tiếng Việt, tiếng Indonesia và tiếng Thái. Liên hệ: Van Vu, Vietnam Operations Manager\nĐT: +84967493996\nEmail: van.vu@mathpresso.com "
}