{
    "url": "https://vnexpress.net/lam-gi-de-gan-ket-nhan-vien-nhung-khong-vuot-ranh-gioi-rieng-tu-4332262.html",
    "label": "DoanhNghiep",
    "timestamp": "Thứ năm, 29/7/2021, 14:00 (GMT+7)",
    "title": "Làm gì để gắn kết nhân viên nhưng không vượt ranh giới riêng tư",
    "content": "Trong một cuộc khảo sát được FlexJobs tiến hành trên 7.000 nhân viên năm 2019, 65% người tham gia cho biết làm việc tại nhà có hiệu suất cao hơn vì không bị làm phiền bởi những việc mang tính xã giao nơi công sở. Tuy nhiên, làm sao để cân bằng giữa hiệu suất và gắn kết, và gắn kết nhưng không vượt qua ranh giới riêng tư là câu hỏi thách thức sự khéo léo của người làm nhân sự. 'Xa mặt' nhưng không 'cách lòng' Trước khi mô hình làm việc từ xa (WFH) trở nên phổ biến, nhân sự hiếm khi nhìn thấy sếp và đồng nghiệp trong dáng vẻ thường ngày thay vì một hình mẫu nghiêm túc, chuyên nghiệp trong lúc làm việc. Mô hình làm việc từ xa hay làm việc tại nhà đem đến một góc nhìn mới mẻ về những người đồng nghiệp, trong một không gian có đầy cá tính như một căn phòng dán đầy hình ảnh ngôi sao ca nhạc của người sếp \"mặt lạnh\", hay người tiền bối khi đi làm lúc nào cũng trang điểm chỉnh tề, nay lại vô tư \"khoe mặt mộc\" trong những buổi họp nội bộ. Thông qua những nỗ lực tăng cường tương tác qua hình thức gọi video từ nhà quản trị, nhân viên được tăng cảm giác kết nối với đồng nghiệp hay thậm chí có thể chia sẻ những câu chuyện đời thường mà họ chẳng thể kể ra ở nơi công sở. Điều này góp phần vơi bớt cảm giác cô đơn của nhân viên - một trong những \"thử thách\" lớn nhất khi làm việc tại nhà, theo một cuộc khảo sát của Buffer. Tuy nhiên, \"thân thôi đừng thân quá\" là khuyến nghị được nhiều chuyên gia chia sẻ. Tờ Forbes cho biết, nếu không khéo léo, việc xóa nhòa lằn ranh công việc - cuộc sống cũng có thể khiến nhân viên cảm thấy kiệt sức. Thử thách đặt ra cho những nhà quản trị nhân sự không chỉ dừng lại ở chỗ thắt chặt gắn kết \"mùa\" WFH, mà còn phải đảm bảo việc chia sẻ những khoảnh khắc cá nhân nhằm mục tiêu gắn kết không vượt ra khỏi ranh giới mỏng manh giữa cuộc sống riêng và tập thể. Cân bằng giữa gắn kết và riêng tư  Những hướng dẫn bồi đắp văn hoá gắn kết có thể được tìm kiếm dễ dàng trên Internet. Trong hơn 50 triệu kết quả của Google, dễ dàng nhận thấy giao tiếp qua video là phương án nổi bật. Tuy nhiên trên thực tế, nhiều nhân viên cảm thấy không thoải mái phơi bày cuộc sống cá nhân trước đồng nghiệp. Trong những trường hợp đó, người quản trị cần thử nghiệm thêm nhiều phương pháp mới để khuyến khích nhân viên cởi mở hơn, nhưng vẫn không vượt qua những giới hạn mang tính riêng tư. Dưới đây là một số hoạt động mà bà Tiêu Yến Trinh - CEO Công ty tư vấn nhân sự Talentent gợi ý cho nhà quản trị. - Cuộc gọi có chủ đề vào chiều thứ sáu Khi làm việc ở công sở, chiều thứ sáu là lúc tập thể công ty thường cùng nhau thư giãn sau một tuần làm việc. Khi làm việc tại nhà, tuy không thể cùng nhau đi chơi, ăn uống, cả công ty có thể họp mặt qua các nền tảng hội họp online để chia sẻ thêm về sở thích cá nhân, càng tốt hơn nếu những buổi họp đó có thêm sự góp mặt của một ly rượu vang hoặc một lon bia mát lạnh. Một buổi trong một tuần mở camera để giao tiếp có thể vừa xoa dịu được sự bức bối của những nhân viên khao khát gắn kết, vừa không khiến nhóm nhân viên khép mình cảm thấy quá sức. - Buổi tổng kết khen thưởng trực tuyến Theo một khảo sát của Career Builder, 78% người lao động nói rằng nếu họ được nhìn nhận tốt bởi sếp, họ sẽ có động lực hơn trong công việc. Trong thời điểm WFH, những hoạt động khen thưởng đối với nhân viên không chỉ có tác dụng khích lệ tinh thần nhân viên mà còn giúp nâng cao mức độ gắn kết giữa nhân viên. - Thường xuyên khảo sát mức độ gắn kết Việc gắn kết phải xuất phát từ hai phía, nhà quản trị và nhân viên cần phải lắng nghe được \"tiếng lòng\" của nhau và cùng tìm ra giải pháp. Trong mùa dịch, những cuộc khảo sát ý kiến với câu hỏi mở là một giải pháp được nhiều doanh nghiệp áp dụng nhằm tìm hiểu mong muốn từ phía nhân viên, để từ đó điều chỉnh cách thức quản lý nếu cần thiết. - Không nên đánh đồng giữa gắn kết và giám sát 24/7 Khi triển khai các chính sách bồi đắp gắn kết, nếu không cẩn thận, việc thúc đẩy gắn kết lại nhen nhóm trong người lao động cảm giác bị xâm phạm đời tư. Thực tế, nhiều số liệu đã chỉ ra sự quan tâm quá mức của công ty với người lao động có thể gây tác dụng ngược. Năm 2018, Gartner công bố 50% trong tổng số 239 tập đoàn lớn tham gia khảo sát có phương thức giám sát nội dung email, tài khoản mạng xã hội và danh sách những người mà nhân viên tiếp xúc. Đây là thông tin không mấy vui vẻ với đội ngũ nhân viên. Vì vậy, thay cho những công cụ mang tính giám sát, người quản lý được khuyến nghị nên thắt chặt gắn kết với nhân viên thông qua những mục tiêu mang tính tập thể như KPI chung, đồng thời đảm bảo minh bạch trong những chính sách quản lí người lao động. Bên cạnh đó, những cuộc gọi video nhằm mục tiêu kết nối sẽ chỉ có tác dụng khi không chiếm dụng vào quỹ thời gian cá nhân của nhân viên. Chia sẻ thêm về điều này, bà Tiêu Yến Trinh, CEO Công ty Talentnet chia sẻ, văn hóa gắn kết không nhằm mục đích làm mất ranh giới giữa cá nhân và tập thể mà để giúp tăng niềm tin và sự trung thành của nhân viên với doanh nghiệp. \"Gắn kết mà không mất tự do, cởi mở mà không mất kiểm soát, quá đà. Khi đó, nhân viên mới có thể dốc hết tâm sức cho công việc\", bà Tiêu Yến Trinh nói. Văn hóa gắn kết đã được chứng minh có thể mang lại kết quả kinh doanh khả quan và xa hơn, góp phần hiện thực hóa tầm nhìn xây dựng một đội ngũ đủ mạnh mẽ, vững vàng. Tuy nhiên, xây dựng văn hóa gắn kết không phải việc một sớm một chiều mà cần được đầu tư lâu dài, cùng với sự nỗ lực của cả doanh nghiệp và nhân viên. \"Khi mọi người thực sự cùng chèo chung một con thuyền, doanh nghiệp sẽ sớm ngày cập bến vùng đất hứa\", đại diện Talentnet khẳng định. "
}