{
    "url": "https://vnexpress.net/hoa-phat-ban-thep-tang-tro-lai-4337921.html",
    "label": "DoanhNghiep",
    "timestamp": "Thứ hai, 9/8/2021, 16:32 (GMT+7)",
    "title": "Hoà Phát bán thép tăng trở lại",
    "content": "Số liệu sản xuất và bán hàng trong tháng 7 của Hòa Phát cho thấy, sản lượng sản xuất thép thô của Hòa Phát đạt 700.000 tấn, tăng 70% so với cùng kỳ. Sản lượng bán hàng các sản phẩm thép đạt 600.000 tấn. Trong đó, thép xây dựng là 363.000 tấn, tăng 58% so với tháng 6 và 21% so với cùng kỳ. Thép cuộn cán nóng là 160.000 tấn, còn lại là ống thép và tôn mạ. Tuy sản lượng bán hàng của Hoà Phát tăng trong tháng 7 sau 3 tháng giảm liên tiếp, nhưng vẫn cách xa mức sản lượng \"đỉnh\" vào tháng 3, với 1 triệu tấn thép các loại trong một tháng. Doanh nghiệp này cho biết, nhiều địa phương thực hiện giãn cách xã hội, nhưng các công trình đầu tư công trọng điểm (cầu đường, sân bay, bệnh viện...) vẫn thi công, nên thép xây dựng Hòa Phát vẫn đạt mức sản lượng khả quan trong tháng 7. Tính chung hoạt động bán hàng ở khu vực phía Bắc tăng 50%, miền Trung tăng 21% so với cùng kỳ năm trước. Lũy kế 7 tháng đầu năm, tập đoàn này sản xuất gần 4,8 triệu tấn thép thô, tăng 58% so với cùng kỳ 2020. Sản lượng bán hàng các sản phẩm thép đạt 4,9 triệu tấn, tăng 64%. Trong đó, thép xây dựng là 2,2 triệu tấn, tăng 46%. Thép cuộn cán nóng (HRC) đạt gần 1,5 triệu tấn. Với các sản phẩm hạ nguồn HRC, ống thép Hòa Phát đã cho ra thị trường 419.000 tấn, tương đương cùng kỳ. Sản phẩm tôn mạ ghi nhận mức tăng trưởng tốt nhất khi đạt 188.000 tấn, gấp 2,7 lần so với 7 tháng đầu năm 2020. Trước đó, theo kết quả kinh doanh quý II, Hoà Phát đạt doanh thu 35.400 tỷ, lãi ròng 9.745 tỷ đồng. Con số này là mức lợi nhuận theo quý cao nhất của Hòa Phát từ trước đến nay và gấp hơn ba lần cùng kỳ năm 2020. Lũy kế 6 tháng đầu năm, nhà sản xuất thép đứng đầu thị trường ghi nhận doanh thu gần 66.900 tỷ đồng, tăng 67%. Lợi nhuận sau thuế hơn 16.700 tỷ đồng, gấp ba lần cùng kỳ. "
}