{
    "url": "https://vnexpress.net/hiep-hoi-my-de-nghi-uu-tien-vaccine-cho-lao-dong-nong-nghiep-4335748.html",
    "label": "DoanhNghiep",
    "timestamp": "Thứ tư, 4/8/2021, 20:45 (GMT+7)",
    "title": "Hiệp hội Mỹ đề nghị ưu tiên vaccine cho lao động nông nghiệp",
    "content": "Thông qua Hiệp hội Điều Việt Nam (Vinacas), Chủ tịch Hiệp hội Công nghiệp Thực phẩm Mỹ (AFI) Bob Bauer vừa gửi thư cho Thủ tướng Việt Nam Phạm Minh Chính. Trong thư, ông Bob Bauer cho biết, hiệp hội có khoảng 1.000 công ty thành viên với nòng cốt là những nhà nhập khẩu thực phẩm Mỹ và các đối tác nước ngoài xuất khẩu thực phẩm sang Mỹ. Một số doanh nghiệp Việt Nam đang là thành viên của AFI và nhiều thành viên AFI ở Mỹ đang nhập khẩu sản phẩm từ Việt Nam. Theo AFI, hạt điều là một mặt hàng đặc biệt quan trọng với nhiều thành viên. Do đó, AFI mong Chính phủ Việt Nam ưu tiên phân phối vaccine tới lao động, công nhân sản xuất nông nghiệp và chế biến thực phẩm ở Việt Nam, đặc biệt là ngành điều. Triển khai tiêm vaccine, là một trong những việc sẽ giúp Việt Nam giữ vị trí dẫn đầu trong ngành, một vị trí mà \"nếu mất đi, có thể sẽ không bao giờ được lấy lại\", theo AFI. Ông Phạm Văn Công, Chủ tịch Hiệp hội Điều Việt Nam (Vinacas) cho biết, dịch diễn biến phức tạp, khiến nguồn cung hạt điều cho Mỹ và thị trường thế giới có nguy cơ gián đoạn. Vinacas một lần nữa đề nghị Thủ tướng và các bộ liên quan ưu tiên cho người lao động ngành điều được tiêm vaccine. Theo số liệu thống kê, xuất khẩu nhân điều của Việt Nam đứng đầu thế giới suốt 16 năm qua (từ 2005 cho đến nay). Hiện, Việt Nam chiếm 80% xuất khẩu nhân điều trên thế giới, trong đó thị trường Mỹ chiếm 30%. "
}