{
    "url": "https://vnexpress.net/sap-ket-thuc-dot-dang-ky-thu-3-cua-trien-lam-nong-nghiep-thuc-te-ao-4332799.html",
    "label": "DoanhNghiep",
    "timestamp": "Thứ sáu, 30/7/2021, 14:53 (GMT+7)",
    "title": "Sắp kết thúc đợt đăng ký thứ 3 của Triển lãm Nông nghiệp thực tế ảo",
    "content": "Độc giả tham quan triển lãm tại đây Trong đợt ba này, bên cạnh những ưu đãi hiện có, ban tổ chức sẽ mở thêm Chương trình kích cầu Nông nghiệp nhằm giúp doanh nghiệp tăng cơ hội tiếp cận khách hàng và kích cầu mua sắm. Cụ thể, khi doanh nghiệp đăng ký tham gia các chương trình giảm giá ưu đãi cho khách hàng mua sắm, các buổi chia sẻ, livestream bán hàng trong khuôn khổ Chương trình kích cầu Nông nghiệp, sẽ có cơ hội quảng bá thương hiệu trong các tuyến bài và các kênh truyền thông, được hỗ trợ tiếp sóng livestream trên các nền tảng online của sự kiện. Ngoài ra, ban tổ chức cũng đặc biệt hỗ trợ các gian hàng tổ chức những buổi chia sẻ trực tuyến bàn về chủ đề liên quan đến lĩnh vực nông nghiệp và sản phẩm của doanh nghiệp. Về mức giá của các gian hàng, ban tổ chức quyết định giữ nguyên. Dưới đây là mức giá các gian hàng tại Triển lãm Nông nghiệp thực tế ảo: Sau ba đợt mở cổng, ban tổ chức nhận được hơn 200 đơn đăng ký tham gia diễn đàn với 18 gian hàng đạt đủ các tiêu chí để lên kệ. Các gian hàng mới trong đợt này như Gia vị Việt Ấn của Vianco, Công ty CP Thành Thành Công Biên Hòa với các sản phẩm đường sạch Biên Hòa... Nhiều gian hàng khác đang trong quá trình nhập dữ liệu để lên kệ trong thời gian sắp tới. Đặc biệt, nhằm đáp ứng được nhu cầu triển lãm, kết nối, thương mại, đưa lên tiếng nói của doanh nghiệp và vượt qua mọi ranh giới của thiên tai, dịch bệnh, lãnh thổ, ban tổ chức đang có kế hoạch mở rộng triển lãm ra thị trường quốc tế. Triển lãm Nông nghiệp thực tế ảo, thuộc khuôn khổ của diễn đàn Chuyển đổi số Nông nghiệp Việt Nam do VnExpress phối hợp với Hiệp hội Nông nghiệp số Việt Nam (VIDA) tổ chức, bắt đầu từ 8h ngày 28/6 trên nền tảng VnExpress. Triển lãm được bài trí theo phong cách hiện đại với nhiều tiện tích như giới thiệu tổng quan về doanh nghiệp, gắn link website, link web VR, video/hình ảnh giới thiệu về công ty. Doanh nghiệp và khách hàng có thể tương tác trực tiếp bằng cách chat, email để thuận tiện trong việc kết nối đầu tư, thương mại hoá. Trang triển lãm dự kiến thu hút 200.000 khách tham quan và tương tác, mua sắm trực tiếp, giúp doanh nghiệp tháo gỡ khó khăn do ảnh hưởng của dịch bệnh. Đặc biệt, kết thúc sự kiện, triển lãm thực tế ảo sẽ giúp doanh nghiệp xem xét thống kê chuyên sâu về khách hàng hiện hữu, khách hàng tiềm năng, sản phẩm được thị trường quan tâm nhất. Ngoài ra, kể từ khi chính thức lên kệ, gian hàng được trưng bày triển lãm trong vòng hai tháng, sau đó có thể duy trì gian hàng với phí duy trì 500.000 đồng một tháng. Diễn đàn Chuyển đổi số Nông nghiệp Việt Nam có quy mô quốc gia, quốc tế, để thảo luận các vấn đề then chốt, chiến lược về nông nghiệp của Việt Nam đặt trong bối cảnh khu vực và thế giới. Doanh nghiệp quan tâm đăng ký tham dự tại đây. "
}