{
    "url": "https://vnexpress.net/bechtel-tham-gia-thiet-ke-feed-cho-nha-may-dien-khi-tu-nhien-hoa-long-bac-lieu-4325379.html",
    "label": "DoanhNghiep",
    "timestamp": "Thứ tư, 21/7/2021, 08:00 (GMT+7)",
    "title": "Bechtel tham gia thiết kế FEED cho nhà máy điện khí tự nhiên hóa lỏng Bạc Liêu",
    "content": "Theo đại diện của Delta Offshore Energy, khi đi vào vận hành, nhà máy sẽ hỗ trợ việc mở rộng nền tảng công nghiệp cho khu vực miền Nam Việt Nam. Nhà máy gồm bốn tuabin khí trục đơn thế hệ H, được kỳ vọng sẽ trở thành nguồn cung năng lượng chủ chốt cho vùng Đồng bằng sông Cửu Long và được xác định là một trọng tâm của quá trình phát triển kinh tế trong khu vực. \"Nhà máy điện này sẽ góp phần thay đổi diện mạo của tỉnh Bạc Liêu\", ông Scott Osborne, Tổng giám đốc phụ trách Cơ sở hạ tầng, khu vực châu Á - Thái Bình Dương của Bechtel nhận định. Trong khi đó, ông Bobby Quintos, Đồng sáng lập và Giám đốc điều hành của Delta Offshore Energy cho biết, Bechtel là một tập đoàn uy tín trên thế giới chuyên cung cấp các dịch vụ kỹ thuật, mua sắm và quản lý các dự án hạ tầng quy mô lớn như nhà máy điện 3.200 MW. Sự tham gia của Bechtel vào dự án này sẽ đảm bảo xây dựng cho Đồng bằng sông Cửu Long một nhà máy điện với chất lượng tốt giúp cung cấp nguồn năng lượng ổn định trong 25 năm tới. Ông Ian Nguyễn, Đồng sáng lập và Giám đốc Điều hành của Delta Offshore Energy cũng chia sẻ, tỉnh Bạc Liêu đã sẵn sàng cho quá trình phát triển và chính quyền các cấp cũng đã cho thấy sự cởi mở, sẵn sàng tiếp nhận các các công nghệ tiên tiến. Với Dự án Điện khí tự nhiên hóa lỏng này, tỉnh Bạc Liêu sẽ phát triển thành một cửa ngõ quan trọng, mở ra những thay đổi mới cho khu vực Đồng bằng sông Cửu Long. Hiện nay, tỉnh Bạc Liêu cũng đang tích cực xây dựng các nhà máy hiện đại và hệ thống cơ sở hạ tầng quan trọng, bao gồm đường sá, cầu cống, trường học, bệnh viện, để nâng cao đời sống cộng đồng và hướng tới trở thành một trung tâm công nghiệp trong những năm tới theo kế hoạch đã đặt ra. Song song với việc chuẩn bị thiết kế FEED (Front End Engineering Design - Thiết kế tiền cơ sở) cho hệ thống tuabin khí chu trình hỗn hợp, Công ty Delta Offshore Energy cũng đang triển khai thiết kế FEED cho trạm tiếp nhận khí LNG nổi ngoài khơi, đàm phán các điều khoản trong Hợp đồng Mua bán điện (PPA) với Tập đoàn Điện lực Việt Nam (EVN) và triển khai các hạng mục chuẩn bị mặt bằng cho Dự án. Tập đoàn Bechtel là đối tác kỹ thuật, xây dựng và quản lý dự án được nhiều ngành công nghiệp và chính phủ trên thế giới tin cậy. Từ năm 1898, Bechtel đã giúp hoàn thiện hơn 25.000 dự án tại 160 quốc gia trên bảy châu lục, góp phần tạo thêm công ăn việc làm, tăng trưởng kinh tế và cải thiện chất lượng cơ sở hạ tầng trên toàn thế giới; đồng thời mang đến cơ hội tiếp cận với năng lượng, tài nguyên và các dịch vụ thiết yếu cho nhiều người dân. Bechtel hoạt động chủ yếu trong các lĩnh vực năng lượng, cơ sở hạ tầng, hạt nhân, an ninh và môi trường, khai khoáng và kim loại. Tập đoàn này cung cấp các dịch vụ từ quá trình lập kế hoạch và đầu tư ban đầu cho đến giai đoạn khởi động và vận hành. Delta Offshore Energy PTE (DOE) là công ty chuyên phát triển các dự án năng lượng sạch được đăng ký thành lập tại Singapore với hệ thống các văn phòng đại diện đặt tại Singapore, Hà Nội và Houston (Mỹ). Công ty là chủ đầu tư của Dự án nhà máy điện khí tự nhiên hóa lỏng (LNG) Bạc Liêu - dự án có công suất 3,2 GW đã được đưa vào Quy hoạch phát triển điện lực VII điều chỉnh của Việt Nam. Tháng 1/2020, DOE đã nhận được Quyết định chủ trương đầu tư và Giấy chứng nhận đầu tư để trở thành nhà đầu tư của dự án FDI có quy mô lớn tại Việt Nam. Nhà máy nhiệt điện LNG được phê duyệt theo hình thức IPP do tư nhân đầu tư 100% tại Việt Nam. "
}