{
    "url": "https://vnexpress.net/giai-phap-xay-nha-tron-goi-ngay-cang-duoc-ua-chuong-4331419.html",
    "label": "DoanhNghiep",
    "timestamp": "Thứ năm, 29/7/2021, 08:00 (GMT+7)",
    "title": "Giải pháp xây nhà trọn gói ngày càng được ưa chuộng",
    "content": "Nhịp sống hiện đại, bận rộn ngày nay khiến nhiều gia đình không có thời gian để tìm hiểu thiết kế, lựa chọn đội thợ và nguồn cung cấp vật liệu xây dựng chất lượng. Hơn nữa, nhiều gia chủ cũng không có đủ thời gian và chuyên môn để thường xuyên giám sát chất lượng công trình. Bên cạnh đó, biến động của thị trường vật liệu xây dựng khiến việc xây nhà gặp nhiều khó khăn. Tính riêng 6 tháng đầu năm 2021, giá sắt thép trong nước đã tăng 40 - 50% khiến chi phí xây dựng đội lên, nhiều nhà thầu rơi vào cảnh đang có lời hóa ra lỗ, bỏ dở công trình vì không gồng nổi chi phí. Nhiều gia đình không biết lựa chọn đơn vị xây dựng nào uy tín và chất lượng. Trong bối cảnh đó, xây nhà trọn gói được nhiều người ưa chuộng. Đây là hình thức thuê một nhà thầu phụ trách toàn bộ công việc từ khi khảo sát, thiết kế đến tìm kiếm nhân công, vật tư và thi công hoàn thiện công trình. Sau khi hoàn thành công trình, chủ đầu tư chỉ cần dọn đồ vào là có thể sinh sống, làm việc tại nhà mới. Ưu điểm của dịch vụ này là chủ nhà không cần làm việc với nhiều đơn vị để thực hiện từng công đoạn như đổ móng, xây trát, đổ trần, sơn bả, hoàn thiện hệ thống điện nước... Sử dụng dịch vụ xây nhà trọn gói, gia chủ chỉ cần giao trách nhiệm cho một nhà thầu phụ trách mọi công đoạn, từ khi đưa ra phương án thiết kế, tìm kiếm đội thợ, lựa chọn các nguyên vật liệu cho đến khi bàn giao công trình. Điều này giúp quá trình thi công thuận lợi hơn, không phát sinh chi phí do sai lệch giữa thiết kế và thi công hay do giá cả vật liệu tăng mạnh, đồng thời, đẩy nhanh tiến độ thực hiện công trình. Tuy nhiên, việc lựa chọn nhà trọn gói đảm bảo chất lượng cũng không hề dễ dàng. Theo số liệu của tổng cục Thống kê, năm 2020, ngành xây dựng tăng trưởng 6,76%, số doanh nghiệp thành lập mới của ngành xây dựng liên tục tăng, số lượng đạt 17.080 doanh nghiệp và hàng trăm đơn vị nhỏ lẻ. Đáp ứng nhu cầu của thị trường, VCCHomes - thương hiệu xây dựng trọn gói thuộc Tổng Công ty Cổ phần Công trình Viettel, với hơn 26 năm kinh nghiệm trong lĩnh vực xây lắp, triển khai thi công hàng trăm công trình biệt thự và nhà ở đơn lẻ trên khắp cả nước liên tục đổi mới để phục vụ khách hàng. Bên cạnh đó, doanh nghiệp có đội ngũ nhân sự trên khắp 63 tỉnh thành, được đào tạo bài bản, có tính kỷ luật và thực thi cao. Với kinh nghiệm nhiều năm trong nghề, các kỹ sư của VCCHomes sẽ đưa ra phương án thiết kế, thi công phù hợp với mong muốn, nguyện vọng của chủ đầu tư, vừa thẩm mỹ, vừa đảm bảo chất lượng kỹ thuật. Dịch vụ của công ty cũng được nhiều khách hàng khắp cả nước đánh giá cao. \"Các mẫu nhà rất đẹp mà giá cả phải chăng. Gia đình tôi đã xây xong và rất hài lòng khi về ở\", anh Vinh, một khách hàng sử dụng dịch vụ xây nhà trọn gói của Công trình Viettel chia sẻ. Tâm Anh "
}