{
    "url": "https://vnexpress.net/vnpt-epay-nhan-chung-chi-tieu-chuan-bao-mat-pci-dss-cap-cao-nhat-4309564.html",
    "label": "DoanhNghiep",
    "timestamp": "Thứ hai, 19/7/2021, 09:00 (GMT+7)",
    "title": "VNPT EPAY nhận chứng chỉ tiêu chuẩn bảo mật PCI DSS cấp cao nhất",
    "content": "Ngày 5/7, VNPT EPAY công bố chính thức nhận chứng chỉ bảo mật Quốc tế cấp cao nhất (Level 1) của nhà cung cấp dịch vụ (Service Provider) theo tiêu chuẩn bảo mật PCI DSS. Sau ba năm kể từ chứng nhận đầu tiên vào năm 2018, VNPT EPAY đã nâng cấp hệ thống bảo mật để vươn lên đạt cấp độ cao nhất của Chứng chỉ. PCI DSS (Payment Card Industry Data Security Standard) là tiêu chuẩn bảo mật nhằm đảm bảo an ninh cho dữ liệu của thẻ thanh toán, được xác lập bởi Hội đồng Tiêu chuẩn Bảo mật (PCI SSC, Payment Card Information Security Standards Council), gồm năm thành viên là các tổ chức: Visa, MasterCard, American Express, Discover Financial Services, JCB International. Đây là chứng chỉ tiêu chuẩn bảo mật dữ liệu Quốc tế cần thiết cho các doanh nghiệp kinh doanh dịch vụ tài chính và fintech, nhằm tăng cường bảo mật thông tin tại các tổ chức Thẻ tín dụng Quốc tế. Theo ông Woo Jin Jae, Giám đốc kỹ thuật (CTO) của VNPT EPAY, việc thông qua kiểm tra chặt chẽ của các cơ quan Quốc tế đã chứng minh mô hình kinh doanh bao gồm hệ thống thanh toán và dịch vụ của công ty đạt tiêu chuẩn hệ thống bảo mật thông tin quốc tế cao nhất. \"Với tư cách là một trong những công ty trung gian thanh toán tiêu biểu tại Việt Nam, chúng tôi cam kết sẽ nỗ lực không ngừng nhằm cung cấp những dịch vụ an toàn và bảo mật thông tin khách hàng\", vị CTO cho biết. Với hơn 10 triệu giao dịch được xử lý hàng tháng, đạt sản lượng 7.000 tỷ đồng (tương đương 350 tỷ won) VNPT EPAY hiện là một trong những đơn vị dẫn đầu thị trường với dịch vụ PG (Payment Gateway) tiên tiến và khác biệt đúng với khẩu hiệu \"One Connection - All Payments\" mà công ty đã đề ra. "
}