{
    "url": "https://vnexpress.net/fwd-trien-khai-phuc-loi-tron-doi-cho-tu-van-tai-chinh-4334600.html",
    "label": "DoanhNghiep",
    "timestamp": "Thứ năm, 5/8/2021, 08:00 (GMT+7)",
    "title": "FWD triển khai 'Phúc lợi trọn đời' cho tư vấn tài chính",
    "content": "Nhằm ghi nhận đóng góp to lớn của các tư vấn tài chính xuất sắc trong phát triển và xây dựng đội ngũ, Bảo hiểm FWD áp dụng danh hiệu \"Thành tựu trọn đời\" đi kèm với chính sách phúc lợi trọn đời. Theo FWD, danh hiệu \"Thành tựu trọn đời\" là nấc thang cao hơn trong sự nghiệp dành cho các Giám đốc Kinh doanh cấp cao của FWD. Theo đó, danh hiệu này sẽ được duy trì trọn đời, ngay cả khi người đạt danh hiệu không còn trực tiếp tham gia hoạt động tư vấn bảo hiểm. Để đạt danh hiệu \"Thành tựu trọn đời\", các Giám đốc Kinh doanh cấp cao tại FWD sẽ được đánh giá định kỳ hàng năm. Các tiêu chí đánh giá gồm năng lực tuyển dụng và đào tạo đội ngũ, chất lượng tư vấn và chăm sóc khách khàng của đội ngũ cũng như khả năng hỗ trợ và phát triển những thành viên trong đội ngũ thăng tiến lên những vị trí cao hơn trong sự nghiệp tư vấn tài chính. Ngoài việc nhận phúc lợi hàng tháng trọn đời, người đạt danh hiệu này còn được hưởng các chính sách thu nhập khác dành cho vị trí Giám đốc Kinh doanh cấp cao tại FWD. Theo đó, FWD đang tập trung vào chiến lược xây dựng và phát triển đội ngũ kinh doanh của FWD chất lượng cũng như những đãi ngộ nhân tài hấp dẫn. Ông Nguyễn Công Hải - Phó tổng giám đốc Phát triển Kinh doanh toàn quốc, kênh Đại lý cho biết: \"Tại FWD, chúng tôi luôn chú trọng phát triển đội ngũ tư vấn tài chính chất lượng, đồng thời vẫn luôn đặt quyền lợi khách hàng lên hàng đầu. Danh hiệu Thành tựu trọn đời là sự ghi nhận dành cho những đóng góp ấn tượng trong xây dựng và quản lý đội ngũ của các tư vấn tài chính xuất sắc. Họ sẽ tiếp tục đồng hành cùng FWD tạo nên những điểm mới về tư vấn bảo hiểm\". Mới đây, FWD được The Global Economics vinh danh \"Công ty Bảo hiểm nhân thọ tăng trưởng nhanh nhất Việt Nam\". Theo đó, chất lượng đội ngũ tư vấn tài chính là yếu tố quan trọng đóng góp vào thành công này. Đây cũng là kết quả của chiến lược đào tạo và phát triển tư vấn tài chính theo chiều sâu của doanh nghiệp. FWD là một trong những công ty bảo hiểm có ít điều khoản loại trừ, bên cạnh vốn điều lệ và trải nghiệm khách hàng chất lượng. Các sản phẩm bảo hiểm được phát triển theo tiêu chuẩn đơn giản, dễ hiểu, dễ mua. Nguồn tài chính vững mạnh không chỉ là nền tảng để FWD đẩy mạnh đầu tư vào công nghệ và sản phẩm mà còn cho phép doanh nghiệp phát triển môi trường làm việc cởi mở, sáng tạo, tạo điều kiện để các tư vấn tài chính khai phá và phát huy năng lực. Năm 2020, tạp chí HR Asia vinh danh FWD là một trong những công ty có môi trường làm việc tốt nhất châu Á. "
}