{
    "url": "https://vnexpress.net/thu-truong-ke-hoach-dau-tu-giu-chuc-bi-thu-quang-binh-4141614.html",
    "label": "ThoiSu",
    "timestamp": "Thứ tư, 5/8/2020, 10:59 (GMT+7)",
    "title": "Thứ trưởng Kế hoạch Đầu tư giữ chức Bí thư Quảng Bình",
    "content": "Sáng 5/8, Tỉnh ủy Quảng Bình tổ chức công bố và trao các quyết định của Bộ Chính trị về công tác cán bộ. Theo đó, ông Vũ Đại Thắng, Thứ trưởng Kế hoạch Đầu tư, được giao giữ chức Bí thư Tỉnh uỷ Quảng Bình. Trước đó, ông Hoàng Đăng Quang, Ủy viên Trung ương Đảng, thôi tham gia Ban chấp hành, Ban Thường vụ và thôi giữ chức Bí thư Tỉnh ủy Quảng Bình nhiệm kỳ 2015 - 2020; được Bộ Chính trị phân công làm Phó trưởng Ban Tổ chức Trung ương. Ông Vũ Đại Thắng, 45 tuổi, có trình độ chuyên môn là Thạc sĩ Quan hệ Quốc tế (Đại học Waseda, Nhật Bản). Ông Thắng từng giữ chức Vụ trưởng Quản lý các khu kinh tế (Bộ Kế hoạch Đầu tư); Phó chủ tịch UBND tỉnh Hà Nam nhiệm kỳ 2010 - 2015. Năm 2016, ông được bầu làm Ủy viên dự khuyết Trung ương Đảng khóa XII. "
}