{
    "url": "https://vnexpress.net/cong-ty-vien-thong-cua-ong-dang-thanh-tam-bao-lai-tang-71-4334200.html",
    "label": "DoanhNghiep",
    "timestamp": "Thứ hai, 2/8/2021, 10:53 (GMT+7)",
    "title": "Công ty viễn thông của ông Đặng Thành Tâm báo lãi tăng 71%",
    "content": "Công ty cổ phần Công nghệ Viễn thông Sài Gòn (Saigontel, SGT) vừa công bố báo cáo tài chính quý II. Trong kỳ, doanh nghiệp này ghi nhận 78,7 tỷ đồng doanh thu hợp nhất, giảm 22,5% so với cùng kỳ. Tuy nhiên, nhờ biên lợi nhuận gộp tăng từ 37% lên gần 60%, lợi nhuận gộp của Saigontel vẫn tăng gần 25%, đạt 46,8 tỷ đồng. Sau khi trừ chi phí hoạt động, Saigontel lãi ròng 15,4 tỷ đồng, tăng 71% so với cùng kỳ năm ngoái. Mức lợi nhuận này cũng là con số cao nhất trong một quý kể từ quý I/2019. Lũy kế nửa đầu năm, Saigontel đạt 160 tỷ đồng doanh thu, giảm gần 16% so với cùng kỳ. Tuy nhiên, công ty vẫn ghi nhận lãi sau thuế hơn 27 tỷ đồng, gấp đôi nửa đầu năm ngoái. Đến cuối quý II, tổng tài sản của Saigontel đạt hơn 4.235 tỷ đồng, tăng 68% so với đầu năm. Trong đó, giá trị đầu tư vào công ty liên doanh, liên kết của công ty này tăng vọt gấp 9,3 lần lên hơn 1.300 tỷ đồng. Saigontel là thành viên thuộc Tập đoàn Đầu tư Sài Gòn (SGI), do ông Đặng Thành Tâm giữ chức chủ tịch Hội đồng quản trị. Báo cáo thường niên năm 2020 cho biết, doanh nghiệp này hiện là chủ sở hữu, ban quản lý của 38 khu công nghiệp, đồng thời là nhà cung cấp hạ tầng, dịch vụ viễn thông tại những khu công nghiệp này. "
}