{
    "url": "https://vnexpress.net/flc-chi-5-ty-dong-ung-ho-gia-lai-chong-dich-4303433.html",
    "label": "DoanhNghiep",
    "timestamp": "Thứ sáu, 2/7/2021, 15:40 (GMT+7)",
    "title": "FLC chi 5 tỷ đồng ủng hộ Gia Lai chống dịch",
    "content": "Chiều 1/7, Tập đoàn FLC trao tặng Gia Lai 5 tỷ đồng để hỗ trợ công tác phòng chống dịch và mua vaccine, góp phần đảm bảo tiêm phòng cho nhân dân toàn tỉnh. Đây là địa phương mới nhất tiếp nhận kinh phí ủng hộ của FLC, sau khi doanh nghiệp này triển khai chương trình chung tay chống dịch trên hơn 10 tỉnh thành từ Bắc vào Nam. Dự kiến, FLC sẽ tiếp tục giải ngân để ủng hộ Quỹ vaccine tại các địa phương trong thời gian tới. Từ 28/5 đến nay, Gia Lai ghi nhận 4 ca nhiễm Covid-19 cùng hàng ngàn trường hợp thuộc diện cách ly. Chính quyền tỉnh đang quyết liệt thực hiện nhiều giải pháp để phòng chống dịch, đồng thời xúc tiến kế hoạch tiêm vaccine đợt 4 với dự kiến 100.000 liều trên địa bàn. Trong bối cảnh này, việc huy động thêm nguồn lực từ các tổ chức doanh nghiệp, nhà hảo tâm sẽ giúp Gia Lai mở rộng nguồn kinh phí cần thiết để mua sắm phương tiện, vật tư y tế và đảm bảo đời sống cho y, bác sĩ phòng chống dịch. Nhận định đợt dịch thứ 4 đang diễn biến phức tạp, đại diện FLC hy vọng việc ủng hộ kinh phí sẽ phần nào góp sức cùng Chính phủ và các địa phương trong việc bổ sung thêm nguồn cung vaccine, giảm áp lực cho ngân sách. \"Đây là trách nhiệm và cũng là cam kết đang được FLC thực hiện đồng bộ trên mọi lĩnh vực để chung tay cùng cộng đồng một cách hiệu quả, thiết thực\", đại diện doanh nghiệp cho biết. FLC là doanh nghiệp có nhiều lĩnh vực kinh doanh cốt lõi đang chịu ảnh hưởng từ Covid-19, bao gồm du lịch và hàng không. Tuy nhiên, tính riêng từ đầu 2020 đến nay, doanh nghiệp vẫn đồng hành cùng nhiều điểm nóng về dịch bệnh, thiên tai để chung tay mua sắm vật tư, thiết bị y tế chống Covid-19, xây nhà tình nghĩa, trao học bổng... với kinh phí hỗ trợ ước tính trên 150 tỷ đồng. Mới đây, doanh nghiệp này trao tặng gần 15 tỷ đồng kinh phí cho Hà Nội, Hà Tĩnh, Quảng Bình để ủng hộ quỹ vaccine phòng Covid-19. Trước đó, FLC chi viện thiết bị vật tư y tế cho Bắc Giang (3 hệ thống xét nghiệm Covid, xuất xứ Mỹ, trị giá gần 9 tỷ đồng); Vĩnh Phúc (3,5 tỷ kinh phí và máy xét nghiệm Covid 19 Real-time PCR); Quảng Ninh (hệ thống xét nghiệm Real-time PCR mở tự động hoàn toàn) và ủng hộ kinh phí cho Quỹ phòng chống dịch tại nhiều địa phương như Hải Dương, Hoà Bình, Bạc Liêu, Hà Nội (quận Cầu Giấy)... Bên cạnh những ủng hộ về tài chính, FLC xúc tiến nhiều giải pháp nhằm duy trì sản xuất kinh doanh, vừa đáp ứng phát triển kinh tế, vừa bảo đảm chống dịch theo đúng mục tiêu mà Chính phủ đề ra. Hàng ngàn cán bộ, nhân viên tại nhiều đơn vị trực thuộc FLC, đặc biệt các đơn vị thường xuyên làm việc, tiếp xúc với khách hàng trong lĩnh vực hàng không, du lịch sân golf... đang được gấp rút tiêm vaccine phòng Covid-19, góp phần tăng cường an toàn cho người lao động, cộng đồng và đảm bảo hoạt động kinh doanh xuyên suốt. Trong lĩnh vực hàng không, Bamboo Airways thường xuyên tiếp nhận và vận chuyển miễn phí các trang thiết bị y tế, tài trợ hàng ngàn vé khứ hồi cho đội ngũ y bác sỹ, thiện nguyện... để chi viện cho các tỉnh thành ở những thời điểm thiên tai hay dịch bệnh bùng phát. Riêng trong 2020, hãng vận chuyển miễn cước 100 tấn hàng hoá y tế, nhu yếu phẩm đến các điểm nóng về thiên tai tại Việt Nam. Đến nay, Bamboo Airways tham gia vận chuyển gần 8.500 hành khách là công dân nước ngoài (Litva, Czech, Anh, Ý, Hàn Quốc) và công dân Việt Nam (từ Philipines, Kuwait, Qatar, Đài Loan (Trung Quốc), Malaysia, Hàn Quốc, Australia) hồi hương; cùng gần 200 tấn hàng hoá vật tư y tế đến các quốc gia như Anh, Đức, Czech... "
}