{
    "url": "https://vnexpress.net/hoang-anh-gia-lai-thu-gan-200-ty-dong-tu-ban-heo-4331478.html",
    "label": "DoanhNghiep",
    "timestamp": "Thứ ba, 27/7/2021, 17:23 (GMT+7)",
    "title": "Hoàng Anh Gia Lai thu gần 200 tỷ đồng từ bán heo",
    "content": "Báo cáo tài chính quý II của Công ty Hoàng Anh Gia Lai (HAGL, HAG) ghi nhận doanh thu thuần gần 535 tỷ đồng, thấp hơn 16% so với cùng kỳ năm trước nhưng cao hơn gần gấp đôi so với quý I. Về cơ cấu, doanh thu bán heo đạt gần 190 tỷ đồng, chiếm hơn 35% tổng doanh thu quý II và lần đầu vượt doanh thu từ bán trái cây (189 tỷ đồng). Doanh thu bán hàng hóa và hoạt động khác cùng đạt trên 70 tỷ đồng, còn doanh thu từ bò thịt chưa tới 500 triệu đồng. Dù doanh thu giảm, lợi nhuận gộp từ hoạt động kinh doanh vẫn tăng 30% lên 181 tỷ đồng, nhờ mảng bán heo đạt biên lợi nhuận gộp hơn 49%. Kết quả này giúp doanh nghiệp của Bầu Đức trang trải được chi phí tài chính và các chi phí hoạt động. Theo đó, HAGL lãi trước thuế quý II gần 70 tỷ đồng, so với khoản lỗ hơn 1.320 tỷ trong quý II/2020. Tuy nhiên, kết quả khởi sắc hơn trong quý II không đủ để giúp HAGL đảo ngược tình thế trong 6 tháng đầu năm. Công ty này ghi nhận doanh thu và lợi nhuận gộp đều giảm hơn 40% cùng kỳ. Lợi nhuận trước thuế nửa đầu năm âm hơn 179 tỷ đồng. Nhờ thuế thu nhập doanh nghiệp hoãn lại, HAGL mới ghi nhận lãi ròng hơn 18 tỷ đồng. Đến cuối quý II, tổng tài sản của HAGL đạt hơn 18.100 tỷ, giảm hơn 19.000 tỷ đồng so với đầu năm. Kết quả của việc bán một loạt công ty con cho công ty nông nghiệp của Tỷ phú Trần Bá Dương. Danh sách công ty con của HAGL đến cuối quý II chỉ còn 7 công ty, so với quy mô 20 công ty con trực tiếp và gián tiếp đầu năm 2021. Công ty Nông nghiệp quốc tế Hoàng Anh Gia Lai đến cuối quý II cũng chỉ còn là khoản góp vốn, với quy mô hơn 1.700 tỷ đồng. Những giao dịch này cũng giúp quy mô nợ phải trả của HAGL giảm hơn 14.000 tỷ đồng, xuống còn gần 13.000 tỷ. Trong đó, khoản mục vay ngắn và dài hạn còn hơn 8.200 tỷ đồng. "
}