{
    "url": "https://vnexpress.net/thu-duc-house-tang-lai-12-lan-nho-ban-cong-ty-con-4337004.html",
    "label": "DoanhNghiep",
    "timestamp": "Thứ bảy, 7/8/2021, 08:43 (GMT+7)",
    "title": "Thủ Đức House tăng lãi 12 lần nhờ bán công ty con",
    "content": "Công ty Phát triển Nhà Thủ Đức (Thuduc House) vừa công bố kết quả kinh doanh quý II với doanh thu giảm mạnh nhưng vẫn lãi cao nhờ bán vốn công ty con. Doanh thu thuần của công ty chỉ đạt 119 tỷ đồng, giảm 71% so với cùng kỳ. Trong khi đó, doanh thu tài chính trong quý vọt lên 216 tỷ đồng, tăng 174% so với cùng kỳ, cộng thêm việc mạnh tay tiết giảm chi phí (lãi vay, phí bán hàng và quản lý) giúp công ty báo lãi ròng hơn 140 tỷ đồng, cao gấp hơn 12 lần so với quý II/2020. Trước đó, cùng kỳ năm ngoái doanh nghiệp lỗ ròng 19,8 tỷ đồng. Theo giải trình của doanh nghiệp, nguyên nhân khiến doanh thu tài chính tăng trong kỳ là công ty đã hoàn tất thanh lý các khoản đầu tư tại Công ty Song Hỷ Quốc tế, Công ty Đầu tư Khoáng sản VICO Quảng Trị. Ngoài ra, doanh nghiệp cũng nhận cổ tức và lợi nhuận được chia cao hơn từ Công ty Bách Phú Thịnh và Công ty Phát triển Nhà Daewon Thủ Đức. Các hoạt động tái cơ cấu danh mục đầu tư và bán vốn công ty con này được xúc tiến không lâu sau khi Thuduc House bị truy thu 396 tỷ đồng tiền thuế giá trị gia tăng được hoàn và tiền chậm nộp vào cuối năm ngoái. Vụ việc đã khiến toàn bộ hoạt động kinh doanh của công ty bị ngưng trệ, phát sinh khoản lỗ 310 tỷ đồng trong năm 2020, là cú sốc lớn nhất trong lịch sử 30 năm hoạt động của doanh nghiệp. Mặc dù vượt khó trong quý II với mức lãi ròng tăng cao gấp 12 lần so với cùng kỳ năm ngoái, dòng tiền thuần từ hoạt động kinh doanh của công ty tính đến 30/6 lại âm tới hơn 577 tỷ đồng, tăng gấp 5 lần so với kỳ (quý II/2020 chỉ âm hơn 115 tỷ đồng). Lũy kế 6 tháng đầu năm, Thuduc House ghi nhận doanh thu thuần giảm 56% còn gần 440 tỷ đồng. "
}