{
    "url": "https://vnexpress.net/vietceramics-gioi-thieu-san-pham-cham-chut-khong-gian-song-4302128.html",
    "label": "DoanhNghiep",
    "timestamp": "Thứ sáu, 2/7/2021, 08:00 (GMT+7)",
    "title": "Vietceramics giới thiệu sản phẩm chăm chút không gian sống",
    "content": "Những thiết kế nâng đỡ cảm xúc của gia chủ đôi khi không nằm ở những chuẩn mực quá to lớn mà lại hiện hữu trong chính những chi tiết nhỏ bé. Gạch ốp lát, sàn gỗ, thiết bị vệ sinh - những nhân tố quan trọng trong không gian sống ngày càng được ứng dụng những công nghệ tối tân nhằm tạo thêm những tiện ích cho người dùng. Nắm bắt được tầm quan trọng của công nghệ trong các thiết bị nội thất, Vietceramics - thương hiệu nhập khẩu các sản phẩm ốp lát và thiết bị vệ sinh cao cấp đã đưa về Việt Nam hàng loạt sản phẩm của các tên tuổi lớn trên thế giới như dòng thiết bị vệ sinh từ thương hiệu Gessi, Villeroy & Boch, Devon & Devon, Cielo, VitrA, dòng gạch ốp lát thương hiệu Emil Ceramica, Atlas Concorde, Panaria Group hay sàn gỗ Quickstep (Bỉ)... Bộ sưu tập sen tắm Hi Fi của Gessi lấy cảm hứng thiết kế từ hệ thống âm thanh của thập niên 1990, được nghiên cứu, chọn lọc từ hình dáng, vật liệu, chi tiết đến màu sắc, nhằm đem đến giải pháp thư giãn trong không gian phòng tắm \"Private Wellness\". Là một trong những bộ sưu tập mang tính biểu tượng mới nhất của Gessi, Hi-Fi mang đậm phong cách thiết kế, sự sáng tạo và công nghệ độc quyền \"made in Gessi’\" cùng chức năng chăm sóc sức khỏe trong không gian phòng tắm hiện đại. Kết hợp với các các giải pháp trị liệu của dòng nước \"Private Wellness\", thiết kế đa tính năng của mặt nạ điều khiển hay vòi hoa sen Hi-Fi đều hướng đến chăm sóc sức khỏe thể chất và tinh thần cho gia chủ. Gạch khổ lớn Wanderlust tạo ấn tượng cho không gian Với thiết kế tối giản, màu sắc ấn tượng, bộ sưu tập gạch khổ lớn 80 x 160 cm, 120 x 278 cm ốp tường Wanderlust có thể giúp các gia chủ dễ dàng \"biến hóa\" không gian sống trở nên sang trọng. Các màu sắc như đen Saint Laurent hay Dark Cosmo giúp đem đến vẻ cuốn hút, sang trọng, tinh tế cũng như chiều sâu cho không gian. Các sắc xanh hay nâu lấy cảm hứng từ nét đẹp đầy mê hoặc của loại đá mã não agata quý hiếm phù hợp để trang hoàng cho các không gian cá nhân riêng biệt, từ sảnh lớn, phòng khách đến phòng tắm hay nhà bếp. Nhờ ít đường ron nối trong các ứng dụng ốp lát, ngoài tính thẩm mỹ cao, gạch khổ lớn còn dễ vệ sinh, làm sạch. Bộ sưu tập chậu rửa Cielo - bản hòa tấu của sắc màu cá nhân Luôn theo đuổi tính thủ công truyền thống độc đáo, cùng với 6 màu sắc nguyên bản, bộ sưu tập Le Acque di Cielo của thương hiệu Cermica Cielo và nhà thiết kế Andrea Parisio & Giuseppe Pezzano đem đến những bản hòa tấu của sắc màu cá nhân trong mỗi không gian phòng tắm riêng biệt. Đó có thể là bảng màu của thiên nhiên với thiết kế giản dị, bình yên tại những căn nhà nông thôn của vùng đất Tuscany (Italy). Đó cũng là sự hiện đại, phóng khoáng với phong cách công nghiệp \"industrial\" của đá xám, gỗ và xanh đại dương. Những sàn gỗ tăng giá trị cho ngôi nhà Đi cùng xu hướng thiết kế xanh, phong cách Biophilic mang màu xanh vào không gian nhà ở, kết nối con người với thiên nhiên, giúp cải thiện sức khỏe, tiếp thêm sức sống và năng lượng. Những vật liệu tự nhiên như sàn gỗ hay gạch giả gỗ trong các không gian đem đến cảm giác ấm áp, bình yên. Các bộ sưu tập sàn gỗ laminate hay sàn gỗ tự nhiên cao cấp của Quickstep đa dạng về màu sắc, hiệu ứng và được ứng dụng công nghệ nổi bật như công nghệ hèm khóa Uniclic bản quyền hay công nghệ chống thấm nước Hydroseal đều giúp tăng giá trị cho ngôi nhà. Bộ sưu tập gạch kháng khuẩn Marble Delight Ngày nay, khi môi trường sống trong lành cho ngôi nhà được quan tâm, bộ sưu tập gạch kháng khuẩn Marble Delight là một giải pháp giúp mang đến một bầu không khí sạch và thoáng, giúp các thành viên trong gia đình khỏe mạnh, tràn đầy năng lượng. "
}