{
    "url": "https://vnexpress.net/apollo-silicone-lap-doi-xe-cuu-thuong-chong-dich-tai-tp-hcm-4332475.html",
    "label": "DoanhNghiep",
    "timestamp": "Thứ bảy, 31/7/2021, 11:30 (GMT+7)",
    "title": "Apollo Silicone lập đội xe cứu thương chống dịch tại TP HCM",
    "content": "TP HCM đang dồn tổng lực để chống chọi với dịch bệnh và những đợt giãn cách xã hội kéo dài. Là điểm nóng của dịch Covid-19, khi mỗi ngày đón nhận hàng nghìn ca lây nhiễm, mọi hoạt động của thành phố đều tạm dừng trừ việc đi cấp cứu và theo yêu cầu điều phối của đơn vị phòng chống dịch. Đây không phải lần đầu thành phố tiến hành giãn cách xã hội nhưng lại là lần kéo dài thời gian giãn cách hơn cả. Những ca lây nhiễm bùng phát nhanh kéo theo sự quá tải cho lực lượng chống dịch, cho các bệnh viện, điểm cách ly. Thậm chí, đã có những trường hợp diễn tiến nhanh, nguy kịch không kịp đưa đi cấp cứu vì đội xe cứu thương quá tải. Với mong muốn đóng góp một phần công sức cho công cuộc chống dịch của Sài Gòn, các nam thanh niên công ty cổ phần Apollo Silicone đã tình nguyện tham gia vào lực lượng tài xế xe cứu thương chuyên chở F0 tại các bệnh viện dã chiến trên địa bàn thành phố. Theo đó, có thể chung tay tiếp sức cho các chiến sỹ tuyến đầu, giảm áp lực cho hệ thống y tế của quận, huyện và giảm tử vong đối với các trường hợp nguy kịch. Đội xe cứu thương tình nguyện Apollo Silicone trước mắt gồm 6 xe cứu thương chuyên dụng hoạt động theo hình thức tự quản, được điều động 24/7 bởi các trung tâm y tế, bệnh viện dã chiến. Những thành viên của đội xe đã được đào tạo bài bản và trang bị mọi thiết bị y tế để đủ tiêu chuẩn chuyên chở các ca nhiễm F0. Hiện tại, đội xe sẽ được điều động bởi Ủy ban Nhân dân thành phố Thủ Đức, phân phối xe xuống các bệnh viện quá tải của thành phố để có sự hỗ trợ kịp thời cho các y bác sỹ tại đây. Đội xe sẽ bắt đầu hoạt động kể từ ngày 30/7 cho đến khi hết dịch, hoặc được điều động chuyên chở tại các cơ sở y tế khác theo tình hình thực tế, cấp bách. \"Chúng tôi sẽ tổ chức mở rộng đội xe để đáp ứng nhu cầu cấp thiết thực tế\", đại diện Apollo Silicone chia sẻ. Đồng thời khối văn phòng của công ty cũng lập đội hỗ trợ hậu cần chung tay phòng chống dịch, cung ứng nguồn nguyên liệu cho các bếp ăn, trở thành hậu phương vững chắc cho lực lượng tuyến đầu. Với tâm niệm \"cho đi là còn mãi\" cùng triết lý lấy chân tình đáp lại ân tình xuyên suốt gần 20 năm hoạt động của Apollo Silicone, tập thể lãnh đạo và nhân viên công ty đã xem hoạt động thiện nguyện là truyền thống. Dù biết tham gia vào đội xe cứu thương tình nguyện là đi vào tâm dịch, đi đến các điểm nóng nhưng các anh em của Apollo Silicone vẫn chấp nhận. \"Chúng tôi xem việc chia sẻ trách nhiệm xã hội, chung vai gánh vác những khó khăn chung của cộng đồng là lẽ tất yếu, là trách nhiệm và là bổn phận của những người làm kinh doanh như chúng tôi\", ông Ngô Quốc Cường, Tổng giám đốc Công ty Cổ phần Apollo Silicone cho biết. Cũng theo đại diện Apollo Silicone, doanh nghiệp vừa gồng mình với những áp lực kinh doanh, đương đầu với những biến cố vì đại dịch, nhưng vẫn chưa bao giờ quên việc giúp đỡ, cứu trợ cho đồng bào. Mỗi người vì mọi người, mỗi người cũng vì bản thân mà cố gắng để sớm đưa cuộc sống trở lại bình thường. Sài Gòn sẽ không bỏ lại một ai phía sau, sẽ luôn chở che cho hàng triệu con người, vị này chia sẻ thêm. Trước đó, Apollo Silicone cùng đội ngũ khách hàng, đối tác, cộng sự đã chung tay đóng góp, ủng hộ hơn 5 tỷ đồng cho công tác phòng chống dịch. Trong đó, giai đoạn 1 đã hỗ trợ các khu vực Bình Tân, Thủ Đức, Gò Vấp... và các đơn vị trực tiếp nơi tuyến đầu chống dịch của thành phố như Uỷ ban mặt trận Tổ quốc TP Thủ Đức, Đại học Y Dược TP HCM, trung tâm Y tế quận Bình Tân, trung tâm Y tế Gò Vấp... Tuệ Minh "
}