{
    "url": "https://vnexpress.net/hoa-phat-lai-dot-bien-4332717.html",
    "label": "DoanhNghiep",
    "timestamp": "Thứ sáu, 30/7/2021, 11:18 (GMT+7)",
    "title": "Hòa Phát lãi đột biến",
    "content": "Tập đoàn Hòa Phát (HPG) vừa công bố sơ lược kết quả kinh doanh quý II. Theo đó, nhà sản xuất thép đứng đầu thị trường đạt doanh thu 35.400 tỷ, lãi ròng 9.745 tỷ đồng. Con số này là mức lợi nhuận theo quý cao nhất của Hòa Phát từ trước đến nay và gấp hơn ba lần cùng kỳ năm 2020. Lũy kế 6 tháng đầu năm, Hòa Phát ghi nhận doanh thu gần 66.900 tỷ đồng, tăng 67%. Lợi nhuận sau thuế hơn 16.700 tỷ đồng, gấp ba lần cùng kỳ. Trong 6 tháng đầu năm nay, Hòa Phát cho biết đã sản xuất hơn 4 triệu tấn thép thô, tăng 55%. Sản lượng bán hàng các sản phẩm thép đạt gần 4,3 triệu tấn, tăng hơn 60%. Trong đó, riêng Thép xây dựng đạt sản lượng bán hàng 1,8 triệu tấn, tăng 22% và chiếm thị phần đứng đầu thị trường (34,6%). Với các sản phẩm khác, sản lượng thép cuộn cán nóng đạt 1,3 triệu tấn, ống thép đạt 375.000 tấn. Sản lượng tôn mạ của Hòa Phát cũng gấp gần ba lần cùng kỳ, đạt khoảng 160.000 tấn. Hòa Phát cho biết, tình hình dịch bệnh diễn biến phức tạp, giá nguyên vật liệu đầu vào sản xuất thép như than luyện coke, quặng sắt đã tăng cao trong nửa đầu năm nay. Tuy nhiên công ty vẫn duy trì sản lượng sản xuất phục vụ đủ nhu cầu thị trường trong nước và khẳng định \"giá bán ra luôn thấp hơn so với giá trên thị trường thế giới\". Với các lĩnh vực khác, nông nghiệp và bất động sản cũng duy trì đà tăng trưởng. Sản lượng bò Australia, theo Hòa Phát, tiếp tục giữ thị phần số 1, tổng đàn chăn nuôi heo phấn đấu đạt khoảng 450.000 con thương phẩm trong năm nay. Sản lượng trứng gà cũng dẫn đầu miền Bắc và đã vào hàng loạt các siêu thị lớn trên toàn quốc với quy mô cung ứng khoảng 730.000 quả mỗi ngày. "
}