{
    "url": "https://vnexpress.net/pvoil-lai-lon-4331221.html",
    "label": "DoanhNghiep",
    "timestamp": "Thứ ba, 27/7/2021, 11:57 (GMT+7)",
    "title": "PVOIL lãi lớn",
    "content": "Báo cáo tài chính quý II của Tổng công ty Dầu Việt Nam (PVOIL) ghi nhận doanh thu 13.420 tỷ đồng, tăng hơn 15% so với cùng kỳ. Lợi nhuận gộp đạt 827 tỷ đồng, tương ứng tỷ suất sinh lời hơn 6,1%. Chi phí tài chính, quản lý doanh nghiệp biến động không nhiều nhưng chi phí bán hàng lại tăng mạnh lên 443 tỷ đồng, trở thành khoản bào mòn lợi nhuận nhiều nhất. Công ty báo lãi sau thuế giai đoạn này xấp xỉ 272 tỷ đồng, tăng 45% so với cùng kỳ. Ban lãnh đạo doanh nghiệp nhận định kết quả kinh doanh khả quan nhờ giá dầu Brent bình quân đạt 68,97 USD một thùng, tăng 133% so với quý II năm ngoái. Luỹ kế nửa năm doanh thu công ty này đạt hơn 25.188 tỷ đồng, giảm 14% so với cùng kỳ và hoàn thành 45% kế hoạch cả năm. Công ty lãi ròng 463 tỷ đồng, trong khi cùng kỳ lỗ hơn 350 tỷ đồng và vượt xa kế hoạch cả năm. Tổng tài sản tính đến cuối tháng 6 đạt 25.057 tỷ đồng, tăng gần 3.000 tỷ đồng so với thời điểm đầu năm. Nợ phải trả tăng khoảng 2.600 tỷ đồng lên trên 14.000 tỷ đồng. Công ty đặt mục tiêu năm nay doanh thu hợp nhất 55.750 tỷ đồng, tăng 10% và lợi nhuận sau thuế 320 tỷ đồng. Kế hoạch này được xây dựng dựa trên dự báo giá dầu thô dao động ở mức 45 USD một thùng, cộng thêm nguồn cung xăng nhập khẩu ngày càng dồi dào khi có thêm nguồn xăng từ các nước ASEAN với mức thuế nhập khẩu ưu đãi. Công ty này cũng kỳ vọng nguồn cung từ các nhà máy lọc dầu trong nước đáp ứng được 70% nhu cầu nội địa và các quy định về kinh doanh xăng dầu được điều chỉnh theo hướng tiệm cận hơn với thị trường. Tuy nhiên, ban lãnh đạo doanh nghiệp này cũng cho rằng hoạt động kinh doanh sẽ đối mặt với nhiều rủi ro bất ngờ, nhất là giá dầu thô biến động phức tạp theo tình hình dịch bệnh. Thị trường xăng dầu trong nước cũng đang chịu sự cạnh tranh gay gắt do số lượng doanh nghiệp đầu mối, thương nhân phân phối liên tục tăng và tình trạng xăng dầu không rõ nguồn gốc phức tạp. "
}