{
    "url": "https://vnexpress.net/vinmart-vinmart-tang-gap-ba-luong-hang-hoa-4329232.html",
    "label": "DoanhNghiep",
    "timestamp": "Thứ sáu, 23/7/2021, 10:00 (GMT+7)",
    "title": "VinMart, VinMart+ tăng gấp ba lượng hàng hóa",
    "content": "Tăng cường các mặt hàng thiết yếu Những ngày đầu TP HCM áp dụng Chỉ thị 16, người dân đổ xô đến các siêu thị, cửa hàng bách hóa mua thực phẩm tích trữ. Lượng đơn đặt tại các kênh online, app giao hàng và điện thoại... liên tục gia tăng. Sức mua ở các hệ thống bán lẻ cũng tăng 3-5 lần so với trước đây. Trước nhu cầu mua sắm tăng đột biến thời dịch, khâu vận chuyển và cung ứng hàng hóa gặp nhiều trở ngại. Ông Nguyễn Tô Kiều Trinh - Giám đốc vận hành VinMart miền Nam - nhận định khâu chuyển hàng từ nguồn cung ở các tỉnh về TP HCM cũng như từ kho tổng đến các siêu thị là vấn đề khó khăn lớn nhất hiện nay. \"Giấy chứng nhận âm tình nCoV của tài xế có thời hạn quá ngắn, quy trình xét nghiệm mất thời gian là nguyên nhân chính khiến lưu thông hàng hóa khó khăn. Một số nhà cung cấp ở các tỉnh xa vào TP HCM không chuẩn bị kịp các thủ tục nên bị giữ lại ở các chốt kiểm dịch\", ông Kiều Trinh cho hay. Tại TP HCM và các tỉnh phía Nam, nhà bán lẻ này đã chủ động các phương án đảm bảo chuỗi cung ứng xuyên suốt và tuân thủ yêu cầu kiểm soát dịch của từng tỉnh thành. Nguồn hàng cơ bản vẫn đáp ứng nhu cầu người tiêu dùng, dù xe vận chuyển ở cửa ngõ vào thành phố bị kiểm soát gắt gao. Vào ngày thường, toàn bộ cửa hàng VinMart, VinMart+ tại TP HCM tăng lượng thực phẩm, hàng tươi sống gấp 2-3 lần. Riêng cuối tuần, sản lượng cung ứng trung bình tăng lên tới 4-5 lần. Doanh nghiệp cho biết lượng khách mua sắm trực tiếp tại hệ thống tăng 50%, đơn hàng online cũng gấp 4,5 lần ngày thường. Doanh nghiệp kiến nghị các địa phương lên phương án xét nghiệm Covid-19 tài xế gần các chốt kiểm dịch cửa ngõ tỉnh, thành phố, qua đó tạo điều kiện lưu thông hàng nhanh chóng. Ngoài ra, đơn vị cũng kỳ vọng nhân viên bán hàng sớm được tiêm vaccine. Đẩy mạnh bán hàng đa kênh và tiêu thụ nông sản nội địa  Nhằm đáp ứng mọi nhu cầu của người dân, hệ thống đẩy mạnh hình thức giao hàng tiện lợi, nhanh chóng như: dịch vụ \"Đi chợ hộ\" qua danh sách điện thoại từng siêu thị VinMart, cửa hàng VinMart+ toàn quốc; đặt hàng qua các ứng dụng VinID, Now, Lazada... hay trên website vinmart.com. Người dùng có thể mua sắm ngay tại nhà mà không cần đến trực tiếp và thanh toán online. Thời gian này, các nhà cung ứng nông sản nội địa cũng đẩy mạnh sản lượng. Đại diện nhà sản xuất thịt mát MEATDeli cho biết tăng gấp ba lần lượng hàng trước khi có dịch. Họ chuẩn bị kỹ lưỡng kế hoạch đối phó dịch với nguồn cung heo nguyên liệu có hợp đồng dài hạn và khả năng tự cung cấp từ các trang trại công nghệ cao ở Nghệ An. Đơn vị còn lên kịch bản điều chuyển nguồn cung heo từ Bắc vào Nam và ngược lại. Tại TP HCM, MEATDeli cung ứng 100.000-150.000 hộp thịt mát mỗi ngày, tương đương 35-50 tấn. Trong khi đó, tại Hà Nội, sản lượng cũng tăng hai lần so với trước. Bà Nguyễn Thị Phương, Phó Tổng giám đốc thường trực VinCommerce (VCM) cho biết, với 2.500 siêu thị trên toàn quốc và 300 lượt triệu khách hàng mỗi năm, VCM có thể hỗ trợ các hộ nông dân và hợp tác xã tiêu tụ sản phẩm. \"Tại từng địa phương, cán bộ của chúng tôi trực tiếp tiếp cận với nguồn hàng của nông dân, đánh giá và chọn sản phẩm đáp ứng các yêu cầu khắt khe của công ty. Từ đó, giảm thời gian di chuyển, giá thành được tối ưu\", bà Phương nói thêm. Ngoài ra, trước tình hình Covid-19 phức tạp, các siêu thị và cửa hàng bán lẻ tăng cường loạt biện pháp phòng dịch, đảm bảo an toàn cho người dân. Cụ thể tại VinMart, VinMart+, khách phải đeo khẩu trang, đo thân nhiệt, giữ khoảng cách suốt quá trình mua sắm và thanh toán. Doanh nghiệp cũng thủ quy tắc 5K. Hiện tập đoàn Masan có hơn 6.500 nhân viên bán lẻ tuyến đầu và đội sản xuất hàng thiết yếu đã tiêm vaccine. "
}