{
    "url": "https://vnexpress.net/dien-luc-ha-noi-dam-bao-cap-dien-trong-ngay-gian-cach-4331241.html",
    "label": "DoanhNghiep",
    "timestamp": "Thứ ba, 27/7/2021, 16:00 (GMT+7)",
    "title": "Điện lực Hà Nội đảm bảo cấp điện trong ngày giãn cách",
    "content": "Tổng công ty Điện lực TP Hà Nội (EVNHANOI) cho biết, ngay khi UBND TP Hà Nội có kế hoạch trưng dụng 10 dự án nhà tái định cư tại các quận dùng làm nơi cách ly, lập bệnh viện dã chiến, công ty đã có kế hoạch đảm bảo cấp điện liên tục cho các nơi này. \"Chúng tôi đã yêu cầu đơn vị quản lý tại địa bàn các quận, lập phương án vận hành, chuẩn bị đầy đủ vật tư, thiết bị dự phòng để xử lý nhanh trong trường hợp xảy ra sự cố\", đại diện EVNHANOI nói. Công ty còn bố trí máy phát diesel tại các điểm này nhằm đảm bảo điện trong thời gian khắc phục sự cố. Trường hợp phải xử lý sự cố tại hiện trường hoặc khuôn viên bệnh viện, cơ sở y tế, nhân viên công ty được trang bị bảo hộ phù hợp đảm bảo an toàn, tránh bị lây nhiễm khi làm việc. Bên cạnh đó, công ty thành lập 8 cụm công ty điện lực, phối hợp quản lý, vận hành. Các đơn vị trong cùng cụm sẽ hỗ trợ nhau, đảm bảo điện trong tình huống gặp khó khăn do dịch bệnh và dự phòng nhân lực, sẵn sàng ứng phó khi phải cách ly người nhiễm và nghi nhiễm Covid-19. Đối với các Trung tâm Điều độ Hệ thống điện TP Hà Nội, công ty thành lập trung tâm điều hành dự phòng, tổ điều độ dự phòng sẵn sàng ứng phó, thay thế trong trường hợp khẩn cấp. Ông Ngọc Long - Phó giám đốc Trung tâm Điều độ hệ thống điện TP Hà Nội cho biết, trung tâm đã chia thành hai khối. Trong đó, khối một điều hành trực tiếp lưới điện và cách ly hoàn toàn với bên ngoài. Khối hai làm việc từ xa, hỗ trợ cho khối một hoàn thành nhiệm vụ. Đơn vị sử dụng các công nghệ hiện đại để giám sát, điều khiển từ xa, hạn chế tối đa việc sử dụng con người để kiểm tra, thao tác thiết bị. Đơn vị cũng lên kế hoạch, tính toán phụ tải, ghi chú điểm đảm bảo điện, ưu tiên cơ sở y tế với quyết tâm cung ứng điện an toàn, liên tục, ổn định cho lưới điện Hà Nội. EVNHANOI còn sẵn sàng phương án vận hành trong điều kiện toàn thành phố giãn cách xã hội theo chỉ thị 16, từ ngày 24/7 đến ngày 8/8. Theo đó, cán bộ nhân viên được trang bị đầy đủ đồ bảo hộ theo quy định của Bộ Y tế khi thực hiện nhiệm vụ. \"Chúng tôi quyết tâm bằng mọi nỗ lực đảm bảo cung cấp điện an toàn, liên tục và ổn định trên địa bàn Thủ đô, nhất là các nơi cách ly, bệnh viện dã chiến\", đại diện công ty nói. Bên cạnh đó, công ty còn tăng cường tuyên truyền cho khách hàng lợi ích dịch vụ điện trên ứng dụng EVNHANOI (đăng ký dịch vụ điện, thanh toán tiền điện) nhằm đảm bảo giãn cách, tăng trải nghiệm cho khách hàng. "
}