{
    "url": "https://vnexpress.net/hang-nghin-ban-tre-cung-c2-ung-ho-tuyen-dau-chong-dich-4301245.html",
    "label": "DoanhNghiep",
    "timestamp": "Thứ năm, 1/7/2021, 09:00 (GMT+7)",
    "title": "Hàng nghìn bạn trẻ cùng C2 ủng hộ tuyến đầu chống dịch",
    "content": "Từ tháng 5, khi đợt dịch thứ tư bùng phát, lực lượng y bác sĩ, dân quân, tình nguyện viên và nhân viên an ninh... bước vào cuộc chiến mới, làm việc hết công suất khi số ca lây nhiễm tăng cao mỗi ngày. Tại TP HCM, giữa trời nắng nóng, hàng nghìn y bác sĩ sẵn sàng trực chiến bất kể ngày đêm. Hình ảnh những vệt mồ hôi thấm ướt đồ bảo hộ hay những vết hằn trên gương mặt do đeo khẩu trang nhiều giờ trở nên quen thuộc. Đội ngũ tuyến đầu phải đối mặt không ít áp lực, căng thẳng trước cường độ làm việc dày đặc và cả tâm lý khi phải cách xa gia đình nhiều ngày. Thấu hiểu khó khăn, vất vả đó, nhiều tổ chức và cá nhân trên cả nước đã đồng lòng góp sức gửi lời động viên, hỗ trợ tuyến đầu kịp thời. Trong đó, nhãn hàng trà đóng chai C2 (thuộc công ty TNHH URC Việt Nam) triển khai chiến dịch \"Ở nhà không gắt - Bước chắc cùng C2\", huy động sự tham gia của hàng nghìn bạn trẻ. Cụ thể, khi rảnh rỗi, người trẻ có thể tăng cường vận động bằng cách bước, chạy, nhảy tự do... và dùng ứng dụng bất kỳ đếm số bước chân. Với mỗi 1.000 bước chân tham gia, URC Việt Nam sẽ góp thêm một chai C2 Plus Immunity thanh mát, hỗ trợ tăng đề kháng gửi tặng lực lượng tuyến đầu. Hưởng ứng ý tưởng này, Fanpage của C2 lập tức thu hút hàng nghìn bạn trẻ tham gia. Họ vừa tăng cường rèn luyện sức khỏe trong thời gian cách ly tại nhà, vừa ủng hộ tinh thần lực lượng tuyến đầu chống dịch, qua cách thức đóng góp đơn giản là \"bước đi\". Ngoài xông xáo \"bước\" mỗi ngày, nhiều bạn trẻ còn kêu gọi người thân, bạn bè, đồng nghiệp... thực hiện thử thách. Bạn Kim Lan (quận Gò Vấp, TP HCM) cho hay: \"Khu nhà tôi đang cách ly nên tôi hiểu nỗi nhọc nhằn của các anh chị khi làm nhiệm vụ. Tôi đã rủ cả nhà cùng tham gia\". Nhờ sự hưởng ứng của cộng đồng, gần một tháng qua, chương trình thống kê được hàng triệu bước chân đồng hành, tương đương với 24.000 chai trà C2 cùng các sản phẩm khác của URC Việt Nam được gửi tận tay đội ngũ y bác sĩ, cán bộ chiến sĩ, tình nguyện viên... tại tâm dịch Bắc Ninh, Bắc Giang, Hà Nội, TP HCM và Bình Dương. Là doanh nghiệp tích cực ủng hộ chống dịch Covid-19, từ tháng 4/2020, URC Việt Nam đã quyên góp một tỷ đồng cho chương trình \"Cùng Tuổi trẻ chống Covid-19\"; tặng 700 triệu đồng cùng hơn 50.000 chai trà C2 qua chương trình \"Cùng tuyến đầu chống dịch\" do Quỹ Hy vọng của VnExpress phát động. Từ tháng 7/2020, URC Việt Nam tiếp tục gửi hàng nghìn sản phẩm tổng gần 500 triệu đồng cho các tỉnh miền Trung bị ảnh hưởng bởi đợt bùng phát dịch thứ hai. Gần nhất, bên cạnh chiến dịch \"Ở nhà không gắt, Bước chắc cùng C2\", đơn vị còn hỗ trợ hiện kim cho tâm dịch Bắc Ninh, Bắc Giang, Hà Nội, TP HCM và Bình Dương, tổng giá trị gần một tỷ đồng. "
}