{
    "url": "https://vnexpress.net/hoa-sen-uoc-dat-loi-nhuan-sau-thue-hon-1-700-ty-dong-quy-ii-4326123.html",
    "label": "DoanhNghiep",
    "timestamp": "Thứ tư, 21/7/2021, 08:00 (GMT+7)",
    "title": "Hoa Sen ước đạt lợi nhuận sau thuế hơn 1.700 tỷ đồng quý II",
    "content": "Theo công bố ước kết quả kinh doanh quý II/2021 của Công ty Cổ phần Tập đoàn Hoa Sen (HSG), sản lượng tiêu thụ ước đạt 615.425 tấn, doanh thu ước đạt 12.986 tỷ đồng, lợi nhuận sau thuế ước đạt 1.701 tỷ đồng, tăng trưởng lần lượt 56%, 90%, 435% so với cùng kỳ năm 2020. So với quý vừa qua, mức tăng trưởng này lần lượt là 13%, 20% và 64%. Riêng tháng 6, sản lượng tiêu thụ của HSG ước đạt 175.763 tấn, doanh thu ước đạt 3.870 tỷ đồng, lợi nhuận sau thuế ước đạt 562 tỷ đồng. Lũy kế 9 tháng niên độ tài chính 2020-2021 (từ 1/10/2020 đến 30/6/2021) sản lượng tiêu thụ của HSG ước đạt 1.694.155 tấn, doanh thu ước đạt 32.932 tỷ đồng, lợi nhuận sau thuế ước đạt 3.371 tỷ đồng, tăng trưởng lần lượt 54%, 72%, 381% so với cùng kỳ. Với kết quả này, HSG đã thực hiện 94% kế hoạch sản lượng, 99,8% kế hoạch doanh thu và 225% kế hoạch lợi nhuận cả năm. Hệ số EPS trượt 4 quý gần nhất của cổ phiếu HSG tiếp tục gia tăng lên mức 7.814 đồng một cổ phiếu vào cuối quý III niên độ tài chính 2020-2021 (đã bao gồm số lượng cổ phiếu chia cổ tức 10% ngày 15/6/2021). Nếu lấy giá 35.400 đồng một cổ phiếu vào cuối ngày 20/7 thì hệ số PE của cổ phiếu HSG là 4,53 lần, thấp hơn so với trung bình ngành thép và thấp hơn so với trung bình toàn thị trường. Đại diện cho biết HSG, sản lượng xuất khẩu của doanh nghiệp tăng trưởng mạnh ở cả thị trường truyền thống lẫn thị trường mới khai thác, đặc biệt những nơi đang có nhu cầu cao về tôn mạ như Bắc Mỹ và châu Âu. Doanh nghiệp này đã ký các hợp đồng xuất khẩu đến hết tháng 11/2021, với sản lượng trung bình trên 120.000 tấn một tháng, bảo đảm cho các nhà máy sản xuất với công suất tối đa từ giờ đến hết niên độ tài chính. Hệ thống 536 chi nhánh - cửa hàng bán lẻ phân bổ rộng khắp các vùng miền và 10 nhà máy phân bổ gần các cảng quốc tế đảm bảo chắc chắn việc sản xuất và cung ứng hàng hoá trong mọi điều kiện. Do đó, dù thị trường nội địa bị ảnh hưởng ngắn hạn bởi đại dịch Covid-19, HSG vẫn duy trì sản lượng bán hàng ổn định ít nhất 160.000 - 170.000 tấn mỗi tháng, mang về doanh thu khoảng 4.000 tỷ đồng một tháng. Ngoài ra, HSG cũng chủ động tính toán và kết hợp hài hòa sản lượng giữa thị trường nội địa vả thị trường xuất khẩu tại từng thời điểm, nhằm đáp ứng và phục vụ tốt nhu cầu của khách hàng trong và ngoài nước. Để ứng phó với làn sóng Covid-19 lần thứ 4, hơn một tháng trước, doanh nghiệp này đã chủ động triển khai các phương án ứng phó với các tình huống dịch Covid-19. Cụ thể, HSG đưa toàn thể cán bộ công nhân viên vào hệ thống các nhà máy và hệ thống các cửa hàng trên toàn quốc nhằm \"sản xuất tại chỗ - ăn uống tại chỗ - nghỉ ngơi tại chỗ\", thực hiện các quy định về phòng chống dịch, xét nghiệm RT-PCR mỗi tuần một lần. \"Do có sự chủ động từ trước nên điều kiện ăn, ở, sinh hoạt, chế độ đãi ngộ phù hợp, đảm bảo việc sản xuất kinh doanh của công ty được liên tục, không bị gián đoạn\", đại diện HSG chia sẻ thêm. Đại diện HSG khẳng định tự tin lợi nhuận sau thuế niên độ tài chính 2020-2021 sẽ vượt 4.000 tỷ đồng. "
}