{
    "url": "https://vnexpress.net/kiem-tra-thuc-te-cong-trinh-dien-mat-troi-tai-vinh-long-4305164.html",
    "label": "DoanhNghiep",
    "timestamp": "Thứ ba, 6/7/2021, 16:30 (GMT+7)",
    "title": "Kiểm tra thực tế công trình điện mặt trời tại Vĩnh Long",
    "content": "Để hoàn thành tiến độ trước ngày 31/12/2020, nhiều dự án điện mặt trời tại Đồng bằng sông Cửu Long đã gấp rút chạy đua để kịp nghiệm thu đóng điện. Trước tình hình đó, Bộ Công Thương, Tập đoàn Điện lực Việt Nam (EVN) và Tổng công ty Điện lực miền Nam (EVNSPC) đã chỉ đạo các Công ty Điện lực địa phương tổ chức kiểm tra, tuân thủ quy định trong quá trình thực hiện nghiệm thu, đóng điện. Tại tỉnh Vĩnh Long, Sở Công Thương chủ trì thành lập Đoàn kiểm tra liên ngành cùng sự tham gia của Công ty Điện lực Vĩnh Long. Đoàn đã tiến hành kiểm tra 44 trên 60 công trình năng lượng mặt trời gồm: 11 công trình lắp trên mái nhà trang trại, 28 công trình lắp trên mái công trình công nghiệp và 5 công trình lắp trên mái nhà dân dụng. Qua kiểm tra, đoàn nhận định việc phát triển các công trình năng lượng mặt trời tại Vĩnh Long đã huy động nguồn lực đầu tư của toàn xã hội, góp phần đảm bảo cung ứng điện và an ninh, năng lượng trên địa bàn tỉnh. Tuy nhiên, do phải chạy đua nghiệm thu trước ngày 31/12/2020, một số công trình điện mặt trời mái nhà tại địa phương này chưa tuân thủ đầy đủ, đúng quy định. Đoàn kiểm tra cũng kiến nghị khắc phục, xử lý và báo cáo đến lãnh đạo UBND tỉnh Vĩnh Long. Ghi nhận kiến nghị của đoàn kiểm tra, Công ty Điện lực Vĩnh Long cho biết đã chỉ đạo các bộ phận chuyên môn, rà soát nội dung liên quan đến thẩm quyền của ngành điện để khắc phục các sai sót. Công ty cũng xem xét, xử lý trách nhiệm đối với tập thể, cá nhân có liên quan theo đúng quy định của ngành điện nếu có. Những sai sót không thuộc phạm vi, trách nhiệm của ngành điện, công ty này sẽ phối hợp với các cơ quan chức năng xem xét xử lý theo thẩm quyền. "
}