{
    "url": "https://vnexpress.net/the-gioi-di-dong-lai-gan-2-200-ty-dong-sau-5-thang-4300062.html",
    "label": "DoanhNghiep",
    "timestamp": "Thứ bảy, 26/6/2021, 00:00 (GMT+7)",
    "title": "Thế Giới Di Động lãi gần 2.200 tỷ đồng sau 5 tháng",
    "content": "Công ty cổ phần Đầu tư Thế Giới Di Động (MWG) cho biết, tháng 5 ghi nhận doanh thu thuần hơn 11.380 tỷ đồng và lãi sau thuế 481 tỷ đồng, lần lượt tăng 10% và 26% so với cùng kỳ. Đây là tháng ghi nhận doanh thu cao nhất từ đầu năm. Ban lãnh đạo công ty cho rằng kết quả này đến từ nỗ lực vượt bậc trong bối cảnh cả nước trải qua đợt dịch nghiêm trọng nhất từ trước đến nay. Thế Giới Di Động hiện có 4.532 cửa hàng, trong đó chuỗi bách hoá chiếm nhiều nhất với 1.850 cửa hàng. Tính đến cuối tháng 5, hơn 630 cửa hàng Thế Giới Di Động và Điện Máy Xanh nằm trong khu vực phong toả và giãn cách xã hội phải đóng cửa hoặc hạn chế bán hàng. Công ty lo ngại dịch bệnh diễn biến phức tạp khiến số lượng cửa hàng bị ảnh hưởng tăng lên và tác động đến kết quả kinh doanh tháng 6. Luỹ kế từ đầu năm công ty có doanh thu hơn 51.830 tỷ đồng và lãi 2.172 tỷ đồng, lần lượt hoàn thành 41% và 46% kế hoạch cả năm. Chuỗi Điện Máy Xanh đóng góp hơn 53% doanh thu, tiếp đến là chuỗi Thế Giới Di Động gần 26% và Bách Hoá Xanh gần 21%. Ban lãnh đạo Thế Giới Di Động cho biết, ngành hàng điện thoại ghi nhận mức tăng trưởng hai chữ số trong 5 tháng đầu năm nhờ các sản phẩm iPhone. Trong khi đó, máy tính, điện lạnh và gia dụng duy trì doanh số tương đương cùng kỳ. Ngành hàng đồng hồ mang về cho công ty khoảng 810 tỷ đồng, gấp rưỡi cùng kỳ. Chuỗi bách hoá kinh doanh khả quan nhất khi doanh thu 5 tháng hơn 10.600 tỷ đồng, tăng 26%. Riêng tháng 5, mỗi cửa hàng bách hoá có doanh thu 1,35 tỷ đồng do nhu cầu tích trữ hàng hoá thiết yếu của người dân tăng mạnh trước đợt giãn cách xã hội. Thế Giới Di Động cũng mới triển khai mô hình cộng tác với các cửa hàng nhỏ lẻ để khai thác thêm thị phần tại những nơi hai chuỗi điện thoại, điện máy chưa vươn đến. Bên cạnh đó, công ty thử nghiệm bán xe đạp tại 7 cửa hàng và dự kiến nhân rộng ra nhiều tỉnh, thành lân cận TP HCM. "
}