{
    "url": "https://vnexpress.net/c-p-viet-nam-tang-150-000-suat-an-cho-vung-dich-4338673.html",
    "label": "DoanhNghiep",
    "timestamp": "Thứ ba, 10/8/2021, 19:00 (GMT+7)",
    "title": "C.P. Việt Nam tặng 150.000 suất ăn cho vùng dịch",
    "content": "Đại diện đơn vị cho biết, là một công ty thực phẩm, C.P. Việt Nam (CPV) luôn sẵn sàng vào cuộc, chung tay cùng cả nước chống Covid-19. Với nguồn nguyên liệu sẵn có từ các ngành kinh doanh của công ty, C.P. Việt Nam chi khoảng 4,5 tỷ đồng cho chương trình này nhằm hỗ trợ y bác sĩ, nhân viên y tế, lực lượng tuyến đầu chống dịch, khu cách ly, nhân viên đang thực hiện \"3 tại chỗ\"... có bữa ăn đảm bảo chất lượng, dinh dưỡng và ngon miệng. Tại TP HCM, mỗi ngày, các đầu bếp và nhân viên của hai nhà hàng Greyhound và Chickita (thuộc CPV) chuẩn bị hàng ngàn suất ăn mang đến: Viện Y Dược Học Dân Tộc, Trung tâm Kiểm soát bệnh tật TP HCM, Đoàn nhân viên y tế Đại học Y tế Cộng đồng Hà Nội, Bệnh viện Nhân dân Gia Định, các điểm tiêm vaccine và chốt kiểm soát, bệnh viện dã chiến, 20 điểm cách ly tập trung. Tại Đồng Nai, chương trình hỗ trợ 9.600 suất ăn cho 10 bệnh viện và 10.000 suất ăn tại 10 điểm cách ly tập trung. Tùy vào tình hình tại một số nơi, công ty sẽ tặng thêm thiết bị như: lò vi sóng, bình đun nước siêu tốc; các thực phẩm đã chế biến sẵn của CP (cơm hợp đông lạnh, xúc xích,...) để việc sinh hoạt của các y, bác sĩ nhanh chóng, thuận tiện, tiết kiệm thời gian hơn. Đại diện CPV chia sẻ, lực lượng tuyến đầu đang làm tất cả để bảo vệ người dân, đất nước. Do đó, đơn vị mong muốn chăm lo từng bữa ăn cho các \"chiến sĩ\" - những người đang phải đối mặt trực tiếp với dịch bệnh mỗi ngày. CPV cũng thấu hiểu những vất vả, lo toan mà người lao động, người yếu thế đang bị ảnh hưởng bởi dịch bệnh. \"Không chỉ là những bữa ăn ngon, chúng tôi muốn gửi lời cảm ơn chân thành đến các \"chiến sĩ\", lời động viên tinh thần đến tất cả mọi người, hy vọng một ngày không xa, Việt Nam chúng ta lại lần nữa chiến thắng đại dịch\", người này nói thêm. Thiên Minh "
}