{
    "url": "https://vnexpress.net/diem-sang-trong-kinh-doanh-cua-petrovietnam-nua-dau-nam-4306845.html",
    "label": "DoanhNghiep",
    "timestamp": "Thứ bảy, 10/7/2021, 11:00 (GMT+7)",
    "title": "Điểm sáng trong kinh doanh của Petrovietnam nửa đầu năm",
    "content": "Petrovietnam tổ chức giao ban trực tuyến định kỳ các đơn vị thành viên hôm 7/7 tại Hà Nội, nhằm đánh giá kết quả sản xuất kinh doanh 6 tháng đầu năm và triển khai nhiệm vụ nửa cuối năm. Cuộc họp có sự tham gia của ông Hoàng Quốc Vượng - Chủ tịch Hội đồng thành viên Petrovietnam, ông Lê Mạnh Hùng - Tổng giám đốc cùng lãnh đạo đơn vị thành viên, tại nhiều điểm cầu trên cả nước. Hoàn thành mục tiêu kép Trong 6 tháng đầu năm, cả nước trải qua hai đợt bùng phát Covid-19. Lần bùng phát dịch thứ 4 diễn biến phức tạp, lan rộng ra nhiều tỉnh, thành phố, những nơi có đơn vị, công trình dầu khí và khu công nghiệp. Điều này ảnh hưởng lớn đến hoạt động sản xuất kinh doanh, tiêu thụ sản phẩm, hàng hóa... Đại diện Petrovietnam dự báo, tăng trưởng kinh tế nửa cuối năm sẽ phụ thuộc lớn vào việc kiểm soát Covid-19. Báo cáo kết quả kinh doanh 6 tháng đầu năm của Petrovietnam cho thấy, tập đoàn này đã kiểm soát tốt công tác phòng chống dịch bệnh trong doanh nghiệp, phát huy hiệu quả trong quản trị điều hành. Tập đoàn đã tận dụng cơ hội từ sự phục hồi của kinh tế thế giới, giá dầu tích cực để bám sát kế hoạch, diễn biến thị trường, từ đó vượt mức hầu hết chỉ tiêu, nhiệm vụ chính. Trong đó, sản lượng khai thác dầu đã hoàn thành kế hoạch ngay trong tháng 5. Tính chung 6 tháng đầu năm, sản lượng dầu thô, condensate vượt 15% so với kế hoạch, góp phần hoàn thành sản lượng khai thác quy dầu 6 tháng đạt 9,68 triệu tấn. Công tác sản xuất xăng dầu, phân đạm cũng vượt kế hoạch. Các chỉ tiêu tài chính của Petrovietnam cũng vượt kế hoạch, tăng trưởng cao so với cùng kỳ năm 2020. Cụ thể, lũy kế 6 tháng đầu năm, tổng doanh thu đạt 299.300 tỷ đồng, vượt 20% kế hoạch 6 tháng, tăng 22% so với cùng kỳ 2020. Nộp ngân sách Nhà nước đạt 45.200 tỷ đồng, vượt 42% kế hoạch 6 tháng, tăng 33% so với cùng kỳ 2020. Lợi nhuận trước thuế hợp nhất đạt 21.300 tỷ đồng, vượt 165% kế hoạch 6 tháng, tăng hơn ba lần so với cùng kỳ năm 2020. Petrovietnam đánh giá, các chỉ tiêu tài chính trên cho thấy, lợi nhuận trước thuế toàn tập đoàn đạt gấp hơn ba lần mức tăng giá dầu. Trong 6 tháng, giá dầu thô bình quân là 66,8 USD một thùng, vượt 48% giá kế hoạch. Trong khi đó lợi nhuận trước thuế hợp nhất vượt 165% kế hoạch. Tỷ suất sinh lời trên vốn chủ sở hữu (ROE) ước đạt 4,6%, thuộc nhóm các công ty dầu khí có hệ số ROE tốt trên thế giới. Theo báo cáo của Petrovietnam, kết quả này phụ thuộc vào thuận lợi từ xu hướng tích cực của giá dầu và công tác quản trị của tập đoàn. Cùng với đó là sự quyết liệt chỉ đạo điều hành tới từng đơn vị thành viên, từng lĩnh vực. Các mặt hàng chiến lược của tập đoàn như xăng, dầu, khí, điện, đạm... mang đến nguồn thu cho ngân sách Nhà nước, cung ứng sản phẩm thiết yếu, góp phần bình ổn thị trường, phát triển kinh tế đất nước. Petrovietnam cũng nỗ lực đầu tư, tháo gỡ vướng mắc tại những dự án khó khăn, đạt một số bước tiến. Cụ thể, tập đoàn đã xây dựng chuỗi giá trị nhằm tăng cường phối hợp, chia sẻ, tận dụng lợi thế, nguồn lực các đơn vị thành viên, từ đó nâng cao hiệu quả hoạt động chung. Đến hết tháng 6, Petrovietnam đã triển khai 19 chuỗi liên kết. Công tác tối ưu, tiết giảm chi phí cũng được triển khai tích cực. Tổng chi phí tiết giảm ước đạt 1.691,6 tỷ đồng, bằng 62% kế hoạch tiết giảm của năm 2021, đóng góp quan trọng vào kết quả sản xuất kinh doanh chung. Công tác phòng chống Covid-19 cũng được Petrovietnam thực hiện đồng bộ, hiệu quả. Tất cả đơn vị thành viên duy trì hoạt động sản xuất kinh doanh ổn định, kiểm soát tốt lượng hàng tồn kho. Hoạt động phòng chống Covid-19 thực hiện nghiêm túc, triệt để, không làm gián đoạn sản xuất, kinh doanh. Petrovietnam còn đóng góp hơn 500 tỷ đồng vào Quỹ vaccine Covid-19, ủng hộ công tác phòng chống dịch ở nhiều địa phương trên cả nước. Tập đoàn đã triển khai tiêm vaccine phòng Covid-19 cho gần một vạn lượt nhân viên. Nỗ lực trong 6 tháng cuối năm Trong cuộc họp giao ban trực tuyến, ông Hoàng Quốc Vượng - Chủ tịch Hội đồng thành viên Petrovietnam ghi nhận nỗ lực hoàn thành vượt mức kế hoạch của tất cả đơn vị thuộc tập đoàn. Ông Vượng đề nghị các đơn vị tiếp tục phát huy kết quả đạt được, nỗ lực hoàn thành kế hoạch cả năm. \"Trong giai đoạn hiện nay, các đơn vị cần đoàn kết, nhất là đơn vị trong chuỗi giá trị, cần tạo điều kiện thuận lợi, hỗ trợ nhau hoàn thành kế hoạch được giao\", ông Vượng nhấn mạnh. Tổng kết giao ban, ông Lê Mạnh Hùng - Tổng giám đốc Petrovietnam đánh giá, tập đoàn đã hoàn thành vượt mức các kế hoạch, chỉ tiêu tài chính tăng trưởng cao. Ông Hùng kỳ vọng, hoạt động sản xuất kinh doanh sẽ sớm phục hồi so với giai đoạn trước dịch bệnh. Ông Hùng cũng chỉ đạo một số nhiệm vụ trọng tâm tập đoàn cần thực hiện để hoàn thành mục tiêu 6 tháng cuối năm và cả năm 2021. Trong đó, Petrovietnam cần tăng cường dự báo tình hình kinh tế vĩ mô, thị trường, nhận diện rủi ro, cập nhật giải pháp quản trị, điều hành linh hoạt sản xuất, kinh doanh. Tổng giám đốc Petrovietnam đề xuất, triển khai giải pháp kiểm soát Covid-19, đẩy mạnh tìm nguồn vaccine để tiêm cho nhân viên trong toàn tập đoàn. Các đơn vị cũng cần cân đối sản lượng dầu và khí, hoàn thành chỉ tiêu về sản lượng khai thác dầu khí của tập đoàn; đẩy mạnh mở rộng thị trường khí, sản phẩm lọc hóa dầu và các sản phẩm khác. Tiếp tục nâng cao công tác quản trị, tháo gỡ vướng mắc ở cơ quan quản lý Nhà nước đối với hoạt động sản xuất kinh doanh của tập đoàn; tăng cường nắm bắt, giải quyết khó khăn là mục tiêu tiếp theo Petrovietnam cần thực hiện. Cuối cùng, tập đoàn hướng đến tối ưu đầu tư, chi phí sản xuất, tăng cường tiết giảm chi phí hoạt động; hiện thực hóa chuỗi liên kết và tăng cường hỗ trợ lẫn nhau giữa các đơn vị. "
}