{
    "url": "https://vnexpress.net/le-truy-dieu-va-an-tang-nguyen-tong-bi-thu-le-kha-phieu-4146911.html",
    "label": "ThoiSu",
    "timestamp": "Thứ bảy, 15/8/2020, 12:15 (GMT+7)",
    "title": "Lễ truy điệu và an táng nguyên Tổng bí thư Lê Khả Phiêu",
    "content": "12h30 ngày 15/8, Phó thủ tướng Trương Hòa Bình bắt đầu lễ truy điệu, nhấn mạnh hơn 70 năm qua, nguyên Tổng bí thư Lê Khả Phiêu \"đã có nhiều đóng góp to lớn đối với sự nghiệp cách mạng vẻ vang của Đảng và dân tộc\", được Đảng, Nhà nước tặng thưởng Huân chương Sao vàng, huy hiệu 70 năm tuổi Đảng cùng nhiều huân, huy chương cao quý khác của Việt Nam và quốc tế... Hai ngày qua, 946 đoàn với trên 11.000 người gồm các lãnh đạo, đại diện các cơ quan, đơn vị, nhân sĩ, trí thức, chức sắc tôn giáo, cá nhân trong nước và quốc tế... đến viếng nguyên Tổng bí thư Lê Khả Phiêu tại Nhà tang lễ quốc gia (Hà Nội), hội trường Thống Nhất (TP HCM) và Hội trường 25B (TP Thanh Hóa). 27 đoàn ngoại giao và tổ chức quốc tế đến viếng, gồm hai đoàn lãnh đạo cấp cao của Đảng, Nhà nước Lào, Campuchia... Tại Nhà tang lễ quốc gia, số 5 Trần Thánh Tông, Hà Nội, các lãnh đạo, nguyên lãnh đạo Đảng, Nhà nước và đông đảo người dân... cùng dự lễ truy điệu trước khi tiễn đưa nguyên Tổng bí thư Lê Khả Phiêu về nơi an nghỉ cuối cùng tại nghĩa trang Mai Dịch. Trong bộ quân phục chỉnh tề, thượng úy Thái Thị Thành (74 tuổi, Hà Nội) có mặt ở Nhà tang lễ quốc gia từ sáng sớm. Bà nói 4h sáng 14/8 đến nhà tang lễ để viếng và sáng nay cũng dậy từ khi mặt trời chưa mọc để dự lễ truy điệu. Năm 16 tuổi, bà Thành đã tham gia cách mạng ở miền Trung, đầu những năm 1970 thì phục vụ nấu ăn cho thủ trưởng Lê Khả Phiêu cùng nhiều lãnh đạo khác ở Cục chính trị Quân khu Trị Thiên. Ấn tượng của bà Thành là trong lúc đất nước còn chiến tranh, thủ trưởng Lê Khả Phiêu đã đề nghị bà đi học y tá và nói \"sắp thống nhất rồi, đất nước sẽ cần nhiều hơn các thầy thuốc, nhân viên y tế\". Nhờ đi học mà bà đã gặp người chồng hiện nay. \"Dù giữ cương vị nào, thủ trưởng Phiêu luôn gần gũi, quan tâm đến anh chị em cấp dưới. Trong những lúc gian khổ, thiếu đói nhất, thủ trưởng vẫn chia sẻ, động viên chúng tôi để cùng nhau vượt qua. Hôm nghe tin thủ trưởng mất, vợ chồng tôi đều bàng hoàng\", bà Thành chia sẻ. Thủ tướng Nguyễn Xuân Phúc đọc lời điếu, có đoạn \"đồng chí Lê Khả Phiêu mất đi là tổn thất lớn đối với Đảng, Nhà nước, quân đội, nhân dân và đồng chí, đồng đội, gia quyến, để lại niềm tiếc thương đối với bạn bè quốc tế\". Theo lời điếu, nguyên Tổng bí thư Lê Khả Phiêu sinh ra trong gia đình nông dân nghèo ở xã Đông Khê, huyện Đông Sơn, tỉnh Thanh Hóa, sớm giác ngộ cách mạng khi mới 16 tuổi, tích cực tham gia dạy bình dân học vụ và làm công tác tuyên truyền ở xã. Tháng 6/1949, ông được kết nạp Đảng và phụ trách công tác tuyên truyền, làm Chánh văn phòng chi bộ xã. Tháng 5/1950, ông tham gia quân đội và \"luôn có mặt những địa bàn khó khăn, ác liệt\". Là cán bộ trưởng thành từ cơ sở, nguyên Tổng bí thư Lê Khả Phiêu đã kinh qua các chức vụ từ cấp đại đội, tiểu đoàn, trung đoàn... Ở bất cứ cương vị công tác, chiến trường nào, ông cũng luôn \"vượt qua mọi khó khăn gian khổ, chiến đấu và chỉ huy chiến đấu, xây dựng lực lượng quân đội đoàn kết nội bộ hoàn thành xuất sắc mọi nhiệm vụ được giao, thể hiện phẩm chất cao quý của bộ đội cụ Hồ...\". Cũng theo lời điếu, nguyên Tổng bí thư Lê Khả Phiêu là cán bộ được tôi luyện và trưởng thành qua trận mạc, khó khăn gian khổ, qua các cuộc kháng chiến giải phóng dân tộc, thống nhất đất nước, làm nhiệm vụ quốc tế cao cả, cũng như trong công cuộc xây dựng và bảo vệ Tổ quốc, trong giai đoạn nào, ông \"luôn hoàn thành xuất sắc trọng trách trước Đảng, nhà nước và nhân dân\". Nguyên Tổng bí thư Lê Khả Phiêu cũng luôn có những đóng góp tâm huyết, thẳng thắn, thể hiện chính kiến, dám chịu trách nhiệm. Những năm gần đây, mặc dù tuổi đã cao, sức khỏe giảm sút, ông vẫn tích cực tham gia đóng góp nhiều ý kiến cho Đảng, Nhà nước, quân đội... Ông Lê Minh Diễn - con trai nguyên Tổng bí thư Lê Khả Phiêu, gửi lời cảm ơn tới Đảng, Nhà nước, các cơ quan, đoàn thể và nhân dân... đã dành sự quan tâm, đến viếng và tiễn đưa nguyên Tổng bí thư về nơi an nghỉ cuối cùng. Thay mặt gia đình, ông Diễn \"có đôi lời tiễn biệt bố\", \"những dòng tâm sự tuy rằng rất muộn, khi bố đã đi xa mãi mãi\". Ông Diễn cho biết sinh ra đã quen với sự vắng mặt của bố, ký ức tuổi thơ chỉ là những buổi sơ tán, những buổi học trong cảnh trốn đạn bom, những buổi tối mắt nhắm mắt mở lên nhà rồi lại xuống hầm... Ông cũng quen với những trận mưa bão tốc mái, bung cửa nhà, gió lùa vào mọi ngõ ngách trong căn nhà vách đất. Vật lộn chống chọi với bom đạn, mưa bão, chỉ có mẹ và bốn bà cháu. Những hiểu biết của ông về bố chỉ là chú bố đội đang đi chiến trường chẳng biết bao giờ về. \"Chiến tranh kết thúc, bố chỉ về phép như bao người lính và tiếp tục lên đường với cuộc chiến biên giới Tây Nam và làm nghĩa vụ quốc tế. Tiếp bước bố, hai anh em con nhập ngũ và trở thành người lính. Con ra biên giới. Ở nhà chỉ có bà, mẹ và chị. Những năm 90, bố, con và em mới được về Hà Nội, gia đình mới được xum vầy đoàn tụ, nhưng vì là người lính, do điều kiện công tác, con cũng chưa có lần nào được tâm sự dài với bố\", ông Diễn nói. Ông Diễn nhắc lại lời dạy của bố mình với các con, \"được như ngày hôm nay phải biết ơn hàng triệu người đã ngã xuống, hàng nghìn gia đình đã mất người thân, nhiều nghìn người đã không còn thân thể ngày trở về, di chứng chiến tranh còn theo họ và gia đình đến tận bây giờ\". Dù tổng thời gian gần gũi và tâm sự với bố tính ra chưa đến một năm, ông Diễn cho biết đã học được ở bố rất nhiều, \"trong công việc và cuộc sống luôn lấy chữ tâm làm trọng\". \"Nay bố đã đi xa, tóc con cũng đã bạc màu. Con xin hứa sẽ luôn sống đúng như những lời răn dạy của bố và sẽ nuôi dạy thế hệ sau này như bố đã dạy con\", ông Diễn nói và xin lỗi bố vì đã không thực hiện được ý nguyện \"rải tro cốt ở ba dòng sông, nơi gắn liền với nhiều kỷ niệm của cuộc đời bố\". Ông xúc động nói \"bố ra đi để lại trong con dấu ấn của một thế hệ xả thân vì nước, vì dân; dấu ấn của một thời trọn vẹn cống hiến và hy sinh. Bố ra đi để lại nơi này dấu chân qua các cuộc chiến, dấu chân người lính\". Tại TP HCM, lễ truy điệu nguyên Tổng bí thư Lê Khả Phiêu được cử hành trang trọng tại hội trường Thống Nhất. Bí thư Thành ủy TP HCM Nguyễn Thiện Nhân, Phó chủ tịch nước Đặng Thị Ngọc Thịnh, Chánh văn phòng Trung ương Đảng Nguyễn Văn Nên... cùng nhiều vị lãnh đạo và cán bộ, nhân dân thành phố dự lễ truy điệu. Tại Thanh Hóa, từ sáng nay 15/8, hàng trăm người dân và lãnh đạo tỉnh dự lễ truy điệu tại hội trường 25B TP Thanh Hóa. Hôm qua tại TP Thanh Hóa mưa lớn nhưng sáng nay trời tạnh ráo, có nắng và gió nhẹ. Trước và trong giờ truy điệu, an ninh trên tuyến đường Quang Trung dẫn về trung tâm hội nghị 25B được thắt chặt, cảnh sát phân luồng phương tiện để các đoàn di chuyển thuận lợi. Trong hội trường 25B, khoảng gần một nghìn người dự lễ truy điệu. Bên ngoài, ban tổ chức bố trí màn hình cỡ lớn phục vụ người dân theo dõi. Tại nghĩa trang Mai Dịch (Hà Nội), trời mưa nhỏ và ngớt dần lúc lễ an táng bắt đầu. 14h05, đội danh dự chuyển linh cữu nguyên Tổng bí thư Lê Khả Phiêu vào vị trí. Sau khi linh cữu được hạ huyệt, lãnh đạo Đảng, Nhà nước và gia quyến... đi vòng quanh, thả những nắm hoa tiễn biệt ông. >>Ảnh lễ truy điệu và an táng nguyên Tổng bí thư Lê Khả Phiêu Nguyên Tổng bí thư Lê Khả Phiêu từ trần lúc 2h52 ngày 7/8 ở tuổi 89, tại Hà Nội. Ông sinh năm 1931, quê xã Đông Khê, huyện Đông Sơn, tỉnh Thanh Hóa. Từ năm 1964 đến năm 1992, ông lần lượt giữ các chức vụ trong quân đội: Chính uỷ kiêm Trung đoàn trưởng; Phó chủ nhiệm chính trị quân khu Trị Thiên; Chủ nhiệm Chính trị Quân đoàn II; Phó chính uỷ kiêm Chủ nhiệm chính trị quân khu IX; Phó bí thư khu uỷ Khu IX; Thiếu tướng, Chủ nhiệm Chính trị, Phó tư lệnh chính trị mặt trận 719; Trung tướng, Phó chủ nhiệm Tổng cục Chính trị; Thượng tướng, Chủ nhiệm Tổng cục Chính trị Quân đội nhân dân VN. Năm 1991 tại Đại hội lần thứ VII của Đảng, ông được bầu là Uỷ viên Ban chấp hành Trung ương. Tháng 6/1992 tại hội nghị Trung ương 3 (khóa VII), ông được bầu vào Ban bí thư; đến tháng 1/1994, được bầu vào Bộ Chính trị và tháng 4/1996 được phân công là Thường trực Ban bí thư. Năm 1996, tại Đại hội lần thứ VIII, ông tiếp tục được bầu vào Ban chấp hành Trung ương, Ủy viên Ban thường vụ Bộ Chính trị, Thường trực Bộ Chính trị. "
}