{
    "url": "https://vnexpress.net/sua-dac-ong-tho-giu-vung-thi-truong-trong-nuoc-va-xuat-khau-4303761.html",
    "label": "DoanhNghiep",
    "timestamp": "Thứ hai, 5/7/2021, 15:00 (GMT+7)",
    "title": "Sữa đặc Ông Thọ giữ vững thị trường trong nước và xuất khẩu",
    "content": "Theo nghiên cứu Kantar Brand Foot Print 2021, thực hiện tại 4 thành phố chính của Việt Nam và nông thôn Việt Nam vào năm 2020, Ông Thọ cùng với Ngôi Sao Phương Nam là 2 nhãn hiệu nằm trong top 5 thương hiệu được chọn mua nhiều nhất trong ngành hàng sữa và các sản phẩm từ sữa. Cả hai đều là những thương hiệu nổi bật thuộc sở hữu của Công ty cổ phần Sữa Việt Nam Vinamilk. Sữa đặc Ông Thọ là một sản phẩm truyền thống của Vinamilk, ra đời cùng với sự hình thành của công ty Vinamilk từ năm 1976. Có bề dày lịch sử và chất lượng được khẳng định qua 45 năm, sữa đặc Ông Thọ nhiều năm liền được bình chọn là Thương hiệu Quốc gia và được các thế hệ gia đình người Việt Nam tin dùng. Trước kia, sữa đặc ông Thọ được xem như là một loại \"xa xỉ phẩm\", hay được dùng để bồi bổ cho những người đau yếu, trẻ em. Lon đựng sữa Ông Thọ còn được dùng như một dụng cụ để định lượng nhiều loại thực phẩm như gạo, thóc, đậu đỗ... Ngày nay, sữa đặc Ông Thọ vẫn giữ vững vị trí của mình trong lòng người tiêu dùng Việt nhưng với hình ảnh tươi mới hơn nhờ các thiết kế bao bì và trọng lượng khác nhau để đáp ứng các nhu cầu đa dạng của người tiêu dùng. Là sản phẩm quen thuộc trong các gian bếp của nhiều gia đình, sữa đặc Ông Thọ được nhiều người dùng để chấm bánh mì, làm các món sinh tố, hoa quả dầm, làm bánh flan, sữa chua, nấu cà ri, lagu... để thêm hương vị, sự hấp dẫn và năng lượng cho bữa ăn gia đình. Không chỉ được người tiêu dùng trong nước yêu thích, sữa đặc có đường của Vinamilk, trong đó có nhãn hiệu Ông Thọ, còn là một trong những sản phẩm xuất khẩu chủ lực của Vinamilk, góp phần vào sự thành công của chiến lược \"vươn ra thế giới\" của doanh nghiệp sữa này. Năm 1998, bắt đầu với 3 thị trường xuất khẩu là Mỹ, Nga, Nhật, những sản phẩm sữa đặc của Vinamilk đã \"bôn ba\" chinh phục 21 quốc gia tính tới thời điểm hiện tại, bao gồm toàn bộ châu Á - Thái Bình Dương (APEC), một số nước châu Mỹ và châu Phi. Sau 22 năm, sản phẩm sữa đặc xuất khẩu của Vinamilk đã tăng trưởng 133 lần về sản lượng và 88 lần về giá trị. Cụ thể, năm 1998, Vinamilk xuất khẩu 120 tấn sữa đặc với giá trị 239.000 USD. Đến năm 2020, doanh nghiệp đã xuất khẩu được hơn 16 nghìn tấn sữa đặc, tương đương 21 triệu USD. Để giữ vững vị trí thương hiệu sữa đặc được yêu thích trong nước và mở rộng thị trường xuất khẩu, Ông Thọ được không ngừng cải tiến, đa dạng hóa mẫu mã, bao bì nhằm đáp ứng các nhu cầu khác nhau và phù hợp với nhiều đối tượng khách hàng. Ngoài lon thiếc truyền thống 380 gram, hộp giấy 1 lít, hộp giấy 380 gram, vỉ nhựa 40 gram, đầu năm nay, sữa đặc Ông Thọ còn tạo dấu ấn mới khi ra mắt mẫu bao bì dạng tuýp 165 gram, tạo thuận lợi cho người dùng khi pha chế hoặc đem đi du lịch. "
}