{
    "url": "https://vnexpress.net/tiki-tang-vat-tu-y-te-cung-ung-hang-thiet-yeu-gia-binh-on-4336148.html",
    "label": "DoanhNghiep",
    "timestamp": "Thứ sáu, 6/8/2021, 11:00 (GMT+7)",
    "title": "Tiki tặng vật tư y tế, cung ứng hàng thiết yếu giá bình ổn",
    "content": "Tiếp sức Sài Gòn, chung tay vượt qua dịch bệnh Tiếp nối chuỗi hoạt động tiếp sức Sài Gòn, chung tay vượt qua dịch bệnh, sàn thương mại điện tử Tiki đã trao tặng 400 bộ van và bình oxy đến Trung tâm Cấp cứu 115 với tổng trị giá hơn một tỷ đồng vào ngày 1/8. Hoạt động trao tặng thể hiện mong muốn được chung tay cùng Nhà nước, cộng đồng, góp sức trong công cuộc phòng chống Covid-19 tại tâm dịch TP HCM của đơn vị. Bên cạnh việc hỗ trợ thiết bị y tế cần thiết, từ ngày 22/7, Tiki đã tích cực hưởng ứng chương trình \"Thực phẩm lưu động bình ổn giá\" do Sở Công Thương TP HCM khởi xướng, chung tay cung ứng hàng hóa, lương thực, thực phẩm thiết yếu phục vụ người dân Sài Gòn. Sàn đã nhanh chóng triển khai chương trình \"Tiếp sức Sài Gòn, Tiki trao tươi ngon\" và ghi nhận nhiều phản hồi tích cực từ phía người tiêu dùng. Xuyên suốt chương trình, Tiki ghi nhận cung ứng gần 130 tấn rau, củ, quả với mức giá bình ổn trên toàn địa bàn thành phố. Số lượng đơn hàng ngành bách hóa và thực phẩm tươi sống cũng tăng gấp 5 lần. Đại diện sàn thương mại điện tử Tiki cho biết trong suốt thời gian diễn ra chiến dịch, có đến 95% đơn hàng TikiNOW giao trong ngày hoàn tất đúng hạn. Đây là minh chứng cho những nỗ lực không ngừng nghỉ của đội ngũ giao vận Tiki, trước bối cảnh dịch bệnh gây nhiều cản trở cho việc vận chuyển hàng hóa. \"Trước làn sóng Covid-19 diễn biến ngày càng phức tạp, đặc biệt là ở đợt bùng phát lần thứ tư này, ưu tiên hàng đầu của Tiki là đáp ứng đầy đủ nhu cầu tiêu dùng của người dân, qua việc cung cấp đa dạng các mặt hàng với giá bình ổn và chất lượng. Đồng thời, chúng tôi cũng cam kết đảm bảo dịch vụ giao hàng nhanh chóng và an toàn. Tiki rất vinh dự được góp sức trong cuộc chiến chống dịch cùng với Nhà nước và nhân dân, đồng lòng đẩy lùi dịch bệnh và khôi phục lại cuộc sống bình thường mới\", ông Nguyễn Chí Thọ, Giám đốc Cấp cao sàn giao dịch thương mại điện tử Tiki chia sẻ. Cam kết đồng hành cùng nhà bán và người tiêu dùng Về phía các đối tác, Tiki tích cực đẩy mạnh phối hợp với các cơ quan chức năng, hỗ trợ các nhà bán hàng địa phương đưa nông sản lên sàn trong chương trình xúc tiến thương mại quốc gia. Song song đó, sàn tiếp tục áp dụng các gói hỗ trợ cùng nhiều khóa huấn luyện, giúp nhà bán hàng lên sàn dễ dàng và nâng cao hiệu quả kinh doanh trên nền tảng. Cùng với các phương án giúp tăng trưởng doanh thu, duy trì kinh doanh, Tiki còn chú trọng đảm bảo sức khỏe cho khách hàng và đội ngũ nhân viên của mình. Trong suốt quá trình vận chuyển, nhân viên Tiki luôn nghiêm túc thực hiện quy định giãn cách. Ngoài có đủ giấy tờ thông hành và đảm bảo sức khỏe trong quá trình làm việc giữa tâm dịch, đội ngũ nhân viên giao hàng của Tiki luôn đảm bảo thực hiện theo nguyên tắc: không tiếp xúc, luôn đeo khẩu trang, giữ khoảng cách tối thiểu 2 m với khách hàng khi trao đổi hàng hóa và khai báo y tế mỗi ngày. Mặt khác, nhằm mục tiêu mang đến cho người tiêu dùng các sản phẩm chất lượng, giá cạnh tranh cùng dịch vụ giao hàng nhanh chóng, từ ngày 6-12/8, Tiki triển khai chương trình ưu đãi 8/8 với cao điểm trong ba ngày 8, 9 và 10/8. Cụ thể, ngày 6/8 ưu đãi mặt hàng công nghệ - điện máy; ngày 7/8 ưu đãi ngành hàng nhà cửa, bách hóa, thời trang; ngày 8-10/8 ưu đãi tất cả ngành hàng kèm loạt coupon hấp dẫn trong 8 khung giờ, hàng loạt thương hiệu đồng giảm nửa giá, deal đồng giá 8.000 đồng và 88.000 đồng. Hai ngày cuối 11, 12/8 vẫn tiếp tục ưu đãi toàn sàn, giảm giá đến 50%. Xem thêm thông tin chi tiết tại đây. "
}