{
    "url": "https://vnexpress.net/novaland-lai-hon-2-000-ty-dong-trong-quy-ii-4333030.html",
    "label": "DoanhNghiep",
    "timestamp": "Thứ bảy, 31/7/2021, 07:00 (GMT+7)",
    "title": "Novaland lãi hơn 2.000 tỷ đồng trong quý II",
    "content": "Lợi nhuận ghi nhận từ các dự án lớn Theo kết quả báo cáo tài chính hợp nhất quý II/2021 vừa công bố, hầu hết các chỉ tiêu kinh doanh của Công ty Cổ phần Tập đoàn Đầu tư Địa ốc No Va (HoSE: NVL) đều tăng trưởng mạnh trong bối cảnh nhiều doanh nghiệp chịu ảnh hưởng bởi dịch. Tổng doanh thu hợp nhất đạt gần 7.097 tỷ đồng, tăng gần 282% so với cùng kỳ năm 2020. Trong đó, doanh thu từ bán hàng đạt 6.344 tỷ đồng, tăng 541% so với cùng kỳ năm trước, chủ yếu ghi nhận từ việc bàn giao các dự án như Saigon Royal, Aqua City, NovaHills Mui Ne, Victoria Village, NovaWorld Ho Tram, NovaWorld Phan Thiet. Các dịch vụ do tập đoàn cung cấp cũng mang về doanh thu gần 753 tỷ đồng. Tính đến 30/6, tổng tài sản của doanh nghiệp này đạt gần 171.533 tỷ đồng, tăng 18% so với cuối năm 2020. Trong đó, hàng tồn kho ghi nhận hơn 103.241 tỷ đồng, chủ yếu đến từ việc tăng chi phí đầu tư phát triển tại các dự án như Aqua City, NovaWorld Phan Thiet, NovaWorld Ho Tram. 92% tổng hàng tồn kho (tương đương gần 94.731 tỷ đồng) là giá trị quỹ đất và chi phí dự án đang xây dựng, phần còn lại là bất động sản đã xây dựng hoàn thành và hàng hóa bất động sản, bất động sản hoàn thiện chờ bàn giao cho khách hàng. Trong quý hai, tập đoàn này thanh toán tổng giá trị vốn gốc và lãi vay là 16.782 tỷ đồng cho các khoản vay đến hạn và các khoản vay tất toán trước hạn từ nguồn tiền mặt sẵn có và nguồn tiền thu từ việc bán hàng. Số dư tiền và các khoản tương đương tiền, các khoản tiền gửi nắm giữ đến ngày đáo hạn tại các ngân hàng đạt 12.132 tỷ đồng, tăng 5% so với cùng kỳ 2020. Tổng nợ vay và nợ thuê tài chính của tập đoàn ghi nhận 51.303 tỷ đồng, tăng 4,9% so với cuối năm 2020. Tuy nhiên, vay và nợ thuê tài chính dài hạn đã giảm gần 4% so với cuối năm 2020 do thanh toán các khoản nợ vay, mua lại trái phiếu từ gói trái phiếu chuyển đổi quốc tế và từ việc trái chủ thực hiện chuyển đổi trái phiếu chuyển đổi quốc tế sang cổ phiếu. Đối với hoạt động huy động vốn, trong tháng 7 vừa qua, tập đoàn phát hành thành công 300 triệu USD trái phiếu chuyển đổi quốc tế, niêm yết trên Sàn giao dịch chứng khoán Singapore (SGX). Đợt phát hành ghi nhận sự quan tâm lớn từ nhà đầu tư quốc tế với giá trị đăng ký tham gia gấp hơn 2,5 lần so với kế hoạch phát hành ban đầu. Trong ba tháng qua, Novaland nhận giải ngân tổng cộng gần 16.794 tỷ đồng. Các khoản giải ngân được sử dụng cho các hoạt động M&A và đầu tư phát triển dự án. Đẩy mạnh giới thiệu sản phẩm và ra mắt các tiện ích nổi bật Trong 2 quý qua, tập đoàn này tiếp tục ghi nhận kết quả doanh thu và lợi nhuận khả quan đến từ hoạt động bán hàng, kết quả giao dịch tăng 227% so với cùng kỳ năm trước. Nhiều sự kiện giới thiệu sản phẩm và các chương trình ưu đãi đầu tư được tổ chức và duy trì dưới nhiều hình thức, phù hợp với diễn biến của thị trường và tình hình dịch bệnh Covid-19. Đầu tháng 7, tập đoàn này vừa ra mắt khu biệt thự Waikiki với diện tích 10,5ha nằm ngay lõi trung tâm của dự án NovaWorld Phan Thiet. Dòng biệt thự hạng sang này có số lượng giới hạn, với địa thế mang đến tầm nhìn \"đa tầng\", bao quát toàn cảnh vịnh Phan Thiết và công viên chủ đề 25ha. Bên cạnh đó, NovaWorld Ho Tram gây chú ý trong quý II với dòng sản phẩm biệt thự biển \"phiên bản giới hạn\" tại phân kỳ Habana Island. Định vị là phân kỳ cao cấp nhất tại NovaWorld Ho Tram, Habana Island gây tiếng vang với địa thế hai \"mặt tiền\" biển - sông và các căn second home sở hữu tầm nhìn panorama độc đáo. Trong tháng 6, NovaWorld Ho Tram cũng tiếp nhận khu suối khoáng nóng Bình Châu như một tiện ích phục vụ khách hàng đến tham quan và trải nghiệm dự án. Mới đây, tập đoàn cũng giới thiệu ra thị trường phân khu đắt giá tại dự án Aqua City mang tên Sun Harbor 1. Phân khu tọa lạc tại vị trí lõi trung tâm khu đô thị, phân khu này nổi bật với hệ thống tiện ích tổ hợp quảng trường - bến du thuyền Aqua Marina phong cách châu Âu. Aqua Marina có quy mô 2,7ha quy hoạch như một tổ hợp vui chơi - giải trí - mua sắm đẳng cấp với bến du thuyền chuẩn quốc tế, quảng trường với sức chứa 10.000 người... Aqua Marina đang trong gian đoạn hoàn thiện để ra mắt trong tháng 8. Ngoài các hoạt động kinh doanh nổi bật, Novaland còn tích cực các hoạt động chung tay cùng Chính phủ phòng chống Covid-19. Tập đoàn ủng hộ 100 tỷ đồng vào quỹ vaccine, trao tặng thiết bị y tế cấp thiết tại TP HCM, Bình Thuận, Cần Thơ và Vũng Tàu. "
}