{
    "url": "https://vnexpress.net/loat-san-pham-bang-amp-olufsen-cho-goc-lam-viec-tai-gia-4301506.html",
    "label": "DoanhNghiep",
    "timestamp": "Thứ bảy, 3/7/2021, 09:00 (GMT+7)",
    "title": "Loạt sản phẩm Bang & Olufsen cho góc làm việc tại gia",
    "content": "Hệ thống cửa hàng Bang & Olufsen\nHà Nội: Khách sạn Melia, 44B Lý Thường Kiệt, quận Hoàn Kiếm\nTel: +84 24 3946 0100\nTP HCM\n- Khách sạn Sheraton Saigon, 88 Đồng Khởi, quận 1\nTel: +84 24 3946 0100\n- Tầng 2, Gian 201-3, Takashimaya, 92-94 Nam Kỳ Khởi Nghĩa, quận 1\nTel: +84 28 3636 1214 "
}