{
    "url": "https://vnexpress.net/vi-sao-doanh-nghiep-kho-tiep-can-goi-ho-tro-26-000-ty-dong-4333711.html",
    "label": "DoanhNghiep",
    "timestamp": "Chủ nhật, 1/8/2021, 11:15 (GMT+7)",
    "title": "Vì sao doanh nghiệp khó tiếp cận gói hỗ trợ 26.000 tỷ đồng",
    "content": "Trong báo cáo gửi Thủ tướng Phạm Minh Chính mới đây, Ban Nghiên cứu Phát triển kinh tế tư nhân (Ban IV) cho biết, hướng dẫn thực hiện Nghị quyết 68 (gói hỗ trợ 26.000 tỷ đồng), thì điều kiện để doanh nghiệp vay trả lương cho lao động mất việc, ngừng việc vì Covid-19 và phục hồi sản xuất hiện chưa hợp lý. Điểm bất cập được Ban Nghiên cứu Phát triển kinh tế tư nhân chỉ ra là doanh nghiệp muốn vay theo gói hỗ trợ 26.000 tỷ đồng thì phải hoàn thành quyết toán thuế năm 2020 tại thời điểm đề nghị vay vốn. Trong khi theo pháp luật về thuế, doanh nghiệp có thể quyết toán thuế chu kỳ 3-5 năm, không bắt buộc quyết toán từng năm. Bối cảnh đại dịch xảy ra từ năm ngoái tới nay khiến doanh nghiệp hết sức khó khăn về tài chính nên việc yêu cầu phải quyết toán thuế năm 2020 cho dù doanh nghiệp chưa tới chu kỳ quyết toán cần thiết là một quy định chưa hợp lý. \"Những thủ tục này đang gây khó, khiến hầu hết doanh nghiệp không thể tiếp cận được gói hỗ trợ\", Ban IV nhận xét và kiến nghị Chính phủ xem xét loại bỏ quy định này, giúp doanh nghiệp tiếp cận gói hỗ trợ dễ dàng hơn. Trước đó, báo cáo Quốc hội ngày 25/7, Bộ trưởng Lao Động, Thương binh và Xã hội Đào Ngọc Dung cho biết, qua một tuần triển khai gói hỗ trợ 26.000 tỷ đồng, có 62 doanh nghiệp đăng ký và giải ngân 50,4 tỷ đồng, hỗ trợ cho hơn 13.500 lao động, gấp 10 lần gói 62.000 tỷ đồng. Hơn 52.000 người bị tạm hoãn hợp đồng lao động, nghỉ không hưởng lương tại gần 6.000 doanh nghiệp đã được hưởng chính sách. 5.500 hộ sản xuất kinh doanh được nhận tiền hỗ trợ. Ngân hàng Nhà nước đã triển khai tái cấp vốn. Ông Dũng đánh giá hồ sơ, thủ tục để thụ hưởng gói hỗ trợ 26.000 tỷ đồng khá thông thoáng, giảm 2/3 thủ tục và rút ngắn 2/3 thời gian so với gói 62.000 tỷ đồng trước đó. Có những chính sách không cần yêu cầu người lao động, người sử dụng lao động cung cấp hồ sơ mà dựa trên cơ sở dữ liệu đã có. Liên quan tới chiến lược tiêm vaccine Covid-19, báo cáo của Ban IV đề nghị, Thủ tướng giao Bộ Y tế hướng dẫn cụ thể, đưa ra danh sách các tỉnh, lĩnh vực ưu tiên bố trí nguồn vaccine, ngoài việc ưu tiên tiêm cho các lực lượng tuyến đầu chống dịch. Việc này để chính quyền các tỉnh, thành và doanh nghiệp tại các địa phương tính toán chủ động hơn kế hoạch duy trì hoạt động kinh tế xã hội, sản xuất kinh doanh. Riêng với cụm tỉnh phía Nam, hiện nguồn vaccine đang ưu tiên trực tiếp và nhiều nhất cho TP HCM, nhưng tình hình và diễn biến dịch tại Bình Dương, Đồng Nai và các tỉnh giáp ranh TP HCM đang có diễn biến giống nhau, và đều là các khu công nghiệp trọng điểm. Do đó, Ban IV đề xuất Chính phủ, Bộ Y tế quan tâm, phân bổ nguồn vaccine cho các tỉnh này đồng thời với TP HCM, để đẩy nhanh cơ hội miễn dịch cộng đồng. Bên cạnh đó, cộng đồng doanh nghiệp tiếp tục đề xuất Thủ tướng xem xét, cho phép doanh nghiệp có thể tự mua dụng cụ, chủ động xét nghiệm, tương tự chiến dịch \"selftest - tự mua dụng cụ để chủ động xét nghiệm\" mà Mỹ và các quốc gia châu Âu đã áp dụng. Việc này nhằm giúp doanh nghiệp và cả xã hội có thể tiết kiệm khoản chi phí cực lớn so với hình thức xét nghiệm dịch vụ hiện nay. Đồng thời, việc này cũng giúp người lao động tránh được các rủi ro lây lan dịch bệnh khi thường xuyên phải xếp hàng trong các đám đông đăng ký xét nghiệm, kiểm tra giấy kết quả xét nghiệm... Doanh nghiệp cũng kiến nghị Chính phủ, Bộ Lao động, Thương binh và Xã hội xem xét cơ chế (hoặc trình xin ý kiến Quốc hội để ban hành cơ chế), cho phép doanh nghiệp sau thời gian giãn cách xã hội được chủ động bố trí thời gian làm thêm của người lao động có thể hơn 40 giờ trong 1 tháng để giải quyết các công việc gấp, tồn đọng. "
}