{
    "url": "https://vnexpress.net/vietjet-ho-tro-chuyen-bay-dua-nhan-vien-y-te-vao-tp-hcm-4309619.html",
    "label": "DoanhNghiep",
    "timestamp": "Thứ năm, 15/7/2021, 09:00 (GMT+7)",
    "title": "Vietjet hỗ trợ chuyến bay đưa nhân viên y tế vào TP HCM",
    "content": "Cụ thể gần 1.000 y bác sĩ đến từ Vĩnh Phúc, Thái Nguyên, Thanh Hóa, Nghệ An, Huế... sẽ bay vào TP HCM trong thời gian từ 12/7 đến 20/7 để tham gia hỗ trợ công tác xét nghiệm tầm soát, tiêm chủng và phục vụ tại các bệnh viện dã chiến. Các y bác sĩ sẽ được chuyên chở trên các chuyến bay Vietjet từ khắp cả nước về TP HCM trong khuôn khổ các hỗ trợ của hãng hàng không này cùng Chính phủ, Bộ Y tế và người dân chống dịch. Trong ngày 13/7, chuyến bay VJ165 của Vietjet từ Hà Nội vào TP HCM cũng mang theo những lô vaccine Pfizer về thành phố. Đây là số vaccine được phân bổ cho TP HCM để nhanh chóng thực hiện mục tiêu tiêm chủng của thành phố trong giai đoạn cao điểm này. Tại buổi làm việc chiều 11/7, Thủ tướng Phạm Minh Chính cũng nêu rõ sẽ ưu tiên khoảng 25% tổng số vaccine phòng Covid-19 của cả nước cho TP HCM để đến hết tháng 7 tiêm ít nhất khoảng hai triệu liều cho người dân thành phố. Với tinh thần chung sức, đồng lòng cả nước cùng chống dịch, các đoàn y bác sĩ khắp cả nước thời gian qua đã liên tục tới các điểm nóng của dịch bệnh, từ Vĩnh Phúc, Hải Dương, Bắc Giang, Đà Nẵng và giờ là TP HCM. Cùng sự hỗ trợ của nguồn lực tư nhân từ doanh nghiệp và cộng đồng, công tác phòng chống Covid-19 được kỳ vọng sẽ nhanh chóng khởi sắc và kiểm soát được tình hình dịch bệnh, góp phần thực hiện mục tiêu kép trong thời gian tới. "
}