{
    "url": "https://vnexpress.net/bobby-trao-3-ty-dong-cho-quy-vaccine-covid-19-4303218.html",
    "label": "DoanhNghiep",
    "timestamp": "Thứ sáu, 2/7/2021, 16:20 (GMT+7)",
    "title": "Bobby trao 3 tỷ đồng cho Quỹ vaccine Covid-19",
    "content": "Hưởng ứng lời kêu gọi góp Quỹ vaccine Covid-19 của Chính Phủ, từ ngày 15/6 đến 15/7, nhãn hàng tã trẻ em Bobby triển khai chương trình \"Bobby cùng mẹ chung tay đánh bay Covid\", góp phần hỗ trợ Việt Nam tiêm vaccine miễn phí cho toàn dân, sớm miễn dịch cộng đồng, đưa cuộc sống trở lại bình thường. Cụ thể, với mỗi gói tã trẻ em Bobby bán ra tại tất cả kênh bán hàng trên toàn quốc, Bobby sẽ trích 3.000 đồng vào Quỹ vaccine Covid-19. Sau hai tuần phát động, chương trình nhận được sự ủng hộ từ hàng triệu bà mẹ. Trên mạng xã hội, nhiều mẹ bỉm sữa đã để lại bình luận bày tỏ sự cảm kích. Bà Eriko Sato, Giám đốc Tiếp thị Người tiêu dùng, công ty Diana Unicharm - cho biết: \"Dù đang đối mặt nhiều khó khăn do Covid-19 diễn biến phức tạp, Bobby vẫn mong muốn lan tỏa tinh thần đoàn kết cùng hàng triệu bà mẹ, chung tay đóng góp cho quỹ vaccine, cùng Việt Nam chiến thắng đại dịch\". Chương trình \"Bobby cùng mẹ chung tay đánh bay Covid\" kéo dài đến ngày 15/7. Nhãn hàng ước tính tổng tiền trích từ doanh số bán hàng trong giai đoạn này lên đến 6 tỷ đồng. Doanh nghiệp sẽ trao Quỹ vaccine Covid-19 đợt ủng hộ tiếp theo trước ngày 30/7. Bobby là một trong những thương hiệu tã trẻ em hàng đầu Việt Nam trực thuộc công ty cổ phần Diana Unicharm. Suốt 4 đợt dịch bùng phát, Diana Unicharm đã ủng hộ hơn 11 tỷ đồng cho ngành y, góp phần mua sắm thiết bị sinh phẩm, vaccine kết hợp các đợt ủng hộ nhanh hàng trăm nghìn sản phẩm băng vệ sinh Diana, tã giấy trẻ em và khăn ướt Bobby, tã giấy người lớn Caryn... tới các bệnh viện, khu vực bị phong tỏa toàn quốc. Công ty Cổ phần Diana Unicharm là thành viên của Tập đoàn Unicharm - nhà sản xuất hàng đầu Nhật Bản trong lĩnh vực sản phẩm chăm sóc vệ sinh cá nhân, có mặt ở 80 quốc gia. Tại Việt Nam, Diana Unicharm đặt sứ mệnh luôn đi đầu áp dụng công nghệ mới, sáng tạo sản phẩm chất lượng tốt nhất, phù hợp, góp phần nâng tầm chất lượng cuộc sống người Việt. "
}