{
    "url": "https://vnexpress.net/kinh-doanh-truc-tuyen-thanh-cong-nho-kinh-nghiem-tu-cong-dong-di-truoc-4327545.html",
    "label": "Ecommerce40",
    "timestamp": "Thứ sáu, 23/7/2021, 20:00 (GMT+7)",
    "title": "Kinh doanh trực tuyến thành công nhờ kinh nghiệm từ cộng đồng đi trước",
    "content": "Trong bối cảnh thương mại điện tử bùng nổ mạnh mẽ, ngày càng có nhiều nhà bán hàng, thương hiệu mới gia nhập hệ sinh thái thương mại điện tử nhằm đáp ứng nhu cầu tăng cao của thị trường. Song không phải ai cũng lập nghiệp thuận lợi, phát triển kinh doanh hiệu quả trên nền tảng trực tuyến này mà không vấp phải nhiều khó khăn, bỡ ngỡ và cần sự trợ giúp. Đó cũng là lý do thôi thúc Nguyễn Xuân Thành và Tôn Thất Tùng, hai nhà bán hàng nổi bật và là đại sứ của Lazada, đưa ra ý tưởng về dự án hỗ trợ nhà bán hàng mới. Với vốn kinh nghiệm tích lũy, tâm huyết và sự tiếp sức của sàn thương mại điện tử Lazada, Thành và Tùng đã thành công xây dựng nên cộng đồng nhà bán hàng quy mô lớn trên cả nước. Ý tưởng lớn xuất phát từ hoài bão lớn Với những nhà bán hàng mới lên sàn, điều cần thiết nhất là trau dồi kỹ năng và bổ sung kiến thức chuyên ngành. Cũng từ sự phát triển của thị trường, không ít hội nhóm quy tụ các nhà bán hàng dày dạn kinh nghiệm, chuyên gia thị trường ra đời, với mục tiêu nhiệt tình giúp đỡ, dẫn dắt những nhà bán hàng mới, chắp cánh đam mê kinh doanh trực tuyến cho họ. Vào thời điểm khi thương mại điện tử chưa phát triển như hiện nay, những nhà bán hàng đời đầu của nền tảng này gặp phải không ít khó khăn, thử thách do chưa đủ kinh nghiệm, không có người dẫn dắt. Trong số đó có anh Nguyễn Xuân Thành (Hà Nội), chủ cửa hàng tai nghe công nghệ Plextone. Từ nhiều năm trước, anh Thành đã sở hữu một cửa hàng bán máy tính, laptop ở nội thành Hà Nội. Dù đã biết đến thương mại điện tử từ năm 2015, tuy nhiên anh không mấy mặn mà, chỉ muốn tập trung kênh truyền thống. Không lâu sau đó, nhờ sự động viên và kêu gọi từ đội ngũ Lazada, lại chẳng cần bỏ ra chi phí gì, Xuân Thành quyết định thử mở gian hàng trên sàn thương mại điện tử này. Nhờ kiên trì, Nguyễn Xuân Thành nhanh chóng vươn lên vị trí nhà bán hàng nổi bật của Lazada chỉ sau hai năm, thành công đưa cửa hàng tai nghe Plextone trải qua điều kiện kiểm duyệt khắt khe, gia nhập LazMall. Nhìn lại hành trình \"lên sàn\" với nhiều thử thách, Nguyễn Xuân Thành nhận ra rằng sàn thương mại điện tử càng lớn mạnh thì nhà bán hàng mới có \"đất dụng võ\". Và để hệ sinh thái này phát triển bền vững, không chỉ nỗ lực cá nhân mà còn cần sự chung tay của cả cộng đồng nhà bán hàng lẫn doanh nghiệp, đối tác. Nghĩ là làm, ông chủ cửa hàng Plextone đã cùng đội ngũ Lazada bắt tay vào thành lập cộng đồng nhà bán hàng đầu tiên tại khu vực Hà Nội vào năm 2019.Tại đây, những người \"chân ướt, chân ráo\" có thể học hỏi, trau dồi kinh nghiệm để không lâm vào cảnh bỡ ngỡ, suýt nản chí như bản thân anh nhiều năm trước. Ra đời hơn hai năm, hội nhóm này hiện quy tụ hơn 10.000 nhà bán hàng. Tuy số lượng không quá đông đảo, nhưng từng thành viên đều được chọn lọc kỹ càng, xét duyệt dựa trên uy tín và chất lượng khắt khe. Từ chỗ chỉ có 9-12 người tham gia offline, trò chuyện, nay các buổi chia sẻ kinh nghiệm bán hàng của cộng đồng này quy tụ 50-70 người, thậm chí lên đến hơn 100 người chỉ sau một năm thành lập. Qua số thành viên gia nhập cộng đồng ngày một đông, Xuân Thành nhận ra rằng cộng đồng do anh thành lập cần có những hoạt động tuyên truyền, chia sẻ kiến thức chuyên nghiệp hơn để đáp ứng nhu cầu học hỏi, trao đổi kinh nghiệm của các nhà bán hàng mới lẫn cũ. Từ suy nghĩ đó, anh cùng với đội ngũ nhân viên Lazada đã nhanh chóng lên kế hoạch về dự án LazMaster với mục đích chính là xây dựng một cộng đồng nhà bán hàng lành mạnh, thân thiện, nhiệt tình. Tại LazMaster, bất cứ ai với đam mê kinh doanh trực tuyến đều có thể thoải mái chia sẻ kinh nghiệm, câu chuyện lập nghiệp và truyền cảm hứng, kinh nghiệm hữu ích đến những nhà bán hàng mới lẫn cũ của Lazada. Cùng hợp sức với Lazada và Xuân Thành mở rộng dự án ý nghĩa này còn có anh Tôn Thất Tùng, một trong những \"lá cờ đầu\" của khu vực TP HCM, tích cực kêu gọi các seller mới tham gia cộng đồng nhà bán hàng miền Nam. Anh cũng là người thường trực tiếp đứng ra tổ chức các cuộc họp mặt, chia sẻ kinh nghiệm của cộng đồng nhà bán hàng Lazada khu vực miền Nam với nhiều phương thức khác nhau. Bằng cách này, anh Tùng hy vọng có thể truyền cảm hứng cho càng nhiều nhà bán hàng càng tốt, giúp họ có nền tảng vững chắc và kinh doanh hiệu quả với thương mại điện tử. Trải qua nhiều khó khăn khi phải tự tìm tòi \"lên sàn\" trong thời gian đầu, tuy cách xa địa lý song Xuân Thành và Thất Tùng lại có chung ý tưởng và đam mê, đó là giúp đỡ những người mới gia nhập vững tin với hình thức kinh doanh mới mẻ. Nhất là trong bối cảnh hiện tại, thị trường thương mại điện tử bùng nổ mạnh mẽ chính là \"thời điểm vàng\" để các nhà bán hàng \"lên sàn\" và đầu tư nghiêm túc cho kênh tiêu thụ online tiềm lực này. Không để ai đơn độc trên \"thương trường số hóa\" khắc nghiệt Đây là mục tiêu lớn và cũng là phương châm hoạt động của LazMaster mà Lazada, Tôn Thất Tùng và Nguyễn Xuân Thành đề ra khi bắt tay vào thực hiện dự án này. LazMaster được xem là dự án trọng điểm của Lazada trong năm 2021, là nơi các nhà bán hàng mới học hỏi kinh nghiệm lẫn những \"thách thức\" hiện hữu của doanh nghiệp để cùng nhau giải quyết. Dự án có sự đồng hành của các nhà bán hàng nhiều năm kinh nghiệm, thể hiện qua hai hình thức kết nối nhà bán hàng theo nhóm 20 thành viên và tư vấn 1-1. Tất cả giảng viên (mentor) và thành viên (mentee) LazMaster sẽ đồng hành cùng nhau trong ba tháng, trải qua các nội dung chia sẻ thiết thực như: lập kế hoạch sản phẩm, các công cụ và thao thác bán hàng nâng cao tại Lazada, thủ thuật thu hút và tăng lượt truy cập gian hàng, cải thiện tỷ lệ chuyển đổi mua hàng, quản lý tài chính, quản lý logistics... Chứng kiến ý tưởng của mình được ủng hộ và được Lazada hỗ trợ xây dựng ngày một lớn mạnh hơn, Xuân Thành không khỏi vui mừng. \"Ấp ủ ý tưởng LazMaster từ lâu và đã vận hành thử nghiệm chương trình qua hai mùa, tôi cảm thấy rất tự hào và vinh dự khi đứa con tinh thần của mình được Lazada hỗ trợ nhân rộng trên quy mô toàn quốc, thu hút thêm nhiều nhà bán hàng tham gia. Hy vọng với nội dung đề cao tính thực tế, không nặng lý thuyết, LazMaster sẽ là cầu nối hữu ích giữa các nhà bán hàng, cùng nhau chia sẻ kinh nghiệm và tăng trưởng doanh thu\", anh bày tỏ. Với cương vị đồng trưởng dự án, Tôn Thất Tùng cũng thể hiện niềm tin rằng LazMaster sẽ là chương trình ý nghĩa với các nhà bán hàng mới gia nhập môi trường kinh doanh trực tuyến. Dưới sự dẫn dắt của hai trưởng dự án cùng sự hỗ trợ nhiệt tình của đội ngũ Lazada, dự án LazMaster đã trải qua ba mùa thành công ngoài mong đợi, quy tụ hơn 800 nhà bán hàng từ cả TP.HCM và Hà Nội. Ngoài truyền cảm hứng và thu hút những nhà bán hàng mới, mở ra cơ hội chuyển đổi số cho họ, LazMaster còn truyền tải thông điệp ý nghĩa về một cộng đồng nhà bán hàng lành mạnh, tác động tích cực lẫn nhau, cùng phát triển bền vững trong thời đại 4.0 với nhiều biến động như hiện tại. Nguyễn Xuân Thành và Tôn Thất Tùng chính là minh chứng điển hình cho những người trẻ luôn mong muốn được đóng góp ý tưởng và sức mình vào sự phát triển bền vững của cộng đồng. Cùng với đó là sự tiếp sức thiết thực và hỗ trợ của sàn thương mại điện tử, chắp cánh cho những hoài bão lớn trở thành hiện thực. "
}