{
    "url": "https://vnexpress.net/xe-cho-hang-thiet-yeu-xuat-nhap-khau-van-duoc-luu-thong-sau-18h-4330910.html",
    "label": "DoanhNghiep",
    "timestamp": "Thứ hai, 26/7/2021, 17:48 (GMT+7)",
    "title": "Xe chở hàng thiết yếu, xuất nhập khẩu vẫn được lưu thông sau 18h",
    "content": "Sáng 26/7, nhiều doanh nghiệp phía Nam cho biết vô cùng lo lắng, sợ hàng hóa khó lưu thông khi TP HCM quy định ngưng các hoạt động từ 18h đến 6h sáng hôm sau. Chiều cùng ngày, trong văn bản khẩn tới các Sở, ban, ngành và Chủ tịch UBND thành phố Thủ Đức và các quận huyện, TP HCM đã có hướng dẫn chi tiết về các đối tượng được lưu thông trong khung giờ này. Cụ thể, đó là các phương tiện vận chuyển hàng hóa thiết yếu; phương tiện đưa đón lực lượng thực hiện nhiệm vụ phòng chống dịch; phương tiện đưa đón công nhân tại các doanh nghiệp thực hiện \"một cung đường hai điểm đến\"; phương tiện vận chuyển vật tư phục vụ sản xuất hàng hóa xuất khẩu. Tương tự với các cửa hàng bán lẻ xăng dầu ở 12 cửa ngõ chính của thành phố cũng được phép hoạt động. Với việc đi mua lương thực thực phẩm thiết yếu của người dân, TP HCM đề nghị các địa phương phát phiếu theo hộ gia đình ngày chẵn lẻ trên khung giờ được phép để giảm tối đa mật độ tiếp xúc. Hôm nay các siêu thị cũng đã đồng loạt điều chỉnh giờ hoạt động. Theo đó, tất cả hệ thống đều cho biết đóng cửa trước 17h hàng ngày. "
}