{
    "url": "https://vnexpress.net/thep-nam-kim-lai-gap-20-lan-cung-ky-4309359.html",
    "label": "DoanhNghiep",
    "timestamp": "Thứ tư, 14/7/2021, 14:36 (GMT+7)",
    "title": "Thép Nam Kim lãi gấp 20 lần cùng kỳ",
    "content": "Báo cáo tài chính quý II của Công ty cổ phần Thép Nam Kim (NKG) ghi nhận doanh thu hơn 7.000 tỷ đồng, gấp ba lần cùng kỳ năm ngoái. Lợi nhuận gộp giai đoạn này đạt khoảng 1.300 tỷ đồng, tương ứng tỷ suất sinh lời 18,6% trong khi cùng kỳ chỉ 4,6%. Chi phí bán hàng và quản lý doanh nghiệp đều tăng mạnh nhưng Thép Nam Kim vẫn báo lãi sau thuế 847 tỷ đồng – mức cao kỷ lục từ trước đến nay. Luỹ kế sáu tháng đầu năm công ty ghi nhận doanh thu 11.680 tỷ đồng, tăng 165% và vượt cả năm ngoái. Doanh thu nội địa chiếm khoảng 5.100 tỷ đồng trong số này, còn lại đến từ xuất khẩu. Lợi nhuận sau thuế đạt 1.166 tỷ đồng, gấp 20 lần so với cùng kỳ và 4 lần so với cả năm ngoái. Công ty đặt mục tiêu năm nay doanh thu 16.000 tỷ đồng trên cơ sở sản lượng tiêu thụ đạt 900.000 tấn và lãi sau thuế 600 tỷ đồng. Chia sẻ tại phiên họp thường niên hồi tháng 4, ông Võ Hoàng Vũ - Tổng giám đốc công ty cho biết kế hoạch này được xây dựng đầu năm khi giá thép thấp. Lúc đó, thép ở mức 700-750 USD một tấn nhưng cuối tháng 4 tăng lên 930-950 USD. Vì vậy, kế hoạch lợi nhuận đã hoàn thành ngay trong nửa năm và nếu khả quan, doanh thu đến cuối năm có thể đạt 19.000 tỷ đồng. Khoản lãi lớn giúp lợi nhuận sau thuế chưa phân phối tính đến cuối kỳ tăng vọt lên 1.713 tỷ đồng. Tổng nguồn vốn cũng tăng gần gấp đôi so với đầu năm, lên 14.080 tỷ đồng. Nợ phải trả chiếm hơn 9.500 tỷ đồng trong số này, tăng khoảng 5.000 tỷ đồng. "
}