{
    "url": "https://vnexpress.net/novaland-tang-thiet-bi-y-te-ho-tro-binh-thuan-chong-dich-4309731.html",
    "label": "DoanhNghiep",
    "timestamp": "Thứ năm, 15/7/2021, 09:00 (GMT+7)",
    "title": "Novaland tặng thiết bị y tế hỗ trợ Bình Thuận chống dịch",
    "content": "Các trang thiết bị trao tặng lần này gồm hệ thống tách chiết DNA/RNA tự động, máy Real-time PCR nguyên khối, tủ tách chiết DNA/RNA bán tự động, tủ đặt phản ứng PCR bán tự động, máy ly tâm thường, máy ly tâm lạnh tốc độ cao... Các thiết bị này được kỳ vọng giúp kết quả khẳng định có tính chính xác cao, từ đó bảo đảm an toàn hơn cho đội ngũ y, bác sĩ. Không chỉ xét nghiệm Covid-19, máy còn xét nghiệm hầu hết các loại virus và siêu vi khác nhanh chóng, chính xác, hiệu quả, góp phần giảm thiểu nguy cơ lây lan dịch bệnh trong cộng đồng. B.S Đỗ Văn Anh - Giám đốc Bệnh viện đa khoa khu vực La Gi đánh giá cao sự hỗ trợ của Novaland đến với ngành y tế Bình Thuận cũng như bệnh viện đa khoa khu vực La Gi. \"Nhờ có các thiết bị này, chúng tôi không cần chuyển mẫu đi xa xét nghiệm và có thể biết kết quả trong thời gian ngắn, giúp quá trình xét nghiệm thêm chính xác và phát huy hiệu quả. Bệnh viện có thể sử dụng các thiết bị này trong các hoạt động xét nghiệm y tế thường nhật, lâu dài\", ông Đỗ Văn Anh nhấn mạnh. Hiện, Bình Thuận có 19 bệnh nhân trong đợt bùng phát dịch Covid-19 lần này. Ban chỉ đạo phòng chống Covid-19 đánh giá, Bình Thuận có nhiều khu du lịch, khu công nghiệp, dự án nhiệt điện, đường cao tốc đang thi công... nên lượng công dân, du khách đến công tác, làm việc cao. Do vậy, nguy cơ dịch xâm nhập, lây lan vào tỉnh rất cao. Mới đây, UBND tỉnh Bình Thuận chỉ đạo dừng các hoạt động các lễ hội, hội chợ, chợ đêm, các hoạt động văn hóa, giải trí tại các điểm công cộng, giải đấu thể thao, sự kiện có tập trung đông người. Cùng với đó, công tác giám sát và xét nghiệm nhằm phát hiện sớm có vai trò quan trọng nhằm triển khai các biện pháp khoanh vùng, xử lý triệt để ổ dịch và giảm nguy cơ lây nhiễm trên diện rộng. Trong bối cảnh đó, sự hỗ trợ của Novaland góp phần hỗ trợ tỉnh phòng chống dịch tốt hơn. Trước đó, Tập đoàn Novaland cũng trao hàng nghìn khẩu trang, nước sát khuẩn đến nhiều khu vực trên địa bàn tỉnh. Liên tiếp nhiều năm trở lại đây, Tập đoàn cũng chung tay cùng tỉnh Bình Thuận trong công tác khuyến học, an sinh xã hội tại nhiều nơi như TP Phan Thiết, huyện Tánh Linh, Bắc Bình... Ngoài Bình Thuận, ngay từ khi dịch bệnh xuất hiện, tập đoàn cũng đồng hành cùng nhiều tỉnh thành khác trên cả nước phòng chống và đẩy lùi dịch bệnh. Doanh nghiệp đóng góp 100 tỷ đồng vào quỹ vaccine, hỗ trợ trang thiết bị y tế cấp thiết, hiện đại phòng chống dịch Covid-19 đến TP HCM, Phú Yên; trao tặng trực tiếp máy lọc máu liên tục, máy giúp thở, phòng cách ly áp lực âm đến Bệnh viện Nhân dân 115 TP HCM; tặng 2 xe cấp cứu đến Trung tâm Cấp cứu 115 TP HCM... Hiện, tổng ngân sách doanh nghiệp hỗ trợ cả nước lên đến gần 140 tỷ đồng. "
}