{
    "url": "https://vnexpress.net/pvn-lai-dam-nua-dau-nam-nho-gia-dau-tang-vot-4307268.html",
    "label": "DoanhNghiep",
    "timestamp": "Thứ bảy, 10/7/2021, 09:43 (GMT+7)",
    "title": "PVN lãi đậm nửa đầu năm nhờ giá dầu tăng vọt",
    "content": "Báo cáo kết quả kinh doanh 6 tháng đầu năm của Tập đoàn Dầu khí Việt Nam (PVN) cho thấy, sản lượng dầu thô, condensate (hỗn hợp được sử dụng để sản xuất ra các sản phẩm như xăng, dầu hỏa, diesel...) vượt 15% so với kế hoạch. Tính chung nửa đầu năm, sản lượng khai thác quy dầu đạt gần 9,7 triệu tấn. Nhờ đó, tình hình tài chính của PVN đã \"xoay chiều\" so với cùng kỳ 2020. Tập đoàn này đạt luỹ kế doanh thu 6 tháng 229.300 tỷ đồng, tăng 22% so với 6 tháng 2020. Lãi trước thuế hợp nhất 21.300 tỷ đồng, gấp ba lần cùng kỳ 2020 và vượt 165% kế hoạch. Chỉ số tài chính tốt giúp tập đoàn này nộp ngân sách vượt 42% kế hoạch 6 tháng, đạt 45.200 tỷ đồng. Nguyên nhân lãi tăng mạnh được PVN cho biết nhờ giá dầu đã tăng trở lại trên thị trường toàn cầu trong suốt nửa đầu năm nay. Bình quân giá dầu thô 6 tháng đầu năm nay là 66,8 USD một thùng, tăng gấp đôi so với cùng kỳ 2020 và tăng gần 50% so với kịch bản giá dầu mà PVN xây dựng. Nhiều dự báo cho thấy, giá dầu thô trên thị trường thế giới vẫn sẽ tăng trong nửa cuối năm nay, thậm chí có thể lên tới 100 USD một thùng, theo dự báo của cựu Bộ trưởng Năng lương Mỹ Dan Brouillette nói với CNBC. Chốt phiên giao dịch trên thị trường thế giới, giá dầu Brent tương lai tăng 1,43 USD lên 75,55 USD một thùng, giá dầu WTI tăng 1,62 USD lên 74,56 USD mỗi thùng. Tuy nhiên, nếu OPEC+ không đạt được thoả thuận tăng sản lượng khai thác, có thể giá dầu sẽ giảm. Ngoài giá dầu tăng, sự hồi phục của thị trường nước ngoài và nội địa nhờ Covid-19 được kiểm soát, giúp các mặt hàng kinh doanh khác của PVN như xăng, khí, đạm... tăng sản lượng bán, đem lại nguồn thu tốt cho \"ông lớn\" dầu khí. Theo ông Lê Mạnh Hùng - Tổng giám đốc PVN, với các chỉ số kinh doanh, chỉ tiêu tài chính tăng trưởng cao trong nửa đầu năm, tập đoàn này kỳ vọng sẽ sớm phục hồi so với giai đoạn trước Covid-19 diễn ra. PVN cũng tiếp tục tối ưu, giảm chi phí hoạt động (6 tháng đầu năm giảm 1.700 tỷ đồng) và tăng chuỗi liên kết các doanh nghiệp, công ty con trực thuộc để tối ưu hoá sản xuất, kinh doanh. Hiện PVN đã tiêm vaccine Covid-19 cho khoảng 10.000 cán bộ, nhân viên. "
}