{
    "url": "https://vnexpress.net/so-luong-doanh-nghiep-moi-thanh-lap-cao-ky-luc-4303941.html",
    "label": "DoanhNghiep",
    "timestamp": "Thứ bảy, 3/7/2021, 19:47 (GMT+7)",
    "title": "Số lượng doanh nghiệp mới thành lập cao kỷ lục",
    "content": "Theo dữ liệu của Cục Quản lý đăng ký kinh doanh (Bộ Kế hoạch và Đầu tư), con số này cao nhất tính theo giai đoạn sáu tháng đầu năm từ trước đến nay. Một số địa phương chịu ảnh hưởng nặng nhất từ đợt bùng phát dịch tháng 4 vẫn tăng trưởng về số lượng doanh nghiệp mới, điển hình như Bắc Giang tăng gần 12%, TP HCM 5%, Bắc Ninh là 1%. Không tính hai doanh nghiệp mới thành lập tại TP HCM với số vốn lần lượt là 25.000 tỷ đồng và 500.000 tỷ đồng thì tổng vốn đăng ký của các doanh nghiệp mới trong giai đoạn này đạt 942.000 tỷ đồng, tăng 34% so với cùng kỳ. Vốn đăng ký mới chiếm gần 45% tổng vốn bổ sung vào nền kinh tế trong giai đoạn này. Bình quân mỗi doanh nghiệp có vốn đăng ký ban đầu là 14 tỷ đồng. Kinh doanh bất động sản là ngành có số lượng doanh nghiệp đăng ký mới tăng mạnh nhất với 44,8%, tiếp đến là y tế, giáo dục và vận tải kho bãi. Ở chiều ngược lại, sản xuất phân phối ghi nhận số lượng doanh nghiệp mới giảm gần phân nửa so với cùng kỳ. Các ngành dịch vụ lưu trú và ăn uống, dịch vụ việc làm, nông lâm thuỷ sản cũng có sự thụt lùi về lượng doanh nghiệp gia nhập thị trường. Báo cáo của Cục Quản lý đăng ký kinh doanh cho rằng số lượng doanh nghiệp mới tăng mạnh thể hiện nỗ lực và tinh thần khởi nghiệp của cộng đồng doanh nghiệp trong bối cảnh dịch bệnh. Đây cũng là tín hiệu tích cực cho thấy hoạt động sản xuất, kinh doanh phục hồi khá mạnh so với năm ngoái. Tuy nhiên, hai đợt dịch bùng phát vào tháng 1 và tháng 4 cũng tác động tiêu cực đến các doanh nghiệp hiện hữu. Hơn 70.200 doanh nghiệp đã rút lui khỏi thị trường trong sáu tháng, tăng gần 25% so với cùng kỳ. Trong đó, số lượng tạm ngừng kinh doanh chiếm trên 35.600 doanh nghiệp và chờ giải thể 24.600 doanh nghiệp. Phần còn lại gần 10.000 doanh nghiệp đã hoàn tất thủ tục giải thể Phần lớn doanh nghiệp chọn phương án đóng cửa có tuổi đời dưới 5 năm, quy mô nhỏ, chủ yếu hoạt động trong lĩnh vực thương mại và dịch vụ. Cụ thể, hơn 89% doanh nghiệp rút khỏi thị trường nửa đầu năm có vốn dưới 10 tỷ đồng, trong khi trên 100 tỷ đồng chỉ khoảng 1%. "
}