{
    "url": "https://vnexpress.net/vietjet-dat-ke-hoach-doanh-thu-hop-nhat-nam-2021-tang-20-4301497.html",
    "label": "DoanhNghiep",
    "timestamp": "Thứ ba, 29/6/2021, 12:00 (GMT+7)",
    "title": "Vietjet đặt kế hoạch doanh thu hợp nhất năm 2021 tăng 20%",
    "content": "Công ty Cổ phần Hàng không Vietjet vừa tổ chức đại hội đồng cổ đông vào sáng 29/6 tại TP HCM nhằm tổng kết kinh doanh, biểu quyết thông qua báo cáo kiểm toán 2020, kế hoạch phát triển năm 2021. Theo đại diện Vietjet, khởi đầu năm nay thị trường hàng không có dấu hiệu khởi sắc. Vì vậy hãng đã xây dựng kế hoạch kinh doanh 2021 với thông điệp \"Trở lại bầu trời\", tăng trưởng kinh doanh nội địa và sẵn sàng cho kinh doanh quốc tế từ tháng 7. Với tình hình diễn biến phức tạp của Covid-19, đại hội đã thông qua nghị quyết xây dựng lại kế hoạch kinh doanh thận trọng năm 2021. Cụ thể, Vietjet đặt kế hoạch 2021 với doanh thu vận tải hàng không 15.500 tỷ đồng, doanh thu hợp nhất 21.900 tỷ đồng, tăng trưởng 20% so với năm 2020. \"Kế hoạch này dựa trên nền tảng thúc đẩy mạnh mẽ doanh thu vận tải hàng hóa, mở rộng kinh doanh dịch vụ hàng không mới, dịch vụ đào tạo nhân lực, dịch vụ sửa chữa kỹ thuật tàu bay, đầu tư dự án và tài chính bên cạnh vận tải hàng không, chuẩn bị sẵn sàng cho giai đoạn phục hồi\", đại diện hãng nhấn mạnh. Vietjet tiếp tục chiến lược xác định khách hàng là trọng tâm, nỗ lực đổi mới, sáng tạo; ứng dụng công nghệ vào tất cả các dịch vụ và công tác vận hành, tăng tốc hoạt động kinh doanh nhằm nâng cao năng suất, chất lượng phục vụ khách hàng. Hãng kỳ vọng đạt tỷ lệ lấp đầy chuyến bay trên 80%, tỷ lệ đúng giờ trên 90%, tổng số hành khách vận chuyển 15 triệu lượt khách trên toàn mạng bay. Bên cạnh đó hãng tập trung đầu tư cơ sở vật chất kỹ thuật, thiết bị cho Học viện Hàng không Vietjet, đầu tư công viên công nghệ, đón nhận các hoạt động, chuyên gia trong lĩnh vực công nghệ hàng không... nhằm hiện thực hóa mục tiêu vào nhóm những hãng hàng không hàng đầu thế giới. Đại hội đã thông qua tờ trình báo cáo phân phối lợi nhuận năm 2020 và kế hoạch phân phối lợi nhuận năm 2021. Theo đó tiếp tục thực hiện chia cổ tức 25% bằng cổ phiếu, tập trung nguồn lực cho vận tải hàng không và giao HĐQT quyết định kế hoạch phân phối lợi nhuận năm 2021. Nhằm đảm bảo nguồn lực để phát triển an toàn và hiệu quả khi thị trường quay trở lại, đại hội thông qua và giao HĐQT quyết định phương án tăng vốn điều lệ thông qua phát hành chào bán cổ phần riêng lẻ tối đa 15% vốn điều lệ. Đồng thời triển khai phương án phát hành trái phiếu quốc tế 2021-2022 trị giá 300 triệu USD tăng cường giá trị nội tại cho phép Vietjet thực hiện thành công chiến lược nâng cao năng lực tài chính, tiếp tục phát triển bền vững. Ngoài ra công ty sẽ chào bán 10 triệu cổ phiếu cho người lao động để thúc đẩy đổi mới sáng tạo, khích lệ tinh thần làm việc và sự gắn bó lâu dài của người lao động góp phần nâng cao hiệu quả kinh doanh của Vietjet. Về kết quả kinh doanh kiểm toán năm 2020, doanh thu của công ty mẹ năm 2020 ở mức 15.203 tỷ đồng và lỗ hoạt động vận tải hàng không 1.453 tỷ đồng, thấp hơn so với dự kiến. Doanh thu hợp nhất 18.220 tỷ đồng và lợi nhuận hợp nhất 68 tỷ đồng. \"Với kết quả trên, chúng tôi duy trì toàn bộ hoạt động khai thác chính, không để người lao động mất việc làm và đạt kết quả kinh doanh có lợi nhuận trong năm 2020\", đại diện Vietjet chia sẻ. Báo cáo tài chính kiểm toán 2020 ghi nhận tổng tài sản của Vietjet đạt 45.197 tỷ, nguồn vốn chủ sở hữu 17.325 tỷ đồng bao gồm cổ phiếu quỹ. Chỉ số nợ vay trên vốn chủ sở hữu ở mức thấp 0,66 lần và chỉ số thanh khoản hiện hành tiếp tục duy trì ở mức 1,28 lần, mức tốt trong ngành hàng không thế giới. "
}