{
    "url": "https://vnexpress.net/apollo-silicone-va-triet-ly-cho-di-la-con-mai-4327126.html",
    "label": "DoanhNghiep",
    "timestamp": "Thứ ba, 20/7/2021, 11:00 (GMT+7)",
    "title": "Apollo Silicone và triết lý ‘cho đi là còn mãi’",
    "content": "Hòa vào dòng chảy nhân ái của người dân TP HCM, Apollo Silicone cùng đội ngũ khách hàng, đối tác, cộng sự đã chung tay đóng góp, ủng hộ cho công tác phòng chống dịch. Trong đó, giai đoạn 1, công ty đã hỗ trợ các khu vực Bình Tân, Thủ Đức, Gò Vấp... với các đơn vị hoạt động trực tiếp nơi tuyến đầu chống dịch của thành phố như Ủy ban Mặt trận Tổ quốc Thành phố Thủ Đức, Đại học Y Dược TP HCM; Trung tâm Y tế quận Bình Tân; Trung tâm Y tế Gò Vấp... nhằm tiếp sức cho thành phố nói riêng, cũng là đóng góp một phần nhỏ vào công cuộc chống dịch của cả nước nói chung. Với triết lý \"Cho đi là còn mãi\" xuyên suốt gần 20 năm qua kể từ khi thành lập, tập thể lãnh đạo và nhân viên Apollo Silicone tích cực đóng góp cho các hoạt động thiện nguyện. \"Chúng tôi xem việc chia sẻ trách nhiệm xã hội, chung vai gánh vác những khó khăn chung của cộng đồng là lẽ tất yếu, là trách nhiệm và là bổn phận của những người làm kinh doanh như chúng tôi\", ông Ngô Quốc Cường, đại diện Công ty Cổ phần Apollo Silicone chia sẻ. Như một hiệu ứng \"tâm truyền tâm\", những chuyến hàng, những hoạt động thiện nguyện của Apollo Silicone đã nhanh chóng lan tỏa đến những khách hàng thân thiết và đối tác, cộng sự của công ty, trong đó có đối tác chiến lược - Tập đoàn Shinetsu, Nhật Bản. \"Chúng tôi thực sự được truyền cảm hứng bởi những hoạt động từ Apollo Silicone trong bối cảnh Việt Nam hiện tại, khi chúng ta đều đang bị ảnh hưởng bởi Covid-19\", một nhân sự cấp cao của Tập đoàn Shinetsu chia sẻ về lý do quyết định chung sức cùng với Apollo Silicone hỗ trợ và chăm sóc những lực lượng tuyến đầu phòng chống dịch tại Việt Nam, đặc biệt là TP HCM hiện nay. Mặc dù gặp nhiều khó khăn do dịch bệnh đang diễn biến phức tạp, giá cả đầu vào nguyên vật liệu không ngừng tăng cao, các quy định giãn cách xã hội đang áp dụng để kiểm soát dịch bệnh cũng gây ra các khó khăn tạm thời trong vận chuyển, phân phối, nhưng toàn thể nhân viên và ban lãnh đạo Công ty Cổ phần Apollo Silicone vẫn đang ngày đêm cố gắng, vượt qua khó khăn. Tất cả cùng hướng về cộng đồng với mong muốn chung tay giúp sức cải thiện phần nào điều kiện sinh hoạt và khám chữa bệnh tại các vùng dịch trọng điểm hiện nay của TP HCM. \"Chúng tôi tin rằng với triết lý ‘cho đi là còn mãi’, tất cả sẽ luôn cùng vững bước trên con đường kiến tạo giá trị vững bền và kinh doanh tử tế, bởi ‘một lần chạm là một đời gắn kết’\", đại diện Apollo Silicone chia sẻ. "
}