{
    "url": "https://vnexpress.net/hdbank-chia-co-tuc-ty-le-25-4304202.html",
    "label": "DoanhNghiep",
    "timestamp": "Thứ hai, 5/7/2021, 08:00 (GMT+7)",
    "title": "HDBank chia cổ tức tỷ lệ 25%",
    "content": "Phương án chia cổ tức năm 2020 bằng cổ phiếu của HDBank đã được Ngân hàng Nhà nước chấp thuận. Cụ thể, ngân hàng sẽ phát hành hơn 398 triệu cổ phiếu để chia cổ tức cho cổ đông với tỷ lệ phân phối 25%. Nguồn vốn để phát hành từ lợi nhuận chưa phân phối đã được kiểm toán và trích lập đầy đủ các quỹ theo quy định. Việc chốt danh sách cổ đông nhận cổ tức dự kiến sẽ thực hiện trong tháng 7. Trong quý I, HDBank ghi nhận lợi nhuận trước thuế hơn 2.100 tỷ đồng, tăng 68% so với cùng kỳ năm 2020, hoàn thành gần 30% kế hoạch cả năm. Thu nhập dịch vụ tăng gấp hai lần cùng kỳ năm trước. Tiềm năng của các mảng bancassurance, tài chính tiêu dùng, thẻ tín dụng và sản phẩm dịch vụ cũng được đánh giá đầy hứa hẹn. Mới đây, HDBank đã triển khai Basel III, được cơ quan xếp hạng tín nhiệm quốc tế Moody's Investors Service (Moody's) nâng triển vọng xếp hạng từ \"Ổn định\" lên \"Tích cực\". Ngân hàng phát triển châu Á (ADB) cũng quyết định nâng hạn mức tài trợ thương mại và hạn mức tín dụng tuần hoàn cho HDBank từ 85 triệu USD lên 150 triệu USD. Ngân hàng còn nhận đánh giá tích cực của nhiều định chế tài chính quốc tế về sự ổn định, triển vọng phát triển và tăng cường hợp tác song phương. Với mức vốn điều lệ mới trên 20.073 tỷ đồng, HDBank cho biết đã sẵn sàng cho kế hoạch tăng trưởng cao theo chiến lược đề ra. "
}