{
    "url": "https://vnexpress.net/greenfeed-ung-ho-20-ty-cho-quy-vaccine-covid-19-4293095.html",
    "label": "DoanhNghiep",
    "timestamp": "Thứ sáu, 2/7/2021, 09:00 (GMT+7)",
    "title": "Greenfeed ủng hộ 20 tỷ cho Quỹ vaccine Covid-19",
    "content": "Với nền tảng 18 năm kinh nghiệm phát triển giải pháp tích hợp toàn chuỗi thực phẩm Feed - Farm - Food, Greenfeed cho biết, nhân ái là một trong năm giá trị cốt lõi doanh nghiệp này đã theo đuổi suốt gần hai thập kỷ. Thực hiện trách nhiệm xã hội, tạo nên giá trị tốt đẹp gắn liền với tinh thần tương thân, tương ái là ưu tiên hàng đầu của công ty. Theo đại điện Greenfeed, phòng chống Covid-19 là hoạt động đòi hỏi sự chung tay của tất cả người dân và sứ mệnh của Greenfeed phải đi đầu để khuyến khích mọi người cùng thực hiện. Bằng cách ủng hộ Quỹ vaccine Covid-19, Greenfeed hy vọng tiếp tục truyền cảm hứng để cả cộng đồng cùng hành động đẩy lùi dịch bệnh, mau chóng trở lại cuộc sống bình thường. Bên cạnh đó, tinh thần nhân ái còn được doanh nghiệp này thể hiện qua hoạt động hỗ trợ kịp thời, thiết thực đến người dân ở khu vực bị ảnh hưởng do dịch. Cụ thể, Greenfeed đã trao lần lượt 5.000 sản phẩm thực phẩm chế biến của mình đến bộ đội biên phòng Tây Ninh, 200 sản phẩm đến các hộ dân lao động có hoàn cảnh khó khăn, đang bị cách ly tập trung tại huyện Củ Chi. Ngoài ra, nhằm đa dạng hoạt động tiếp sức cho cộng đồng cùng chống dịch, Greenfeed tài trợ 1.500 suất ăn mỗi ngày cho chuỗi quán ăn 2.000 đồng Nụ cười. Hoạt động diễn ra từ ngày 28/6 đến ngày 4/7, dành cho người lao động, sinh viên và người dân nghèo ở các khu vực đang cách ly tại địa bàn của quán, với tổng giá trị 230 triệu đồng. Theo đại diện Greenfeed, mỗi phần quà nhằm nâng cao dinh dưỡng cho người dân, tiếp thêm ý chí, tinh thần lạc quan, giúp họ vượt qua đại dịch, sớm ổn định cuộc sống. Trước đó, ngay khi Covid-19 bùng phát lần thứ 4, Greenfeed đã tái khởi động chương trình \"Bữa ăn trọn vẹn\", trao hơn 7.000 sản phẩm thực phẩm chất lượng của công ty đến Bệnh viện Nhiệt đới, Bệnh viện huyện Củ Chi, Bệnh viện dã chiến Củ Chi. Doanh nghiệp duy trì trao tặng định kỳ bữa ăn đến mái ấm, nhà mở nhằm cải thiện dinh dưỡng, tăng cường sức khỏe cho các em nhỏ. Năm 2021, chương trình hướng tới mục tiêu trao một triệu bữa ăn lành, ngon cho các đối tượng cần giúp đỡ trong xã hội. Greenfeed và G Kitchen (một thương hiệu thuộc Greenfeed) cũng triển khai chương trình giảm giá 20% khi mua sản phẩm thịt heo G Kitchen tại siêu thị và chương trình ưu đãi tại hệ thống cửa hàng thịt sạch, website hoặc ứng dụng G Kitchen. Chương trình diễn ra trong ba tuần đầu tháng 6 để phục vụ nhu cầu của người tiêu dùng, giúp người tiêu dùng sử dụng sản phẩm ngon và lành, an toàn trong giai đoạn giãn cách xã hội. Theo Greenfeed, các hoạt động trên là một phần trong chương trình \"Greenfeed chung tay, đồng hành chống dịch\" được triển khai trong thời gian qua. Dự kiến, công ty sẽ tiếp tục phối hợp với các bên liên quan để triển khai chương trình, nhằm thể hiện trách nhiệm và góp phần đẩy lùi Covid-19, mang lại cuộc sống tốt đẹp hơn cho cộng đồng. Đây cũng là minh chứng cho cam kết phát triển bền vững dựa trên giá trị nhân ái mà Greenfeed đang theo đuổi. "
}