{
    "url": "https://vnexpress.net/viet-nam-trung-quoc-ky-niem-20-nam-ky-hiep-uoc-bien-gioi-dat-lien-4151044.html",
    "label": "ChinhTri",
    "timestamp": "Chủ nhật, 23/8/2020, 21:33 (GMT+7)",
    "title": "Việt Nam - Trung Quốc kỷ niệm 20 năm ký hiệp ước biên giới đất liền",
    "content": "Diễn ra tại cầu Bắc Luân II thuộc cặp cửa khẩu quốc tế Móng Cái (Việt Nam) và Đông Hưng (Trung Quốc), lễ kỷ niệm do Phó thủ tướng, Bộ trưởng Ngoại giao Phạm Bình Minh và Uỷ viên Quốc vụ, Bộ trưởng Ngoại giao Trung Quốc Vương Nghị đồng chủ trì. Phó thủ tướng, Bộ trưởng Ngoại giao Phạm Bình Minh đánh giá cao ý nghĩa của việc hai nước Việt Nam - Trung Quốc ký kết hiệp ước biên giới năm 1999, hoàn thành công tác phân giới cắm mốc năm 2008 và triển khai 3 văn kiện pháp lý về biên giới trên đất liền năm 2010; đánh dấu lần đầu tiên trong lịch sử, hai nước độc lập, có chủ quyền đã hoạch định được đường biên giới trên đất liền một cách khoa học, chính xác với hệ thống mốc giới chính quy, hiện đại. Việc ký kết hiệp ước cũng khép lại quá trình 36 năm đàm phán hoạch định, giải quyết vấn đề biên giới đất liền giữa hai nước. Theo Phó thủ tướng, Bộ trưởng Ngoại giao Phạm Bình Minh, \"hai bên đã kiên trì các nguyên tắc, phương châm công bằng hợp lý, tôn trọng lẫn nhau, quan tâm hợp lý đến lợi ích của nhau trên cơ sở pháp lý đã thỏa thuận, luật pháp quốc tế và những nguyên tắc giải quyết các vấn đề cụ thể\". Ông nói, hai bên cần tiếp tục tăng cường phối hợp trong công tác quản lý biên giới, phát huy hiệu quả vai trò của cơ chế Ủy ban liên hợp biên giới trên đất liền Việt Nam - Trung Quốc, thực hiện nghiêm túc 3 văn kiện pháp lý về biên giới trên đất liền nêu trên; không ngừng tìm tòi, hoàn thiện các cơ chế hợp tác và cơ sở pháp lý cho công tác quản lý biên giới của hai bên. Hai bên cũng cần tiếp tục thúc đẩy hợp tác tại khu vực biên giới đạt kết quả thực chất, nhất là trong các lĩnh vực kinh tế, thương mại, du lịch...; thúc đẩy giao lưu hữu nghị và hợp tác cùng có lợi giữa các địa phương biên giới hai nước. Ủy viên quốc vụ, Bộ trưởng Ngoại giao Trung Quốc Vương Nghị điểm lại các bước phát triển trong quan hệ hai nước thời gian qua, cho rằng trong tình hình quốc tế diễn biến phức tạp, dịch bệnh đang lan rộng hiện nay, hai bên cần cùng nhau thúc đẩy quan hệ đối tác hợp tác chiến lược toàn diện Việt Nam - Trung Quốc không ngừng phát triển. Hai bên cũng cần tiếp tục tăng cường hợp tác trong quản lý biên giới, phát huy hơn nữa vai trò của Ủy ban liên hợp biên giới trên đất liền Việt Nam - Trung Quốc, giải quyết tốt các sự việc phát sinh trên biên giới, nâng cao hiệu quả quản lý. Việc hai bên giải quyết ổn thỏa các vấn đề biên giới trên đất liền và Vịnh Bắc bộ sẽ là kinh nghiệm quý báu để giải quyết vấn đề trên biển, ông Vương Nghị phát biểu. "
}