{
    "url": "https://vnexpress.net/but-bi-thien-long-lai-gap-10-lan-4331781.html",
    "label": "DoanhNghiep",
    "timestamp": "Thứ tư, 28/7/2021, 11:46 (GMT+7)",
    "title": "Bút bi Thiên Long lãi gấp 10 lần",
    "content": "Báo cáo tài chính quý II của Công ty cổ phần Tập đoàn Thiên Long (TLG) ghi nhận doanh thu thuần xấp xỉ 750 tỷ đồng và lợi nhuận gộp 325 tỷ đồng, lần lượt tăng 16% và 50% so với cùng kỳ. Chi phí bán hàng, quản lý doanh nghiệp đều biến động mạnh nhưng công ty vẫn lãi sau thuế tăng 146%, đạt trên 91 tỷ đồng. Luỹ kế nửa đầu năm, Thiên Long thu gần 1.430 tỷ đồng. Biên lợi nhuận gộp xấp xỉ 43%, trong khi giai đoạn này năm ngoái chỉ khoảng 32%. Nhờ đó, sau khi trừ các khoản chi phí, công ty báo lãi đến 176 tỷ đồng và gấp 10 lần cùng kỳ. Bình quân mỗi ngày công ty lãi ròng gần 1 tỷ đồng. Ban lãnh đạo Thiên Long cho biết, việc chuyển đổi phương thức kinh doanh, cơ cấu lại kênh bán hàng và kiểm soát chi phí giúp tỷ suất lợi nhuận ròng đạt 12% so với mức 2% của cùng kỳ và 9% của cả năm ngoái. Tính đến cuối tháng 6, công ty có tổng tài sản hơn 2.500 tỷ đồng và nợ phải trả gần 620 tỷ đồng. Lợi nhuận sau thuế chưa phân phối tăng lên 517 tỷ đồng. Thiên Long đặt mục tiêu năm nay đạt 3.000 tỷ đồng doanh thu và lợi nhuận sau thuế 280 tỷ đồng. Kế hoạch này lần lượt tăng khoảng 12% và 17% so với năm ngoái – giai đoạn khó khăn nhất khi sản lượng tiêu thụ giảm mạnh do dịch bệnh. Công ty dự kiến chi cổ tức bằng tiền với tỷ lệ 20%, tương ứng khoảng 240 tỷ đồng. "
}