{
    "url": "https://vnexpress.net/momo-tang-qua-cho-nguoi-dung-chuyen-tien-qua-khung-chat-4325275.html",
    "label": "DoanhNghiep",
    "timestamp": "Thứ sáu, 16/7/2021, 09:00 (GMT+7)",
    "title": "MoMo tặng quà cho người dùng chuyển tiền qua khung chat",
    "content": "Với các tín đồ của Ví điện tử MoMo, khi có nhu cầu chuyển tiền, người dùng thường chọn nút \"Chuyển tiền - MoMo liền\" trên màn hình chính của ứng dụng. Tuy nhiên, MoMo còn có cách chuyển tiền khác, là chuyển ngay trong khung chat, khi đang tán gẫu cùng bạn bè. \"Chuyển tiền trong chat là tính năng tâm lý và tinh tế mà MoMo dành người dùng của mình\", đại diện MoMo cho biết. Theo đó, khi sử dụng tính năng này, người dùng có thể vừa trò chuyện vừa thực hiện thao tác chuyển tiền bằng cách chạm tay vào biểu tượng ở góc trái của ô chat hoặc vuốt nhẹ giao diện (từ dưới lên) và nhập số tiền, thực hiện chuyển tiền mà không làm gián đoạn cuộc trò chuyện... Với cách này, người chuyển còn có thể tương tác trực tiếp với người nhận tiền để trao đổi thông tin, cảm xúc. Tính năng chuyển tiền qua chat được MoMo cung cấp từ đầu năm 2020. \"Chúng tôi mong muốn cung cấp nhiều tiện ích trong một sản phẩm (all-in-one) nhằm mang lại trải nghiệm hoàn hảo nhất cho người dùng\", đại diện ví điện tử này nhấn mạnh. Theo đó, thay vì chỉ sử dụng chat để xem lịch sử giao dịch như trước kia, người dùng giờ đây dễ dàng vừa trò chuyện vừa chuyển tiền khi cần chia tiền ăn, xem phim, đi chơi... Những nhóm bạn có cùng sở thích thường chuyển tiền đi du lịch, mua sắm hay các nhóm tình nguyện, làm thiện nguyện... cũng chuyển tiền và trò chuyện ngay trong chat. Theo đại diện MoMo, tính năng này còn phù hợp với các đối tác thường xuyên trao đổi các dự án và chuyển tiền hợp đồng, sự việc... vì dễ dàng theo dõi lịch sử chuyển tiền và quá trình trao đổi. Sau khi chuyển tiền trong chat thành công, MoMo đưa ra các mẫu câu gợi ý như \"Em nhận được tiền chưa\", \"Nhận được thì nhắn nha\", \"Trả rồi nha\"... Điều này giúp người dùng tiết kiệm thời gian nhưng vẫn truyền tải được cảm xúc đến người nhận. Ngoài ra, người dùng có thể gửi hình ảnh cũng như các sticker được MoMo thiết kế riêng. Trong ô chat, MoMo còn cho phép người dùng chia tiền, \"đòi\" tiền một cách tinh tế. Với tính năng chuyển tiền trong khung chat, MoMo kỳ vọng sẽ giúp hình thành thói quen mới cho người dùng là trao đổi, nhắn tin và chuyển tiền ngay trên ứng dụng ví điện tử. "
}