{
    "url": "https://vnexpress.net/flc-lai-hon-97-ty-dong-nua-dau-nam-4333192.html",
    "label": "DoanhNghiep",
    "timestamp": "Thứ sáu, 30/7/2021, 20:59 (GMT+7)",
    "title": "FLC lãi hơn 97 tỷ đồng nửa đầu năm",
    "content": "Theo báo cáo tài chính quý II vừa công bố, doanh thu bán hàng và cung cấp dịch vụ của Công ty cổ phần Tập đoàn FLC giảm 26,5% so với cùng kỳ năm ngoái, xuống còn khoảng 1.266 tỷ đồng do ảnh hưởng của dịch Covid-19. Tuy nhiên, giá vốn bán hàng giảm gần 50%, khiến FLC chỉ lỗ gộp hơn 49 tỷ đồng, thấp hơn nhiều so với khoản lỗ gộp 801 tỷ đồng của quý II/2020. Trong kỳ này, FLC ghi nhận doanh thu hoạt động tài chính gần 455 tỷ đồng, tăng gần gấp đôi cùng kỳ năm trước. Điều này đã giúp FLC thoát lỗ và đạt lợi nhuận trước thuế 48,3 tỷ đồng. Luỹ kế nửa đầu năm, doanh nghiệp của ông Trịnh Văn Quyết lãi trước thuế hơn 97,2 tỷ đồng. Dù tích cực hơn nhiều so với năm ngoái, con số này vẫn chưa bằng 10% mục tiêu lợi nhuận cả năm của tập đoàn. Mục tiêu này được đại hội đồng cổ đông FLC thông qua hồi đầu tháng 4 - thời điểm được doanh nghiệp nhận định bối cảnh kinh tế vĩ mô thuận lợi, tình hình dịch bệnh được kiểm soát tốt sẽ tạo điều kiện cho nhiều kế hoạch tăng trưởng của FLC trong các lĩnh vực cốt lõi. Đồng thời, tập đoàn này cũng cho biết năm nay có nhiều dự án trong giai đoạn hoàn thành sắp bàn giao cho đối tác, khách hàng để tập đoàn ghi nhận doanh thu như dự án tại Hạ Long, Quy Nhơn, Sầm Sơn, Sa Đéc... Tính đến 30/6, tổng tài sản của FLC đạt khoảng 32.032 tỷ đồng, giảm hơn 15,3% so với hồi đầu năm. Đối ứng bên phía nguồn vốn là nợ phải trả 22.218 tỷ đồng (giảm 8,9%) và vốn chủ sở hữu khoảng 9.800 tỷ đồng (giảm 26,8%). FLC đang triển khai phương án phát hành gần 500 triệu cổ phiếu để tăng vốn điều lệ lên hơn 12.000 tỷ đồng trong năm nay. Công ty sẽ phát hành với tỷ lệ 10:7, tức mỗi cổ đông sở hữu 10 cổ phiếu cũ được quyền mua thêm 7 cổ phiếu mới. Với khoảng 5.000 tỷ đồng thu được sau phát hành, FLC lên kế hoạch đầu tư vào 8 dự án bất động sản khoảng 4.500 tỷ đồng, bổ sung vốn lưu động gần 470 tỷ đồng. Bên cạnh đó, doanh nghiệp này cũng có phương án phát hành 2.000 tỷ đồng trái phiếu chuyển đổi, kỳ hạn ba năm để bổ sung vốn cho các dự án khu đô thị tại Sóc Trăng, Hà Giang, Hậu Giang... "
}