{
    "url": "https://vnexpress.net/thaco-ung-ho-100-000-bo-test-covid-19-cho-quang-nam-4328122.html",
    "label": "DoanhNghiep",
    "timestamp": "Thứ tư, 21/7/2021, 13:45 (GMT+7)",
    "title": "Thaco ủng hộ 100.000 bộ test Covid-19 cho Quảng Nam",
    "content": "Trong bối cảnh dịch Covid-19 đang diễn biến phức tạp, với vai trò là doanh nghiệp lớn nhất tại địa phương, Thaco đã có nhiều chia sẻ thiết thực với chính quyền trong hoạt động phòng chống dịch. Doanh nghiệp này đã hỗ trợ 100.000 bộ kit test nhanh Covid-19 trị giá 17 tỷ đồng cho tỉnh Quảng Nam. Sáng 21/7, UBND tỉnh Quảng Nam đã tổ chức lễ khởi hành cho đoàn xe của Thaco, lên đường đi đón người dân đang ở TP.HCM. Dàn xe bus Thaco Blue Sky 47 chỗ là sản phẩm thương hiệu Việt, được sản xuất tại KCN Thaco Chu Lai - Quảng Nam. Trên mỗi xe bố trí hai nhân viên lái xe, một cán bộ y tế và một tình nguyện viên hỗ trợ người dân trong suốt chuyến đi. Để đảm bảo phòng dịch, xe được lắp vách ngăn kín với 4 ghế ngồi, tạo khoang riêng cho tài xế, cán bộ y tế và tình nguyện viên. Dàn xe bus này cũng trang bị các thiết bị sát khuẩn gồm máy xịt khuẩn, đo thân nhiệt tự động, 4 đèn UV diệt khuẩn tại cửa gió điều đòa. Trên xe có các loại thuốc, vật tư y tế, thức ăn, nước uống... Trước khi xuất phát, tài xế được trang bị đồ bảo hộ phòng dịch, xe được phun khử khuẩn. Dự kiến, các chuyến xe sẽ đưa khoảng 10.000 người Quảng Nam đăng ký về quê, chia thành nhiều đợt đưa đón cho đến khi kết thúc. Khi đến TP HCM, xe sẽ đón người dân tại các điểm do UBND, Ban chỉ đạo phòng chống Covid-19 cấp huyện của tỉnh Quảng Nam, hội đồng hương cấp huyện tương ứng tại TP HCM thống nhất. Trước khi lên xe, người dần cần có kết quả xét nghiệm âm tính bằng phương pháp test nhanh kháng nguyên hoặc RT-PCR trong vòng 48 giờ. Dự kiến xe xuất phát từ TP HCM vào buổi chiều (từ 17g-18g), di chuyển trong đêm và đến Quảng Nam vào sáng sớm hôm sau. Phương tiện chỉ dừng khi có việc cần thiết, đảm bảo thực hiện các biện pháp phòng, chống dịch. Khi đến Quảng Nam, người dân sẽ được đưa đến khu cách ly của địa phương. Trên chuyến đi này, hơn 100 tấn hàng cứu trợ của Hội nông dân tỉnh Quảng Nam sẽ được gửi cùng, nhằm hỗ trợ người dân TP HCM chống dịch. Trước đó, Thaco đã hỗ trợ phương tiện đưa đoàn công tác 40 y, bác sĩ của bệnh viên đa khoa Trung ương Quảng Nam vào TP HCM hỗ trợ chống dịch. Từ khi bùng phát dịch Covid-19 đến nay, Thaco và các tập đoàn con, công ty thành viên... đã ủng hộ tổng kinh phí hơn 210 tỷ đồng. Trong đó, tỉnh Quảng Nam được doanh nghiệp này hỗ trợ hơn 34 tỷ đồng, gồm 5 tỷ đồng tài trợ thiết bị y tế, 2 tỷ đồng máy xét nghiệm Covid-19, 10 tỷ đồng vào quỹ vắc xin và 17 tỷ đồng cho 100.000 bộ kit test nhanh Covid-19. "
}