{
    "url": "https://vnexpress.net/saigontourist-group-ho-tro-doan-y-te-tinh-nguyen-mien-bac-chong-dich-4303357.html",
    "label": "DoanhNghiep",
    "timestamp": "Thứ sáu, 2/7/2021, 18:00 (GMT+7)",
    "title": "Saigontourist Group hỗ trợ đoàn y tế tình nguyện miền Bắc chống dịch",
    "content": "Đây là chiến dịch hỗ trợ khẩn cấp lần thứ hai dành cho đội ngũ y tế tham gia công tác phòng, chống dịch Covid-19 tại TP HCM, do Tổng Công ty Du lịch Sài Gòn (Saigontourist Group) đảm trách. Tham gia chương trình, Saigontourist Group huy động 5 khách sạn gồm Continental, Kim Đô, Oscar, Đệ Nhất và Thiên Hồng bố trí phòng ngủ dành cho 1.050 người của đội ngũ y tế hỗ trợ TP HCM chống dịch. Thời gian các đoàn lưu lại tại các khách sạn nói trên dự kiến dài ngày, bắt đầu từ ngày 1/7. Các khách sạn này còn phục vụ các bữa ăn sáng, ăn tối cho tất cả thành viên của đoàn. Ngoài 5 khách sạn trên, Saigontourist Group đã chuẩn bị dự phòng khách sạn New World Sài Gòn đón đoàn chuyên gia y tế, bác sĩ. Theo ông Phạm Huy Bình - Chủ tịch Hội đồng Thành viên Saigontourist Group lực lượng y tế hùng hậu từ miền Bắc cấp tốc vào tiếp sức cho TP HCM chống dịch trong bối cảnh Covid-19 diễn biến phức tạp. Đoàn của Trường Đại học Kỹ thuật Y tế Hải Dương gồm 323 thành viên nhận phòng tại khách sạn Kim Đô vào trưa ngày 1/7. Tiếp đó là đoàn gồm 522 cán bộ, nhân viên y tế tình nguyện khác đến nhận phòng tại khách sạn Continental, Oscar và Đệ Nhất vào chiều và tối 1/7. Các đoàn còn lại đến nhận phòng các khách sạn khác trong ngày 2/7, cùng bắt tay ngay thực hiện chuyến công tác tình nguyện vì sứ mệnh chung tay phòng, chống đẩy lùi dịch Covid-19 tại TP HCM và cả nước. Ông Bình cho biết thực hiện theo tinh thần \"Saigontourist vì cộng đồng\", dù gặp nhiều khó khăn do ảnh hưởng đại dịch, nhưng công ty này vẫn luôn chung tay hưởng ứng các chương trình vì sự tốt đẹp của cộng đồng, xã hội. Saigontourist Group ý thức rõ trách nhiệm xã hội khi đồng hành cùng ngành y tế TP HCM và cả nước trong nỗ lực phòng, chống Covid-19, đặc biệt là ở giai đoạn dịch bệnh diễn biến như hiện nay. \"Trực tiếp chứng kiến hàng nghìn y, bác sĩ, sinh viên ngành y khoa xung phong đến thành phố dịp này, chúng tôi càng thêm xúc động trước sự đóng góp to lớn, hy sinh thầm lặng của đội ngũ tuyến đầu phòng, chống dịch của nước ta. Qua các chiến dịch hỗ trợ này, Saigontourist Group mong muốn đóng góp một phần nhỏ của mình, nhằm tiếp lửa cho đội ngũ y, bác sĩ tuyến đầu phòng, chống dịch có thêm điểm tựa tinh thần để sớm đẩy lùi Covid-19\", ông Bình chia sẻ. Chung tay cùng TP HCM và cả nước trong nỗ lực đẩy lùi Covid-19, Saigontourist Group và các đơn vị thành viên tích cực tham gia các công tác phòng, chống dịch. Bên cạnh hai chiến dịch hỗ trợ khẩn cấp trên đây, các đơn vị thành viên khác thuộc Saigontourist Group, bao gồm khách sạn Đệ Nhất, Thiên Hồng, Bát Đạt... đã và đang tham gia làm khách sạn cách ly, phục vụ công tác phòng, chống Covid-19. Trước đó, Saigontourist Group đã bố trí khách sạn Đồng Khánh và khu nghỉ dưỡng Cần Giờ làm nhiệm vụ hỗ trợ phục vụ ăn, ở miễn phí cho đội ngũ y, bác sĩ đang điều trị bệnh nhân Covid-19 thuộc Bệnh viện Phạm Ngọc Thạch và Bệnh viện điều trị Covid-19 Cần Giờ. Thời gian phục vụ chiến dịch này tại khách sạn Đồng Khánh đã bắt đầu từ ngày 27/6 và tại khu nghỉ dưỡng Cần Giờ từ ngày 29/6. "
}