{
    "url": "https://vnexpress.net/trien-lam-nong-nghiep-thuc-te-ao-mo-dang-ky-dot-3-4328851.html",
    "label": "DoanhNghiep",
    "timestamp": "Thứ sáu, 23/7/2021, 12:00 (GMT+7)",
    "title": "Triển lãm nông nghiệp thực tế ảo mở đăng ký đợt 3",
    "content": "Triển lãm Nông nghiệp thực tế ảo, thuộc khuôn khổ của diễn đàn Chuyển đổi số Nông nghiệp Việt Nam do VnExpress phối hợp với Hiệp hội Nông nghiệp số Việt Nam (VIDA) tổ chức, bắt đầu từ 8h ngày 28/6 trên nền tảng VnExpress. Độc giả trải nghiệm triển lãm tại đây. Sau hai đợt mở cổng đăng ký, ban tổ chức nhận được gần 200 đơn đăng ký tham gia diễn đàn với 17 gian hàng đạt đủ các tiêu chí để lên kệ. Do nhu cầu đăng ký tiếp tục tăng cũng như mong muốn tạo sân chơi lớn cho các doanh nghiệp có tư duy đổi mới cùng tham vọng đưa ra một cuộc cách mạng về triển lãm số tại Việt Nam, ban tổ chức quyết định mở cổng đăng ký đợt ba, thời gian từ nay đến 5/8. Trong đợt này, bên cạnh những ưu đãi hiện có, ban tổ chức sẽ mở thêm Chương trình kích cầu Nông nghiệp nhằm giúp doanh nghiệp tăng cơ hội tiếp cận khách hàng và kích cầu mua sắm. Cụ thể, khi doanh nghiệp đăng ký tham gia các chương trình giảm giá ưu đãi cho khách hàng mua sắm, các buổi chia sẻ, livestream bán hàng trong khuôn khổ Chương trình kích cầu Nông nghiệp, sẽ có cơ hội quảng bá thương hiệu trong các tuyến bài và các kênh truyền thông, được hỗ trợ tiếp sóng livestream trên các nền tảng online của sự kiện. Ngoài ra, ban tổ chức cũng đặc biệt hỗ trợ các gian hàng tổ chức những buổi chia sẻ trực tuyến bàn về chủ đề liên quan đến lĩnh vực nông nghiệp và sản phẩm của doanh nghiệp. Triển lãm nông nghiệp thực tế ảo được bài trí theo phong cách hiện đại với nhiều tiện tích như giới thiệu tổng quan về doanh nghiệp, gắn link website, link web VR, video/hình ảnh giới thiệu về công ty. Doanh nghiệp và khách hàng có thể tương tác trực tiếp bằng cách chat, email để thuận tiện trong việc kết nối đầu tư, thương mại hoá. Trang triển lãm mở cửa từ 28/6 và dự kiến thu hút 200.000 khách tham quan và tương tác, mua sắm trực tiếp, giúp doanh nghiệp tháo gỡ khó khăn do ảnh hưởng của dịch bệnh. Đặc biệt, kết thúc sự kiện, triển lãm thực tế ảo sẽ giúp doanh nghiệp xem xét thống kê chuyên sâu về khách hàng hiện hữu, khách hàng tiềm năng, sản phẩm được thị trường quan tâm nhất. Ngoài ra, kể từ khi chính thức lên kệ, gian hàng được trưng bày triển lãm trong vòng hai tháng, sau đó có thể duy trì gian hàng với phí duy trì 500.000 đồng một tháng Diễn đàn Chuyển đổi số Nông nghiệp Việt Nam có quy mô quốc gia, quốc tế, để thảo luận các vấn đề then chốt, chiến lược về nông nghiệp của Việt Nam đặt trong bối cảnh khu vực và thế giới. Doanh nghiệp quan tâm đăng ký tham dự tại đây. "
}