{
    "url": "https://vnexpress.net/ysvn-tang-10-trieu-dong-phi-giao-dich-cho-tai-khoan-mo-moi-4301140.html",
    "label": "DoanhNghiep",
    "timestamp": "Thứ ba, 29/6/2021, 09:00 (GMT+7)",
    "title": "YSVN tặng 10 triệu đồng phí giao dịch cho tài khoản mở mới",
    "content": "Nhằm hỗ trợ khách hàng mở mới tài khoản chứng khoán, giao dịch mà không lo về phí, Công ty Chứng khoán Yuanta Việt Nam (YSVN) tổ chức chương trình ưu đãi với mức phí chỉ 0,1%; mở tài khoản chứng khoán tặng đến 10 triệu đồng phí giao dịch. Bên cạnh đó, tất cả khách hàng tại YSVN cũng được sử dụng hệ sinh thái số toàn diện gồm các công cụ đánh giá và chọn lọc cổ phiếu miễn phí. Theo đó, 1.000 khách hàng đầu tiên đăng ký tham gia bao gồm khách hàng mở tài khoản (trực tiếp tại quầy hay mở tài khoản trực tuyến tại website YSVN) từ nay đến ngày 24/7 sẽ được tặng 50% phí giao dịch mỗi tháng (sau khi đã trừ phần phí trả Sở Giao dịch Chứng khoán). Mỗi khách hàng sẽ nhận được quà tặng tối đa 2 triệu đồng một tháng. Tổng giá trị trong toàn thời gian từ 25/6 đến 24/12 lên tới 10 triệu đồng. Là một trong những công ty chứng khoán đầu tiên triển khai tính năng mở tài khoản chứng khoán trực tuyến, ứng dụng công nghệ eKYC (định danh điện tử), YSVN mang đến trải nghiệm mở tài khoản đơn giản, nhanh chóng và bảo mật. Theo đó, chỉ mất vài phút với thao tác đơn giản trên các thiết bị điện tử thông minh có kết nối Internet, khách hàng có thể mở tài khoản chứng khoán và tiến hành giao dịch ngay trong ngày. Ngoài ra, tất cả khách hàng còn có cơ hội trải nghiệm miễn phí hệ sinh thái số đa nền tảng tại YSVN. Nổi bật nhất là công cụ đánh giá và chọn lọc cổ phiếu YSradar, giúp đưa ra những quyết định đầu tư nhanh chóng. YSradar kết hợp cả phân tích cơ bản và phân tích kỹ thuật giúp tối thiểu hóa rủi ro trên thị trường và tối đa hóa lợi nhuận cho nhà đầu tư. Môi giới số YSuri sẽ trở thành trợ lý ảo đắc lực, đồng hành cùng nhà đầu tư 24/7. Nhờ kết quả của công nghệ phân tích dữ liệu lớn (Big Data) và trí tuệ nhân tạo (AI), tất cả những thông số kỹ thuật khô khan và phức tạp được YSuri chuyển đổi thành ngôn ngữ dễ hiểu nhưng vẫn giữ được tính chính xác cao, phù hợp với các nhà đầu tư mới tham gia thị trường. Đại diện YSVN cho biết, doanh nghiệp này còn sở hữu kênh livestream trên Facebook và Youtube YSlive thu hút hàng chục nghìn lượt xem mỗi ngày, nhờ cập nhật những thông tin mới, cũng như các phân tích và đánh giá cổ phiếu theo ngày. Tham gia YSedu trên YSVN, người dùng còn được cung cấp kiến thức chứng khoán do các chuyên viên phân tích và các tư vấn viên giàu kinh nghiệm của YSVN trực tiếp chia sẻ. Tiếp nối từ sự thành công của công cụ YSradar, Yuanta Việt Nam đang xây dựng hệ sinh thái các sản phẩm công cụ hỗ trợ tư vấn cho nhà đầu, chuyển đổi các sản phẩm nghiên cứu phân tích truyền thống sang định dạng video và tăng cường tính ổn định, bảo mật của hệ thống giao dịch. Yuanta là một trong những tập đoàn tài chính, ngân hàng, chứng khoán, bảo hiểm lớn tại Đài Loan với tổng tài sản hơn 100 tỷ USD. Doanh nghiệp này tham gia vào thị trường chứng khoán Việt Nam từ năm 2006 bằng việc mua và nắm giữ 44,68% cổ phần trong Công ty Chứng khoán Đệ Nhất của tỉnh Bình Dương. Cuối năm 2017, Yuanta mua lại và sở hữu 100% công ty. Tháng 2/2018, Ủy ban Chứng khoán Nhà nước chấp thuận cho công ty đổi tên thành Công ty TNHH Chứng khoán Yuanta Việt Nam (YSVN), chuyển hội sở chính về TP HCM. Tháng 8/2020, Ủy ban Chứng khoán Nhà nước thông qua hồ sơ đăng ký tăng vốn điều lệ của Yuanta Việt Nam lên 1.500 tỷ đồng và sẽ tiếp tục các kế hoạch tăng vốn và mở rộng kinh doanh để gia nhập vào nhóm các công ty chứng khoán có quy mô lớn nhất đang hoạt động trên thị trường chứng khoán Việt Nam. Đến nay, ngoài hội sở chính tại TP HCM, Yuanta Việt Nam có 6 chi nhánh trên khắp cả nước, bao gồm: chi nhánh Chợ Lớn (quận 5, TP HCM), chi nhánh Bình Dương, chi nhánh Đồng Nai, chi nhánh Hà Nội, chi nhánh Đà Nẵng và chi nhánh Vũng Tàu. "
}