{
    "url": "https://vnexpress.net/chu-tich-pvn-lam-pho-chu-nhiem-van-phong-quoc-hoi-4151347.html",
    "label": "ChinhTri",
    "timestamp": "Thứ hai, 24/8/2020, 11:49 (GMT+7)",
    "title": "Chủ tịch PVN làm Phó chủ nhiệm Văn phòng Quốc hội",
    "content": "Sáng 24/8, Tổng thư ký Quốc hội, Chủ nhiệm Văn phòng Quốc hội Nguyễn Hạnh Phúc đã trao quyết định của Bộ Chính trị về việc điều động, phân công, chỉ định ông Trần Sỹ Thanh - Ủy viên Trung ương Đảng, Chủ tịch Hội đồng thành viên Tập đoàn Dầu khí Quốc gia Việt Nam (PVN), giữ chức Ủy viên Đảng đoàn Quốc hội; đồng thời, trao nghị quyết của Ủy ban Thường vụ Quốc hội tiếp nhận và bổ nhiệm ông Thanh làm Phó chủ nhiệm Văn phòng Quốc hội. Ông Trần Sỹ Thanh 49 tuổi, quê ở Thanh Chương, Nghệ An. Ông là đại biểu Quốc hội khóa XIV thuộc đoàn đại biểu tỉnh Lạng Sơn. Trước năm 2008, ông Thanh công tác tại Kho bạc Nhà nước, từng giữ chức Phó tổng giám đốc cơ quan này; sau đó ông được luân chuyển, giữ chức Phó chủ tịch UBND tỉnh Đăk Lăk. Năm 2010, ông Thanh được bầu làm Phó bí thư Tỉnh ủy Đăk Lăk. Tại Đại hội toàn quốc lần thứ XI của Đảng (tháng 1/2011), ông được bầu làm Ủy viên dự khuyết Trung ương, tham gia Ủy ban Kiểm tra Trung ương. Năm 2012, ông thôi tham gia Ủy ban Kiểm tra Trung ương và được điều động giữ chức Bí thư Tỉnh ủy Bắc Giang nhiệm kỳ 2010 - 2015. Tháng 1/2015, hội nghị Trung ương 10 (khóa XI) bầu bổ sung ông vào Ủy ban Kiểm tra Trung ương Đảng. Đến ngày 13/2/2015, ông được bổ nhiệm làm Phó chủ nhiệm Ủy ban kiểm tra Trung ương. 8 tháng sau, ông Thanh được điều động giữ chức Bí thư Tỉnh ủy Lạng Sơn. Tháng 12/2017, Bộ Chính trị phân công ông Thanh thôi tham gia Ban chấp hành, Ban thường vụ và thôi giữ chức vụ Bí thư Tỉnh ủy Lạng Sơn, để giữ chức Phó ban Kinh tế Trung ương (kiêm nhiệm) và Chủ tịch Hội đồng thành viên Tập đoàn Dầu khí quốc gia Việt Nam. "
}