{
    "url": "https://vnexpress.net/kido-lai-dam-nua-dau-nam-4327100.html",
    "label": "DoanhNghiep",
    "timestamp": "Thứ hai, 19/7/2021, 16:52 (GMT+7)",
    "title": "Kido lãi đậm nửa đầu năm",
    "content": "Tập đoàn Kido vừa công bố báo cáo tài chính quý II cho thấy, doanh thu thuần 6 tháng đạt 4.898 tỷ đồng, tăng 34% và lợi nhuận trước thuế đạt 342 tỷ đồng, tăng 87% so với cùng kỳ năm trước. Trong đó, doanh thu ngành hàng dầu ăn tăng trưởng 36% và đóng góp lớn nhất cho tổng nguồn thu khi chiếm 83%, ngành hàng thực phẩm tăng trưởng 22% và chiếm 17% doanh thu. Theo lý giải của doanh nghiệp, hoạt động kinh doanh khởi sắc nhờ công tác dịch chuyển bán hàng, bố trí phương án bán hàng phù hợp và đẩy mạnh các kênh trực tuyến nên hàng hóa lưu thông tốt. Để chuỗi cung ứng hàng hóa không bị gián đoạn trong thời gian dịch bùng phát, công ty cũng đã phân bổ lực lượng công nhân sản xuất tại các nhà máy, thực hiện mô hình \"3 tại chỗ\". Ngoài ra, việc Kido Foods sau khi sáp nhập vào tập đoàn đã giúp hoạt động công ty mẹ hiệu quả hơn. Doanh thu thuần công ty mẹ cao gấp 3 lần cùng kỳ và chuyển từ lỗ sang có lãi 237 tỷ đồng trong nửa đầu năm. "
}