{
    "url": "https://vnexpress.net/evnspc-cam-ket-on-dinh-nguon-dien-ho-tro-phong-chong-covid-19-4325266.html",
    "label": "DoanhNghiep",
    "timestamp": "Thứ năm, 15/7/2021, 18:00 (GMT+7)",
    "title": "EVNSPC cam kết ổn định nguồn điện hỗ trợ phòng chống Covid-19",
    "content": "Hiện điện lực miền Nam cấp điện cho khoảng 600 trạm kiểm soát Covid-19 khu vực biên giới Việt Nam và Campuchia trên địa bàn các tỉnh Bình Phước, Tây Ninh, Long An, An Giang, Đồng Tháp và Kiên Giang. Đơn vị còn đảm bảo nguồn điện cho gần 100 chốt chặn kiểm soát dịch tại ranh giới giữa các tỉnh, thành phố, bệnh viện dã chiến, khu cách ly, khu điều trị trên địa bàn 21 tỉnh, thành phố phía Nam. Đơn vị chỉ đạo các công ty trực thuộc thường xuyên phối hợp với chính quyền địa phương, cơ sở y tế, bệnh viện, khu điều trị, cách ly để nắm bắt nhu cầu và đề xuất trang bị dự phòng máy phát điện, kịp thời cấp điện nếu có sự cố lưới điện. Luôn có đủ nhân sự trực vận hành, sẵn sàng sửa chữa, khắc phục sự cố mất điện từ lưới điện quốc gia. \"Tại khu vực chưa được cấp điện qua lưới quốc gia, chúng tôi điều hành cung cấp điện, nắm bắt số lượng các chốt, trạm để lập phương án đầu tư, cấp điện\", đại diện EVNSPC chia sẻ. Riêng các địa điểm cách ly, phong tỏa, giãn cách xã hội, điện lực cam kết không cắt điện, không sửa chữa lưới điện trong thời gian cách ly giãn cách xã hội, đảm bảo cấp điện liên tục, không để xảy ra sự cố mất điện. Nỗ lực cùng địa phương chống dịch Từ tháng 4 đến nay, ngoài nhiệm vụ đảm bảo điện phục vụ sản xuất, sinh hoạt tại địa phương, EVNSPC tăng cường cấp điện cho các cơ sở y tế, khu vực cách ly, giãn cách xã hội nhằm chung tay cùng đất nước vượt qua đại dịch. Cụ thể, Công ty Điện lực Sóc Trăng thường xuyên kiểm tra hệ thống lưới điện, trạm biến áp... đảm bảo cấp điện an toàn, ổn định cho các bệnh viện, cơ sở y tế trên địa bàn, đặc biệt là các đơn vị tiếp nhận theo dõi, điều trị cách ly bệnh nhân nghi nhiễm, nhiễm Covid-19 khi có phát sinh. Ban chỉ đạo phòng chống dịch Covid-19 Công ty Điện lực Bình Phước đã bố trí lực lượng trực vận hành, trực điều độ 24/24 tại các vị trí trực. Ngoài đảm bảo phòng chống dịch, đảm bảo vận hành hệ thống lưới điện an toàn, liên tục. Lực lượng này không được rời vị trí khi chưa có ý kiến trưởng ban chỉ đạo. Tại Tiền Giang, các công ty điện lực tăng cường kiểm tra hệ thống lưới điện, máy phát điện dự phòng để đảm bảo cấp điện liên tục. Toàn tỉnh chuẩn bị đủ lực lượng ứng trực, vật tư, thiết bị, phương tiện, khẩn trương xử lý khi có sự cố điện tại các khu cách ly tập trung, bệnh viện điều trị. Công ty Điện lực Bà Rịa - Vũng Tàu bảo đảm cấp điện trên địa bàn thành phố Vũng Tàu trong thời gian giãn cách xã hội theo Chỉ thị 16. Ngưng tất cả công tác cắt điện trên địa bàn từ 0h ngày 14/7 đến khi có thông báo tiếp theo, chỉ thực hiện biện pháp ngăn ngừa, xử lý sự cố. Điện lực Tây Ninh vừa trao tặng tám máy phát điện cho các chốt kiểm soát phòng chống dịch Covid-19 tại khu vực biên giới Campuchia trên địa bàn huyện Tân Biên và một hệ thống điện mặt trời mái nhà cho Điểm cảnh giới Trảng Tranh (thuộc Đồn Biên phòng Cửa khẩu quốc tế Xa Mát). Tổng trị giá phần quà tặng hơn 110 triệu đồng. Trước đó, đơn vị cũng đã trao tặng một số máy phát điện cho các chốt kiểm soát phòng chống dịch thuộc Đồn Biên phòng Tống Lê Chân (thuộc Bộ Chỉ huy Bộ đội biên phòng tỉnh Tây Ninh) và các chốt kiểm soát phòng, chống dịch trên địa bàn thị xã Trảng Bàng, với tổng trị giá hơn 200 triệu đồng. "
}