{
    "url": "https://vnexpress.net/taxi-vinasun-chim-trong-thua-lo-4327198.html",
    "label": "DoanhNghiep",
    "timestamp": "Thứ hai, 19/7/2021, 21:59 (GMT+7)",
    "title": "Taxi Vinasun chìm trong thua lỗ",
    "content": "Công ty cổ phần Ánh Dương Việt Nam (Vinasun, VNS) vừa công bố doanh thu quý II đạt 150 tỷ đồng, đánh dấu mức thấp nhất kể từ khi công ty niêm yết trên sàn chứng khoán năm 2008. Nguồn thu của hãng taxi từng chiếm thị phần lớn nhất khu vực TP HCM giảm hơn 7 lần so với giai đoạn hoàng kim năm 2014-2015. Sau khi trừ giá vốn, Vinasun lỗ gộp hơn 27 tỷ đồng. Các khoản chi phí bán hàng và quản lý doanh nghiệp không giảm nhiều so với cùng kỳ khiến tình hình càng xấu hơn. Công ty báo lỗ sau thuế quý này 66 tỷ đồng và nối dài mạch lỗ 6 quý liên tiếp. Luỹ kế nửa đầu năm, Vinasun thu gần 373 tỷ đồng. Mảng taxi đóng góp khoảng 310 tỷ đồng trong số này, phần còn lại là vận tải hành khách theo hợp đồng. Công ty có thêm khoảng 30 tỷ đồng từ thanh lý tài sản và quảng cáo trên xe, nhưng sau khi trừ các chi phí thì vẫn lỗ sau thuế 97 tỷ đồng. Khoản lỗ ăn mòn lợi nhuận sau thuế chưa phân phối xuống dưới 350 tỷ đồng. Tổng tài sản tính đến cuối kỳ giảm còn 1.830 tỷ đồng và nợ phải trả hơn 443 tỷ đồng. Kết quả kinh doanh ảm đạm nhưng ban lãnh đạo Vinasun hồi cuối tháng 4 khẳng định cơ cấu tài chính vẫn ổn định và lành mạnh. Công ty dự kiến dùng tiền mặt dự trữ để khôi phục và phát triển thị phần nhằm chớp lấy cơ hội khi thị trường hồi phục. Cụ thể, công ty sẽ đầu tư tối thiểu 500 xe và thanh lý, bán trả chậm 1.020 xe để kinh doanh bằng hình thức thương quyền. Quy mô đội xe đến cuối năm nâng lên 3.368 chiếc, chia đều cho hai loại 4 chỗ và 7 chỗ. Mục tiêu năm nay công ty có doanh thu 1.050 tỷ đồng từ hoạt động cốt lõi, tăng 4% so với năm trước. Công ty đã lường trước kịch bản lỗ năm thứ hai liên tiếp với 79 tỷ đồng. Tuy nhiên, với việc tạm ngưng hoạt động kinh doanh taxi theo chỉ thị của TP HCM từ 20/6 để chống dịch và ấn định ngày trở lại, mục tiêu này vẫn còn rất xa. Ban lãnh đạo công ty cho rằng đây là năm đối mặt với nhiều khó khăn. Nhiệm vụ trọng tâm là khôi phục lại thị phần, thu hút người lao động và duy trì các hoạt động kinh doanh trước tác động của dịch bệnh và áp lực cạnh tranh từ các công ty nước ngoài. Ngoài lĩnh vực chính là taxi và vận chuyển hành khách theo hợp đồng, công ty cũng tiềm cơ hội hợp tác với đối tác tiềm năng về vận tải, công nghệ, tiêu dùng, thanh toán trong và ngoài nước. Tại phiên họp thường niên hai tháng trước, ông Trần Anh Minh – Thành viên Hội đồng quản trị kiêm Phó tổng giám đốc Vinasun cho biết những kế hoạch này được vạch ra nhằm mục tiêu có lãi trở lại trong năm sau bởi nếu tiếp tục lỗ thì phải huỷ niêm yết. "
}