{
    "url": "https://vnexpress.net/loc-hoa-dau-binh-son-dat-loi-nhuan-1-710-ty-trong-quy-ii-4331231.html",
    "label": "DoanhNghiep",
    "timestamp": "Thứ ba, 27/7/2021, 16:00 (GMT+7)",
    "title": "Lọc hóa dầu Bình Sơn đạt lợi nhuận 1.710 tỷ trong quý II",
    "content": "Kết quả báo cáo kinh doanh sáu tháng đầu năm cho thấy công ty tiếp tục tận dụng tốt những cơ hội trên thị trường để tích lũy nguồn lực, chủ động phương án sản xuất kinh doanh trong bối cảnh dịch bệnh phức tạp và biến động của giá dầu. Lợi nhuận tiếp tục đà tăng trưởng Lũy kế 6 tháng đầu năm, BSR đạt 49.379 tỷ đồng doanh thu và thu nhập khác, lợi nhuận sau thuế 3.580 tỷ đồng, tăng mạnh cả doanh thu và lợi nhuận so với cùng kỳ năm ngoái. Trong kỳ, nhà máy lọc dầu Dung Quất đã vận hành 105% công suất, khối lượng tiêu thụ 3,4 triệu tấn. Năm nay, BSR đặt mục tiêu sản lượng 6,5 triệu tấn, doanh thu và thu nhập khác 70.661 tỷ đồng và lợi nhuận sau thuế 864 tỷ đồng. Như vậy, so với kế hoạch năm 2021 đã được thông qua, công ty đạt 53% kế hoạch sản lượng, 70% về doanh thu và gấp 4,1 lần kế hoạch lợi nhuận. Bên cạnh đó, lộ trình trả nợ và gia tăng nguồn lực tích lũy được hoạch định cụ thể giúp tạo ra thặng dư lợi nhuận, đóng góp vào kết quả lợi nhuận chung. Khi hoạt động kinh doanh khởi sắc, khả năng tích lũy dòng tiền dự báo cũng sẽ tốt hơn, đặc biệt khi các khoản vay dài hạn được thanh toán hết vào năm 2023. Phòng dịch nghiêm ngặt, duy trì chuỗi sản xuất liên tục Một trong những thuận lợi mà BSR có được nửa đầu năm nay là diễn biến giá dầu tích cực. Trong bối cảnh đại dịch Covid-19 bùng phát, việc nhà máy Lọc dầu Dung Quất vận hành với 105% công suất và khối lượng tiêu thụ tốt thể hiện nỗ lực lớn của công ty. Hiện giá dầu thô duy trì trên 70 USD một thùng. Nhiều dự báo cho rằng, giá dầu thậm chí sẽ đạt 80 USD một thùng trong năm nay. Đây là cơ sở để kỳ vọng chênh lệch giữa giá dầu thô và giá các sản phẩm chính (crack spread) của BSR tiếp tục cải thiện, yếu tố chính đóng góp vào lợi nhuận của doanh nghiệp. Với quyết tâm không để đứt gãy chuỗi sản xuất, duy trì hoạt động an toàn, ổn định trong mọi hoàn cảnh, BSR tăng cường và duy trì các biện pháp chống dịch. Vừa qua, công ty phối hợp với ngành y tế Quảng Ngãi tổ chức tiêm mũi vaccine Covid-19 thứ nhất cho những nhân sự trực tiếp vận hành nhà máy. BSR đã kích hoạt phương án phòng, chống dịch cấp độ cao nhất và đã triển khai phương án \"3 tại chỗ\" cho nhân sự trực tiếp vận hành nhà máy trong vòng hai tháng qua và tiếp tục duy trì đến khi dịch bệnh được kiểm soát. Mục tiêu là đảm bảo vận hành nhà máy lọc dầu Dung Quất an toàn, ổn định, liên tục và hiệu quả. Công ty CP Lọc hóa dầu Bình Sơn là đơn vị thành viên của Tập đoàn Dầu khí Việt Nam, được giao trách nhiệm tiếp nhận, quản lý, vận hành nhà máy lọc dầu Dung Quất. Nhà máy Dung Quất có tổng vốn đầu tư trên 3 tỷ USD, công suất chế biến 6,5 triệu tấn dầu thô một năm. "
}