{
    "url": "https://vnexpress.net/evn-lai-hon-14-000-ty-dong-nam-2020-4304484.html",
    "label": "DoanhNghiep",
    "timestamp": "Thứ hai, 5/7/2021, 12:59 (GMT+7)",
    "title": "EVN lãi hơn 14.000 tỷ đồng năm 2020",
    "content": "Các số liệu trong báo cáo kết quả kinh doanh của EVN cho thấy tập đoàn này trải qua năm 2020 với doanh thu, lợi nhuận hợp nhất tăng mạnh so với các năm liền kề. Một phần nhờ các công ty con, công ty trực thuộc đều tăng trưởng dương trong 2020. Theo đó, doanh thu hợp nhất tập đoàn này ghi nhận là 409.802 tỷ đồng, lợi nhuận hợp nhất trước thuế của EVN 15.316 tỷ đồng, tăng 23%. Lợi nhuận sau thuế thu nhập doanh nghiệp 14.480 tỷ đồng, tăng 4.760 tỷ đồng so với năm 2019 (tương đương 49%). Riêng công ty mẹ - EVN ghi nhận khoản lãi sau thuế 1.598 tỷ đồng năm ngoái. Tỷ suất sinh lời tăng so với 2019, như ROA (tỷ suất sinh lời của tổng tài sản) 2%, tăng 0,63%, ROE (tỷ suất sinh lời của vốn chủ sở hữu) 6,21%, tăng 1,83%. Tổng giá trị tài sản hợp nhất EVN đến cuối năm 2020 là 729.452 tỷ đồng, tăng 1,1% so với 2019, trong đó vốn chủ sở hữu 240.195 tỷ đồng (tăng 6%). Năm 2020, EVN không có khoản đầu tư tài chính nào. Đến 31/12/2020, tổng số vốn EVN đầu tư tại các công ty con là 146.241 tỷ đồng, tăng 4.037 tỷ so với đầu năm. Trong đó, vốn của công ty mẹ tại 9 công ty TNHH MTV 100% là 135.414 tỷ đồng. Vốn tại các công ty cổ phần EVN giữ trên 50% vốn điều lệ là 10.827 tỷ. Với kết quả này, EVN đóng góp 13.177 tỷ đồng vào ngân sách, trong đó công ty mẹ góp 10.513 tỷ đồng. Đến cuối năm 2020, tổng công suất lắp đặt nguồn điện đạt 69.300 MW, tăng 14.300 MW so với 2019, trong đó tổng công suất các nguồn điện năng lượng tái tạo là 17.351 MW, tăng 12.148 MW so với 2019 và chiếm tỷ trọng 25,3%. Tổng sản lượng điện sản xuất và nhập khẩu toàn hệ thống năm 2020 là 247,08 tỷ kWh, tăng gần 3% so với 2019. Sản lượng điện thương phẩm năm 2020 đạt 216,95 tỷ kWh, tăng hơn 3,4% so với 2019. Trong đó, điện cung cấp cho công nghiệp, xây dựng chiếm tỷ trọng gần 54%; tiêu dùng hơn 33,7%; thương nghiệp và dịch vụ xấp xỉ 4,8%; nông, lâm nghiệp 3,4% và thành phần khác gần 4,2%. Ảnh hưởng Covid-19, nhưng hầu hết các công ty con của EVN hoạt động hiệu quả, lợi nhuận đạt và vượt kế hoạch. Trong số các công ty con EVN sở hữu 100% vốn thì Tổng công ty Phát điện 2 (GENCO 2) ghi nhận mức lãi sau thuế cao nhất, 2.889 tỷ đồng; kế đến là Tổng công ty Phát điện 1 (GENCO 1) với 1.989 tỷ; Tổng công ty Truyền tải điện quốc gia (EVNNPT) cũng ghi nhận lãi 892 tỷ đồng; Tổng công ty điện miền Nam với 806 tỷ đồng... Tổng lợi nhuận và cổ tức EVN nhận về từ các công ty con là 1.166 tỷ đồng năm 2020. Năm 2020, trong bối cảnh Covid-19 bùng phát, EVN cho biết đã giảm giá điện, giảm tiền điện trong 2 đợt với tổng số tiền khoảng 12.300 tỷ đồng (chưa gồm VAT). "
}