{
    "url": "https://vnexpress.net/doanh-thu-tap-doan-an-gia-nua-dau-nam-gap-10-lan-cung-ky-4339195.html",
    "label": "DoanhNghiep",
    "timestamp": "Thứ năm, 12/8/2021, 08:00 (GMT+7)",
    "title": "Doanh thu tập đoàn An Gia nửa đầu năm gấp 10 lần cùng kỳ",
    "content": "CTCP Đầu tư và Phát triển Bất động sản An Gia cũng công bố kết quả kinh doanh hợp nhất quý II với doanh thu thuần gấp 15 lần cùng kỳ năm trước, đạt 260 tỷ đồng. Lợi nhuận sau thuế cổ đông công ty mẹ gần 190 tỷ đồng. Theo đại diện công ty, tăng trưởng chủ yếu đến từ việc tăng lợi nhuận gộp từ bán hàng do ghi nhận doanh thu bàn giao dự án River Panorama (quận 7, TP HCM). Tổng tài sản doanh nghiệp đạt 11.926 tỷ đồng, tăng 22% so với đầu năm. Đại diện An Gia cho biết, River Panorama đã bàn giao song An Gia vẫn có hơn 3.166 tỷ đồng người mua trả tiền trước, tăng 24% so với đầu năm. Đây là khoản tiền khách hàng trả trước, đặt cọc mua sản phẩm dự án và sẽ được ghi nhận thành doanh thu, lợi nhuận khi hoàn thành bàn giao. Tính đến cuối kỳ, tổng tài sản công ty đạt 11.926 tỷ đồng, tăng 22% so với đầu năm. Hiện An Gia có gần 7.032 tỷ đồng hàng tồn kho, tăng 23%, là các bất động sản công ty đang xây dựng. Trước đó, các dự án tập đoàn này mua lại như Westgate (Bình Chánh, TP HCM), The Standard (Bình Dương)... đã ra mắt thị trường vào năm 2020. Dự kiến, khu biệt lập The Standard sẽ bàn giao các sản phẩm đầu tiên vào quý 4, trong khi đó khu phức hợp cao cấp Westgate với quy mô hơn 3 ha tại trung tâm hành chính Bình Chánh sẽ hoàn thành trong quý 1/2023. Tính đến 30/6, An Gia có vốn điều lệ hơn 827,5 tỷ đồng. Theo kế hoạch, trong nửa cuối năm 2021, công ty sẽ chào bán cho cổ đông hiện hữu theo tỷ lệ 1:1 để gấp đôi vốn điều lệ, dự kiến đạt hơn 1.737 tỷ đồng. Số tiền thu được từ phát hành nhằm bổ sung vốn đầu tư, mở rộng quỹ đất. Nằm trong kế hoạch mở rộng quỹ đất, định hướng triển khai xây dựng những khu phức hợp biệt lập, nửa đầu năm, An Gia cũng thực hiện thương vụ M&A dự án 27 ha tại Bình Chánh, TP HCM. Công ty có kế hoạch phát triển dự án với quy mô 7.000 - 8.000 sản phẩm căn hộ và nhà thấp tầng. Hiện, thủ tục pháp lý liên quan dự án đang được hoàn thiện, dự kiến sẽ đưa sản phẩm ra thị trường vào đầu năm 2022. Trước khi An Gia thực hiện phát hành tăng vốn, nhóm quỹ do Dragon Capital quản lý đã mua vào hơn 8,1 triệu cổ phiếu AGG để gia tăng sở hữu lên hơn 9,8% vốn, trở thành cổ đông nước ngoài lớn nhất tại doanh nghiệp này. Nếu Dragon Capital tiếp tục nắm giữ cổ phiếu AGG, đơn vị này cũng sẽ tham gia vào quá trình tăng vốn lên gấp đôi của An Gia, dự kiến thực hiện trong 1-2 tháng tới đây. "
}