{
    "url": "https://vnexpress.net/vietjet-dat-loi-nhuan-127-ty-dong-6-thang-dau-nam-4333407.html",
    "label": "DoanhNghiep",
    "timestamp": "Thứ bảy, 31/7/2021, 16:15 (GMT+7)",
    "title": "Vietjet đạt lợi nhuận 127 tỷ đồng 6 tháng đầu năm",
    "content": "Trong sáu tháng đầu năm, doanh thu kinh doanh vận tải hành khách đạt 5.818 tỷ đồng, lợi nhuận sau thuế hơn 13,7 tỷ đồng. Doanh thu vận tải hàng không quý II là 2.973 tỷ đồng, tăng 51% so với cùng kỳ nhờ nhu cầu đi lại tăng cao trong tháng 4. Vietjet thực hiện tái cấu trúc danh mục đầu tư, mở ra mảng kinh doanh tài chính, đầu tư dự án nhằm mở rộng hoạt động kinh doanh, hỗ trợ hàng không, tối ưu sử dụng nguồn vốn chủ sở hữu trong giai đoạn hàng không giảm khai thác. Tương ứng, doanh thu hoạt động đầu tư, tài chính đạt hơn 1.756 tỷ đồng. Tính đến hết tháng 6 năm nay, tổng tài sản Vietjet ở mức 44.000 tỷ đồng. Báo cáo tài chính hợp nhất cho thấy chỉ số nợ vay trên vốn chủ sở hữu 0,73 lần và chỉ số thanh khoản 1,5 lần. Đơn vị đã vận chuyển hơn 4,8 triệu lượt hành khách trên toàn mạng bay và thực hiện 34.000 chuyến bay nửa đầu năm. Các quy trình khai thác và tăng cường hoạt động khai thác hàng hóa tập trung hoàn thiện. Kết quả, hãng vận chuyển hơn 37.000 tấn hàng hóa, tăng hơn 40-45% so với cùng kỳ. Cùng với các đối tác chiến lược trong Tập đoàn Sovico, Vietjet tham gia chiến dịch phòng chống Covid-19 như ủng hộ kinh phí cho Quỹ vaccine; trao tặng xe cứu thương cho sở y tế địa phương; tài trợ trang thiết bị cho khu chăm sóc tích cực bệnh nhân nặng; vận chuyển cán bộ y tế, trang thiết bị chống dịch; nấu cơm từ thiện phát cho người dân... Tiếp tục chiến lược khách hàng là trọng tâm, hãng nỗ lực đổi mới, sáng tạo; tối ưu hóa chi phí giờ bay; ứng dụng công nghệ vào tất cả dịch vụ và công tác vận hành, mở rộng hoạt động kinh doanh nhằm nâng cao năng suất, chất lượng. "
}