{
    "url": "https://vnexpress.net/vnpt-co-them-loat-lanh-dao-moi-4336914.html",
    "label": "DoanhNghiep",
    "timestamp": "Thứ sáu, 6/8/2021, 20:21 (GMT+7)",
    "title": "VNPT có thêm loạt lãnh đạo mới",
    "content": "Hôm nay (6/8), Đảng ủy Khối Doanh nghiệp Trung ương đã chuẩn y ông Huỳnh Quang Liêm, Thành viên HĐTV, Tổng giám đốc Tập đoàn giữ chức Phó bí thư Đảng ủy Tập đoàn VNPT nhiệm kỳ 2020-2025. Đồng thời, tổ chức này cũng công bố các quyết định bổ nhiệm thành viên HĐTV của Tập đoàn VNPT với ông Tô Dũng Thái và bà Hoàng Kim Bình. Ông Thái, sinh năm 1967, là Thạc sĩ Kỹ thuật điện tử viễn thông và bắt đầu làm việc tại VNPT Hà Nội từ năm 1992. Giai đoạn 2013-2015, ông Thái giữ chức Giám đốc VNPT Hà Nội. Tháng 12/2015, ông được bổ nhiệm là Tổng giám đốc VNPT VinaPhone. Từ tháng 4/2019, ông Thái làm Phó tổng giám đốc Tập đoàn VNPT, kiêm Chủ tịch Tổng Công ty VNPT VinaPhone. Bà Hoàng Kim Bình sinh năm 1975, có 20 năm công tác tại VNPT và trải qua nhiều vị trí từ chuyên viên đến trợ lý Tổng giám đốc tập đoàn... Trước khi được bổ nhiệm là thành viên HĐTV của VNPT, bà Bình là kế toán trưởng/Trưởng ban Kế toán tài chính của tập đoàn này. Trước đó, ngày 5/8, Chủ tịch Hội đồng Thành viên Tập đoàn VNPT cũng đã quyết định bổ nhiệm bà Trần Thanh Thủy và ông Ngô Diên Hy làm Phó tổng giám đốc Tập đoàn VNPT. Bà Thuỷ sinh năm 1972, đã gắn bó với ngành bưu điện và VNPT 26 năm, đảm trách nhiều vị trí khác nhau. Từ Trưởng đại diện, Giám đốc VNPT Nghệ An đến Phó tổng giám đốc Tổng Công ty VNPT – VinaPhone. Đến tháng 7/2020, bà Thủy làm Trưởng ban Kế hoạch - Đầu tư của Tập đoàn. Hiện bà Thuỷ kiêm nhiệm Phó tổng giám đốc tập đoàn VNPT và Chủ tịch VNPT- VinaPhone. Còn ông Ngô Diên Hy, sinh năm 1975 là Thạc sỹ Quản trị kinh doanh. Từ năm 1996, ông Hy đã công tác tại Ban quản lý dự án GPC toàn quốc (tiền thân của VNPT- VinaPhone). Sau đó, ông Hy cũng lần lượt trải qua nhiều vị trí lãnh đạo. Đến tháng 4/2018, ông Hy được giao làm Tổng giám đốc VNPT-IT - một trụ cột mới của VNPT trong chiến lược chuyển đổi cơ cấu tăng trưởng từ các dịch vụ viễn thông truyền thống sang dịch vụ số. Hiện ngoài chức Phó tổng giám đốc tập đoàn phụ trách lĩnh vực chuyển đổi số, ông cũng được giao kiêm Chủ tịch VNPT-Media. "
}