{
    "url": "https://vnexpress.net/duong-sat-cho-hang-container-sang-chau-au-4327749.html",
    "label": "DoanhNghiep",
    "timestamp": "Thứ ba, 20/7/2021, 17:39 (GMT+7)",
    "title": "Đường sắt chở hàng container sang châu Âu",
    "content": "Theo lãnh đạo Tổng công ty Đường sắt Việt Nam (VNR), tàu xuất phát từ ga Yên Viên, điểm đến là thành phố Liege (Bỉ), sau đó tiếp chuyển container bằng đường bộ đến nơi trả hàng là thành phố Rotterdam (Hà Lan). Tàu chở 23 container 40 feet với các hàng dệt may, da giày. Từ Việt Nam, đoàn tàu sẽ đến Trịnh Châu (Trung Quốc) và kết nối vào đoàn tàu Á - Âu để đến đích. Tổng thời gian hành trình khoảng 25-27 ngày. Đây là đoàn tàu container đầu tiên do Công ty Ratraco kết hợp với các doanh nghiệp vận chuyển, giao nhận các nước cung cấp chuỗi dịch vụ logistics cho khách hàng từ Việt Nam đến châu Âu. Thời gian qua, đường sắt Việt Nam đã xúc tiến vận chuyển container đến Trung Quốc và quá cảnh đi Nga, các nước Trung Á. Ratraco và đối tác châu Âu bắt đầu xây dựng kế hoạch và tổ chức vận chuyển 8 chuyến tàu đến châu Âu mỗi tháng xuất phát tại Việt Nam. "
}