{
    "url": "https://vnexpress.net/tiki-tiep-suc-nguoi-dan-tp-hcm-voi-hang-hoa-binh-on-gia-4328093.html",
    "label": "DoanhNghiep",
    "timestamp": "Thứ năm, 22/7/2021, 10:40 (GMT+7)",
    "title": "Tiki tiếp sức người dân TP HCM với hàng hóa bình ổn giá",
    "content": "Hưởng ứng chương trình \"Thực phẩm lưu động bình ổn giá\" do Sở Công Thương TP HCM khởi xướng, \"Tiếp sức Sài Gòn, Tiki trao tươi ngon\" hy vọng có thể chung tay cung ứng hàng hóa, lương thực, thực phẩm thiết yếu phục vụ người dân TP HCM, lan tỏa tinh thần tương thân tương ái. Theo đó, từ nay đến hết ngày 1/8, hàng trăm mặt hàng thiết yếu bao gồm thực phẩm, rau, củ, quả và nhu yếu phẩm... được mở bán trên sàn thương mại điện tử Tiki với giá bình ổn kèm ưu đãi miễn phí vận chuyển, coupon giảm giá trực tiếp với dịch vụ giao nhanh trong ngày, áp dụng cho một số địa điểm tại TP HCM. Đáp ứng nhu cầu tiêu thụ các mặt hàng rau củ của người dân ở tâm dịch dự kiến lên đến hàng chục tấn và có thể tiếp tục tăng cao trong thời gian tới, sàn đã lên kế hoạch chặt chẽ và chuẩn bị hàng hóa kỹ càng, đảm bảo cả chất lượng đạt chuẩn lẫn giá cả bình ổn. Trước đó, vào ngày 17/7, Tiki đã phối hợp các đối tác, đưa 5.000 combo rau củ quả lên sàn với giá ưu đãi, áp dụng hỗ trợ miễn phí vận chuyển cho đơn hàng từ 0 đồng cùng cam kết giao hàng nhanh. Chiến dịch ghi nhận mức tiêu thụ kỷ lục với 8 tấn thực phẩm bán ra chỉ trong chưa đầy hai ngày kể từ khi mở bán. Bên cạnh đó, nhằm mang đến trải nghiệm mua sắm tiện lợi và an toàn cho người tiêu dùng TP HCM nói riêng và cả nước nói chung, Tiki còn tiến hành làm việc sâu sát với các nhãn hàng, nhà cung cấp và nhà sản xuất để đưa ra phương án tối ưu về giá cả cũng như chất lượng. Tận dụng thế mạnh về logistics và kho bãi từ nền tảng chuỗi cung ứng tích hợp TikiNOW Smart Logistics, Tiki chủ động kiểm tra và quản lý chất lượng mặt hàng tươi sống, đồng thời tối ưu hóa thời gian giao hàng nhanh trong ngày, đáp ứng nhu cầu đi chợ online tăng cao của người dân nhanh chóng và kịp thời. Trong suốt quá trình vận chuyển, nhân viên Tiki luôn nghiêm túc thực hiện quy định giãn cách. Bên cạnh việc sở hữu đầy đủ giấy tờ thông hành và đảm bảo sức khỏe, đội ngũ nhân viên giao hàng của Tiki luôn thực hiện theo nguyên tắc không tiếp xúc, luôn đeo khẩu trang, giữ khoảng cách tối thiểu 2 m với khách hàng khi trao đổi hàng hóa. \"Ngoài mục tiêu giúp giảm bớt gánh nặng cho người dân TP HCM về vấn đề khan hiếm và 'thổi giá' hàng hóa mùa Covid, Tiki hy vọng có thể chung tay cùng cộng đồng vượt qua thời điểm khó khăn, thử thách hiện tại. Đây cũng là sứ mệnh mà Tiki luôn hướng đến từ trước đến nay: sử dụng nền tảng của mình, tạo thêm nhiều giá trị cho cộng đồng, đồng hành hỗ trợ và nâng cao chất lượng sống của người Việt Nam\", bà Vũ Thị Nhật Linh, Phó tổng giám đốc quản lý sàn thương mại Tiki chia sẻ. "
}