{
    "url": "https://vnexpress.net/vndirect-nua-nam-lai-hon-1-130-ty-dong-4327672.html",
    "label": "DoanhNghiep",
    "timestamp": "Thứ ba, 20/7/2021, 18:11 (GMT+7)",
    "title": "VNDirect nửa năm lãi hơn 1.130 tỷ đồng",
    "content": "Báo cáo tài chính quý II của Công ty cổ phần Chứng khoán VNDirect ghi nhận doanh thu hơn 1.090 tỷ đồng. Nghiệp vụ môi giới chứng khoán đóng góp nhiều nhất trong số này với trên 370 tỷ đồng, tăng hơn ba lần so với cùng kỳ năm ngoái. Lãi từ các tài sản tài chính ghi nhận thông qua lãi/lỗ (FVTPL) và lãi các khoản cho vay cũng tăng trưởng ba chữ số, lần lượt đạt 328 tỷ đồng và 244 tỷ đồng. Doanh thu nhảy vọt nhưng chi phí hoạt động cũng tăng bốn lần, lên 423 tỷ đồng. Nghiệp vụ môi giới chiếm phân nửa số tiền công ty chi ra trong giai đoạn này. VNDirect báo lãi trước thuế quý II đạt 490 tỷ đồng, tăng 192% so với cùng kỳ nhưng vẫn chưa vượt qua kỷ lục của quý đầu năm nay. Luỹ kế nửa đầu năm, VNDirect có doanh thu hoạt động 2.154 tỷ đồng và tăng 148% so với cùng kỳ. Lợi nhuận trước thuế gấp gần 5 lần, đạt 1.135 tỷ đồng và hoàn thành kế hoạch cả năm. Ban lãnh đạo VNDirect cho rằng các chỉ số chứng khoán liên tục tăng và giá trị giao dịch bình quân trên 3 sàn gấp 4 lần cùng kỳ giúp kết quả kinh doanh tăng mạnh. Nửa đầu năm công ty cũng mở mới 141.000 tài khoản cho nhà đầu tư, nâng tổng số tài khoản đang quản lý lên trên 550.000. VNDirect đặt mục tiêu năm nay có doanh thu 2.556 tỷ đồng, tăng 20% so với năm trước. Mảng kinh doanh vốn đóng góp 1.129 tỷ đồng, còn dịch vụ chứng khoán 1.080 tỷ đồng. Phần thiểu số còn lại đến từ dịch vụ đầu tư tài chính, ngân hàng đầu tư và đầu tư vốn chủ sở hữu. Công ty đặt mục tiêu trong kịch bản thị trường tiêu cực (VN-Index trong khoảng 1.100-1.150 điểm) sẽ lãi trước thuế 827 tỷ đồng. Kịch bản cơ sở thì lãi 1.100 tỷ đồng và kịch bản tích cực (VN-Index khoảng 1.280-1.330 điểm) thì lãi trước thuế 1.281 tỷ đồng. "
}