{
    "url": "https://vnexpress.net/truong-ban-to-chuc-tinh-uy-gia-lai-bi-canh-cao-4147885.html",
    "label": "ThoiSu",
    "timestamp": "Thứ hai, 17/8/2020, 16:19 (GMT+7)",
    "title": "Trưởng ban Tổ chức Tỉnh ủy Gia Lai bị cảnh cáo",
    "content": "Thông báo của Ủy ban Kiểm tra Trung ương chiều 17/8 cho biết, quyết định kỷ luật ông Quân được đưa ra sau khi cơ quan này xem xét đề nghị của Tỉnh ủy Gia Lai tại kỳ họp thứ 47 vừa qua. Theo cơ quan kiểm tra Trung ương, trong thời gian giữ cương vị Tỉnh ủy viên, Bí thư Ban cán sự đảng, Viện trưởng Viện kiểm sát nhân dân tỉnh Gia Lai, ông Nguyễn Văn Quân đã vi phạm nguyên tắc tập trung dân chủ, quy chế làm việc và các quy định của Đảng, pháp luật của Nhà nước trong chỉ đạo giải quyết vụ án hình sự lừa đảo, chiếm đoạt tài sản. Điều này gây khó khăn, kéo dài đối với công tác điều tra, truy tố, xét xử, ảnh hưởng xấu đến uy tín của tổ chức đảng và cá nhân. Hồi tháng 6, lãnh đạo tỉnh Gia Lai cho biết, Ban thường vụ Tỉnh ủy Gia Lai đã đề nghị Ban chấp hành Đảng bộ tỉnh xem xét kỷ luật, cách tất cả chức vụ trong Đảng đối với ông Nguyễn Văn Quân, Ủy viên Ban Thường vụ Tỉnh ủy, Trưởng ban Tổ chức Tỉnh ủy. Trước đó, Ban thường vụ Tỉnh ủy Gia Lai đã công bố quyết định kiểm tra dấu hiệu vi phạm đối với ông Quân khi giữ chức Viện trưởng VKSND tỉnh năm 2015. Ông bị kiểm tra vì đã đình chỉ vụ án lừa đảo hơn 15 tỷ đồng đối với bị can Lê Thị Tường Vân mà không được sự đồng tình của Ủy ban kiểm sát, VKSND tỉnh; Cơ quan CSĐT Công an tỉnh, TAND tỉnh và Ban Nội chính Tỉnh ủy. Theo hồ sơ vụ án, bà Lê Thị Tường Vân, 42 tuổi, ở TP Pleiku, vay của ba người ở Gia Lai hơn 15 tỷ đồng nhưng không trả. TAND Gia Lai từng hai lần đưa ra xét xử sơ thẩm, phạt bị cáo Vân 15 và 19 năm tù, nhưng đều bị TAND Cấp cao tại Đà Nẵng tuyên hủy án. Năm 2015, ông Trần Công Hùng, Phó viện trưởng VKSND Gia Lai ký 2 quyết định đình chỉ mọi hoạt động đối với vụ án, đình chỉ vụ án đối với bị can Vân. Trong năm này, VKSND Gia Lai tổ chức cuộc họp Ủy ban kiểm sát đều khẳng định bà Vân có tội, phải truy tố. Tuy nhiên ông Nguyễn Văn Quân, Viện trưởng, chủ trì cuộc họp, bác tất cả ý kiến trên; giao Phó Viện trưởng Trần Công Hùng ký quyết định đình chỉ vụ án. Khi Ban Nội chính Trung ương vào cuộc, các cơ quan tố tụng của tỉnh Gia Lai mới phục hồi vụ án. Tháng 5/2020, phiên tòa sơ thẩm lần 3, TAND tỉnh Gia Lai tuyên Lê Thị Tường Vân 13 năm tù về tội Lừa đảo chiếm đoạt tài sản. Theo Ban thường vụ Tỉnh ủy, ông Quân vi phạm khi không chỉ đạo củng cố chứng cứ, không thực hiện đầy đủ trách nhiệm chứng minh phạm tội theo quy định; không xem xét toàn diện quan điểm luận tội mà có biểu hiện áp đặt, không tôn trọng tiếp thu quan điểm ý kiến tham gia của các thành viên Ủy ban kiểm sát, cũng như các cơ quan tiến hành tố tụng của tỉnh; cố ý đình chỉ miễn trách nhiệm hình sự đối với bị can Vân là không đúng quy định. "
}