{
    "url": "https://vnexpress.net/shopee-saigon-co-op-keu-goi-giup-do-hoan-canh-kho-khan-tai-tp-hcm-4305980.html",
    "label": "DoanhNghiep",
    "timestamp": "Thứ sáu, 9/7/2021, 20:00 (GMT+7)",
    "title": "Shopee, Saigon Co.op kêu gọi giúp đỡ hoàn cảnh khó khăn tại TP HCM",
    "content": "Với mong muốn giảm bớt khó khăn cho người lao động bằng các hỗ trợ thiết thực trong tình hình dịch bệnh diễn biến phức tạp, chương trình \"Nghĩa tình mùa dịch\" do sàn thương mại điện tử Shopee triển khai với sự đồng hành của HTX Thương mại TP HCM, Saigon Co.op và Báo Tuổi Trẻ; phát động phong trào mua \"Giỏ quà nghĩa tình\" gồm các nhu yếu phẩm gửi tặng đến công nhân, người lao động, những hoàn cảnh khó khăn trên địa bàn thành phố. Trong bối cảnh giãn cách xã hội tại TP HCM tiếp tục kéo dài, đối tượng ảnh hưởng trực tiếp là tầng lớp lao động trên toàn địa bàn. Sự ngưng trệ của các hoạt động sản xuất, giao thương, buôn bán khiến họ mất nguồn thu nhập chính. Tình hình phong tỏa nhiều nơi cũng khiến người lao động khó khăn trong việc tiếp cận các nhu yếu phẩm cho bữa ăn hàng ngày. Với thông điệp mang đến bữa cơm nghĩa tình cho người lao động nghèo, chương trình kêu gọi tinh thần tương trợ, sẻ chia, hỗ trợ cùng vượt qua khó khăn từ cộng đồng. Các cá nhân, đơn vị có thể đặt mua những \"Giỏ quà nghĩa tình\", dành tặng những hoàn cảnh khó khăn, ảnh hưởng nặng nề do dịch bệnh. Sự đóng góp của các nhà hảo tâm góp phần giải quyết những khó khăn trước mắt của người lao động, đồng thời lan tỏa tinh thần sẻ chia qua những hoạt động tích cực vì cộng đồng trong bối cảnh khó khăn hiện nay. Người dùng có thể đặt mua \"Giỏ quà nghĩa tình\" tại đây và thanh toán qua ví ShopeePay. Danh sách người mua ủng hộ cùng số lượng giỏ quà do Shopee ghi nhận sẽ được công bố trên Báo Tuổi Trẻ. Kết thúc chương trình, ban tổ chức sẽ tổng hợp thông tin và trực tiếp trao các phần quà ý nghĩa cho những người lao động nghèo, nhân viên y tế, bệnh nhân nghèo, các công nhân có hoàn cảnh khó khăn tại TP HCM. Xem thêm thông tin về chương trình tại đây. "
}