{
    "url": "https://vnexpress.net/loi-nhuan-cac-dai-ly-oto-tang-manh-4336310.html",
    "label": "DoanhNghiep",
    "timestamp": "Thứ sáu, 6/8/2021, 16:20 (GMT+7)",
    "title": "Lợi nhuận các đại lý ôtô tăng mạnh",
    "content": "Lợi nhuận sau thuế tăng từ ba đến bốn con số là kết quả phổ biến mà các công ty phân phối ôtô công bố trong 6 tháng đầu năm nay. Công ty cổ phần Dịch vụ tổng hợp Sài Gòn (Savico - SVC) kỳ này có hơn 7.000 tỷ đồng doanh thu hợp nhất, lãi sau thuế hơn 140 tỷ đồng. Doanh thu tuy tăng trưởng không nhiều nhưng lợi nhuận bán niên tăng đến 487%. Mảng bán hàng đem về hiệu quả kinh doanh tốt nhất với lãi gộp 138 tỷ đồng. Nằm trong nhóm đại lý lớn của Mercedes-Benz Việt Nam, Công ty cổ phần Dịch vụ Ôtô Hàng Xanh (Haxaco - HAX) cũng có mức tăng trưởng lợi nhuận ba chữ số, đạt 61,5 tỷ đồng. Công ty cổ phần Kỹ thuật ôtô Trường Long (HTL) có lợi nhuận sau thuế tăng đến 650% nếu so với 6 tháng đầu năm 2020. Đặc biệt, có một số doanh nghiệp đạt mức tăng trưởng lợi nhuận lên đến bốn con số. Như Công ty cổ phần City Auto (CTF), đại lý ủy quyền của Ford Việt Nam, lãi ròng tăng đến 3.300%, đạt 17 tỷ đồng. Công ty cổ phần Ôtô TMT có lợi nhuận bán niên 21 tỷ đồng với mức tăng 1.650% so với cùng kỳ năm trước. Lợi nhuận của các doanh nghiệp phân phối ôtô tuy không quá cao nhưng mức tăng trưởng mạnh phần nào phản ánh rõ sự phục hồi của thị trường xe hơi trong nửa năm qua. Là đại lý ủy quyền của Ford Việt Nam, City Auto cho biết trong quý II, nền kinh tế phục hồi trở lại, theo đó công ty cũng triển khai chiến lược kinh doanh hiệu quả để tận dụng cơ hội. Nhờ vậy, doanh số bán hàng và cung cấp dịch vụ trong quý tăng hơn 950% so với cùng kỳ. Đại gia phân phối xe sang Mercedes-Benz Việt Nam cũng cho rằng, thị trường ôtô đã phục hồi từ những tháng cuối năm ngoái, nhu cầu tăng cao trong khi nguồn cung hạn chế. Sản lượng ôtô toàn thị trường quý II năm nay tăng hơn 20% so với cùng kỳ 2020. Các đơn vị thuộc Savico tận dụng tốt cơ hội này nên giữ được lợi nhuận gộp khá tốt, hợp nhất đạt gần 500 tỷ đồng. Theo báo cáo của Hiệp hội các Nhà sản xuất ôtô tại Việt Nam (VAMA), tổng doanh số bán hàng của các thành viên trong 6 tháng đầu năm nay đạt hơn 135.600 chiếc, tăng 32% so với cùng kỳ năm ngoái. Tuy nhiên, con số trên chưa phản ánh hết toàn cảnh thị trường ôtô Việt Nam bởi các thương hiệu Audi, Jaguar Land Rover, Subaru, Volkswagen, Volvo... không tiết lộ doanh số bán hàng. Còn theo thống kê của Tổng cục Hải quan, tính đến hết quý II, lượng ôtô nguyên chiếc nhập khẩu đạt hơn 81.100 chiếc, tăng 100,5% so với cùng kỳ. Tận dụng đà phục hồi chung của thị trường, các doanh nghiệp phân phối ôtô liên tục đẩy mạnh các chương trình bán hàng. Savico cho ra chương trình khuyến mãi bán hàng phối hợp với duy trì kiểm soát tiết kiệm chi phí. Riêng quý II, TMT chấp nhận đội gấp đôi chi phí quản lý doanh nghiệp và gấp ba chi phí bán hàng để tiến hành các chính sách thúc đẩy người tiêu dùng. Công ty này chú trọng tuyển nhân sự cấp cao để giải quyết hàng tồn và phục vụ chiến lược gia tăng thị phần. Nửa đầu năm khả quan là thế, nhưng thị trường ôtô cuối năm được dự đoán không xán lạn. Nghị định về giảm lệ phí trước bạ đối với ôtô sản xuất, lắp ráp trong nước với tỷ lệ 50%, đã hết hiệu lực từ cuối năm ngoái. Cùng với lệnh giãn cách xã hội khiến các đại lý ôtô \"cửa đóng then cài\", sức mua toàn thị trường có nguy cơ chạm đáy. Savico cho rằng, Covid-19 sẽ tác động mạnh vào sức mua và cung cầu trên thị trường vào quý III. Điều này có thể ảnh hưởng trực tiếp vào hiệu quả toàn hệ thống doanh nghiệp năm nay. "
}