{
    "url": "https://vnexpress.net/sieu-thi-mega-market-an-phu-tam-ngung-hoat-dong-4301766.html",
    "label": "DoanhNghiep",
    "timestamp": "Thứ ba, 29/6/2021, 16:51 (GMT+7)",
    "title": "Siêu thị Mega Market An Phú tạm ngưng hoạt động",
    "content": "Trao đổi với VnExpress, đại diện Mega Market xác nhận, siêu thị bắt đầu đóng cửa từ sáng hôm nay (29/6) để kiểm soát dịch bệnh do có liên quan đến ca nhiễm Covid-19. \"Chúng tôi sẽ mở cửa trở lại khi có thông báo mới và chỉ đạo từ cơ quan chức năng\", đại diện Mega Market nói và cho biết thêm, các thực phẩm thiết yếu của siêu thị này sẽ điều chuyển về 3 Trung tâm còn lại là MM Hiệp Phú (quận 12), MM Bình Phú (quận 6) và MM Hưng Phú (thành phố Thủ Đức). Theo đó, khách hàng có thể tới mua sắm tại 3 trung tâm trên hoặc có thể đặt hàng trực tuyến. Riêng các hoạt động mua sắm trực tuyến của MM An Phú sẽ không nhận đơn hàng và giao hàng trong thời gian tạm ngừng này. Cũng xác nhận thông tin trên, lãnh đạo UBND phường An Phú cho biết hiện lực lượng chức năng đang phối hợp ngành y tế TP Thủ Đức tiến hành khoanh vùng, phun khử khuẩn, điều tra dịch tễ những người liên quan. Siêu thị Mega Market An Phú nằm trên đường Song Hành xa lộ Hà Nội. Bên ngoài, siêu thị đã dán thông báo tạm đóng cửa từ ngày 29/6 cho đến khi có thông báo mới. Hầu hết khách đến mua hàng đều phải quay về. Sáng nay, cơ quan chức năng quận Bình Thạnh cũng cho phong tỏa một phần chợ Bà Chiểu do có trường hợp F0 đến chợ mua hàng cách đây vài ngày. Hiện ở TP HCM có nhiều chợ phải tạm ngưng hoạt động do có ca nhiễm Covid-19 như chợ đầu mối Hóc Môn, chợ Sơn Kỳ... "
}