{
    "url": "https://vnexpress.net/fe-credit-danh-9-4-ty-dong-tang-qua-khach-hang-4308819.html",
    "label": "DoanhNghiep",
    "timestamp": "Thứ năm, 15/7/2021, 17:00 (GMT+7)",
    "title": "FE Credit dành 9,4 tỷ đồng tặng quà khách hàng",
    "content": "Làn sóng Covid-19 lần thứ 4 diễn biến ngày càng phức tạp, gây ra nhiều ảnh hưởng đến sức khỏe cộng đồng cũng như kinh tế của nhiều người lao động ở Việt Nam. Tình trạng cắt giảm nhân sự, giảm lương của các doanh nghiệp đang gồng mình chống lại Covid-19 khiến nhiều gia đình gặp khó khăn trong cuộc sống. Với nhiều bậc cha mẹ, nỗi lo chuẩn bị cho năm học mới của con cũng nặng gánh hơn vì hệ luỵ của đại dịch. Hiểu điều này, FE Credit triển khai chương trình khuyến mãi \"Tiếp lửa mùa khai trường, tặng ưu đãi x3\" với tổng giá trị giải thưởng lên tới 9,4 tỷ đồng. Ưu đãi bắt đầu từ 15/7 đến 15/9. Theo đó, tất cả khách hàng đăng ký vay và được giải ngân thành công (đối với dịch vụ vay cá nhân tiêu dùng bán chéo) hoặc khách hàng đăng ký và mở thẻ tín dụng thành công (đối với dịch vụ thẻ tín dụng) trong thời gian khuyến mãi của chương trình có cơ hội nhận gói combo 3 quà tặng. Trong đó có gói bảo hiểm trợ cấp tiền mặt quyền lợi lên đến 52 triệu đồng một gói, mã mua hàng Samsung giảm đến 4 triệu đồng một mã và mã quà tặng Got It trị giá 20.000 đồng một mã. Khách hàng có thể đăng ký khoản vay tiền mặt lên đến 70 triệu đồng, hạn mức thẻ tín dụng lên đến 60 triệu đồng. \"Hồ sơ vay cũng tối giản với chứng minh nhân dân hoặc căn cước công dân. Thời gian duyệt vay, giải ngân nhanh nhằm hỗ trợ khách hàng trong tình huống cấp bách\", đại diện FE Credit chia sẻ. Khách hàng thỏa mãn điều kiện nhận thưởng sẽ nhận tin nhắn SMS trong vòng 2 tuần, kể từ ngày được xác nhận đủ điều kiện nhận quà. \"Chúng tôi hy vọng chương trình này sẽ giúp các bậc phụ huynh sắm sửa, chuẩn bị hành trang và điều kiện tốt nhất cho con em bước vào năm học mới\", đại diện tổ chức tài chính này nhấn mạnh. FE Credit là công ty tài chính tiêu dùng đứng đầu về thị phần tại Việt Nam với khoảng 50%, cung cấp sản phẩm cho vay tiêu dùng cá nhân với các sản phẩm như cho vay tiền mặt, vay mua xe máy, vay mua hàng gia dụng và thẻ tín dụng. Doanh nghiệp này có trên 13.000 nhân viên, phục vụ hơn 14 triệu khách hàng, hợp tác với hơn 10.000 đối tác tại hơn 22.000 điểm giới thiệu dịch vụ trên toàn quốc. Năm 2020, FE Credit đạt thu nhập hoạt động hơn 18.200 tỷ đồng, trong đó trên 17.200 tỷ là thu nhập lãi thuần. Lợi nhuận trước thuế đạt hơn 3.700 tỷ đồng. Đến cuối năm, công ty này có tổng tài sản hơn 73.300 tỷ với dư nợ cho vay khách hàng trên 66.000 tỷ đồng. "
}