{
    "url": "https://vnexpress.net/nhung-chuyen-xe-cho-rau-cu-qua-gia-binh-on-tai-tp-hcm-4330881.html",
    "label": "DoanhNghiep",
    "timestamp": "Thứ hai, 26/7/2021, 19:30 (GMT+7)",
    "title": "Những chuyến xe chở rau củ quả giá bình ổn tại TP HCM",
    "content": "Từ giữa tháng bảy, sau khi Sở Công thương TP HCM phát động phong trào cùng chung tay bình ổn giá, cụ thể là mang rau củ quả đến với người dân thành phố, Nhất Tín đã hưởng ứng và triển khai các \"Điểm bán hàng rau củ quả bình ổn\" tại các bưu cục Nhất Tín Logistics, tạo điều kiện thuận lợi cho người dân mua thực phẩm tươi, giá cả phù hợp. Song song đó, Nhất Tín cũng đã sớm liên hệ với nhiều nhà vườn uy tín tại các vùng chuyên canh ở Lâm Đồng, Bình Thuận, Tiền Giang, Cần Thơ... để có nguồn rau củ quả dồi dào, rõ ràng xuất xứ với giá cả hợp lý để vận chuyển về thành phố. Với ưu thế về mạng lưới bưu cục có sẵn trải rộng khắp TP HCM và đội xe tải hàng trăm chiếc vận chuyển 63 tỉnh thành, Nhất Tín có thể cung cấp rau củ về thành phố mỗi ngày, đồng thời phân phối trải đều ở bưu cục Nhất Tín Logistics tại các quận, huyện của TP HCM. \"Người dân dễ dàng tiếp cận, mua hàng và chế biến những món ngon từ rau, củ, quả tươi xanh cho bữa cơm đầy đủ chất dinh dưỡng\", ông Nguyễn Văn Tú, Tổng giám đốc Nhất Tín Logistics chia sẻ. Ngoài ra, khách hàng có thể sử dụng dịch vụ giao hàng tận nơi ngay trong ngày được cung cấp bởi Nhất Tín Express (NTX) - đơn vị có thế mạnh chuyên về giao hàng thương mại điện tử. Ông Tú cho biết thêm, sắp tới Nhất Tín có thể sẽ triển khai các điểm bán hàng di động trên các \"Mobile Post\" - mô hình xe tải được cải tiến có chức năng và cách thức hoạt động giống như một bưu cục di động; đồng thời bổ sung nhiều loại mặt hàng khác để phục vụ người dân. Làm như vậy sẽ tạo ra nhiều địa điểm mua hàng tiện lợi hơn nữa, góp phần đưa các mặt hàng nhu yếu phẩm đến gần hơn với người tiêu dùng. \"Các quy trình bán hàng đều tuân thủ các biện pháp phòng chống dịch và nghiêm túc thực hiện khuyến cáo 5K của Bộ Y tế để đảm bảo an toàn cho khách hàng, nhân viên. Chúng tôi mong muốn thông qua những hoạt động này, người dân TP HCM sẽ có nhiều loại thực phẩm xanh và sạch mỗi ngày, bổ sung các chất dinh dưỡng thiết yếu mà không phải đi mua quá xa, đảm bảo an toàn cho bản thân, gia đình và cộng đồng\", ông Tú nhấn mạnh. "
}