{
    "url": "https://vnexpress.net/tong-giam-doc-cong-ty-duoc-pham-tu-chuc-vi-dich-benh-4306217.html",
    "label": "DoanhNghiep",
    "timestamp": "Thứ năm, 8/7/2021, 11:25 (GMT+7)",
    "title": "Tổng giám đốc công ty dược phẩm từ chức vì dịch bệnh",
    "content": "Ông Vọng sinh năm 1950, là người lớn tuổi nhất trong ban lãnh đạo công ty này. Ông mới được bổ nhiệm vào ghế tổng giám đốc nhiệm kỳ 5 năm vào cuối tháng 4/2021, thay cho người tiền nhiệm là ông Nguyễn Chí Linh được bầu làm Phó Chủ tịch Hội đồng quản trị. Ông Vọng tham gia Công ty Dược phẩm OPC hơn 30 năm, sở hữu 2,21% cổ phần và từng là Phó tổng giám đốc trước nhiều năm trước khi được bổ nhiệm Tổng giám đốc. Ông còn đang là Thành viên Hội đồng quản trị tại đây. Sau khi ông Vọng từ chức, ban điều hành chỉ còn lại hai phó tổng giám đốc. Công ty Dược phẩm OPC tiền thân là xí nghiệp dược phẩm TW26, được thành lập cuối năm 1977 trên cơ sở sáp nhập 8 viện bào chế tư nhân tại Sài Gòn trước đây. Công ty đặt mục tiêu năm nay doanh thu 866 tỷ đồng và lợi nhuận trước thuế 143 tỷ đồng. Tốc độ tăng trưởng bình quân trong 5 năm tới được kỳ vọng khoảng 5-7%. "
}