{
    "url": "https://vnexpress.net/vinamilk-thuc-hien-muc-tieu-kep-vua-san-xuat-vua-chong-dich-4301508.html",
    "label": "DoanhNghiep",
    "timestamp": "Thứ tư, 30/6/2021, 16:00 (GMT+7)",
    "title": "Vinamilk thực hiện mục tiêu kép: vừa sản xuất vừa chống dịch",
    "content": "Dù Covid-19, doanh thu năm 2020 của Vinamilk đạt gần 60.000 tỷ đồng. Vinamilk tự chủ vùng nguyên liệu với 13 trang trại bò sữa trong nước, đàn bò quản lý và khai thác sữa là 150.000 con. Kết hợp cùng với 13 nhà máy hiện đại, chuẩn quốc tế, Vinamilk đã xuất khẩu các sản phẩm sữa ra 56 quốc gia và vùng lãnh thổ trên thế giới. Vinamilk cũng vừa tiến lên thứ 36 trong danh sách 50 công ty sữa có doanh thu cao nhất thế giới, theo thống kê của công ty phân tích tài chính đa ngành Plimsoll (Anh), là đại diện duy nhất của Đông Nam Á trong Top 50 này. Theo báo cáo của bà Mai Kiều Liên, Tổng Giám đốc công ty Vinamilk, vốn cổ đông nhà nước (SCIC) tại Vinamilk hiện nay đã tăng 40 lần so với vốn sau cổ phần hóa năm 2003. Trong 10 năm (2011-2021), Vinamilk đã đóng góp 42.000 tỷ đồng vào ngân sách nhà nước; riêng trên địa bàn tỉnh Bình Dương, Vinamilk nộp ngân sách nhà nước là 10.500 tỷ đồng từ sự đóng góp chủ lực của Nhà máy Sữa Việt Nam (Nhà máy Mega) và hai Nhà máy Sữa bột Việt Nam, Nhà máy Nước giải khát Việt Nam. Trực tiếp thị sát Nhà máy Mega và lắng nghe báo cáo từ các đại diện Vinamilk, Thủ tướng Chính phủ đánh giá Vinamilk là mô hình điển hình về kinh tế tuần hoàn có hiệu quả với nhiều đóng góp hữu ích, thiết thực cho người lao động, địa phương và đất nước. Qua hoạt động của công ty, các sản phẩm nông nghiệp được chế biến, thúc đẩy công nghiệp hóa, hiện đại hóa, góp phần cải thiện đời sống nhân dân, người lao động và nâng cao tầm vóc, sức khỏe của người dân Việt Nam. Bên cạnh đó, Vinamilk cũng thể hiện trách nhiệm xã hội trong ứng phó dịch bệnh và hỗ trợ người dân khi có lũ lụt, thiên tai. Góp sức trong cuộc chiến chống dịch, từ khi dịch bùng phát đến nay, Vinamilk tích cực chung tay với Chính phủ, tiếp sức lực lượng tuyến đầu và hỗ trợ cộng đồng với ngân sách trên 85 tỷ đồng. Trong cuộc chiến \"chống dịch như chống giặc\", Thủ tướng ghi nhận Vinamilk đã phát huy tốt tinh thần \"vừa sản xuất, vừa chiến đấu\", quyết tâm không để ngừng trệ sản xuất, góp phần cùng cả nước thực hiện tốt mục tiêu kép. Những giải pháp và nỗ lực của Vinamilk nhằm bảo vệ sức khỏe, đảm bảo quyền lợi và nâng cao đời sống của người lao động cũng được Thủ tướng hoan nghênh, nhất là trong giai đoạn dịch bệnh. Thủ tướng nhấn mạnh, thực hiện mục tiêu kép là nhiệm vụ khó nhưng cần phải thực hiện; phải chống được dịch để thúc đẩy sản xuất kinh doanh; sản xuất kinh doanh mới có nguồn lực để chống dịch tốt hơn. Kết thúc buổi làm việc, Thủ tướng chỉ đạo Văn phòng Chính phủ và các bộ, ngành rà soát lại, kịp thời tạo điều kiện và động lực để doanh nghiệp phát triển. Thủ tướng động viên tập thể cán bộ công nhân viên Vinamilk tiếp tục phát huy những thành quả đạt được, khắc phục khó khăn, với tinh thần năm sau cao hơn năm trước, tiếp tục nâng cao vị thế của thương hiệu. Đại diện Vinamilk, bà Mai Kiều Liên đã gửi lời cảm ơn Thủ tướng Chính phủ, đồng thời khẳng định Vinamilk sẽ nỗ lực vượt qua thách thức hiện nay, đóng góp cho sự phát triển của ngành sữa Việt Nam, đưa thương hiệu sữa Việt vươn ra thế giới, tiếp tục theo định hướng đến phát triển bền vững và đóng góp cho sự phát triển của đất nước. "
}