{
    "url": "https://vnexpress.net/trai-nghiem-san-jackpot-tien-ty-qua-kenh-dien-thoai-4309618.html",
    "label": "DoanhNghiep",
    "timestamp": "Thứ năm, 15/7/2021, 08:00 (GMT+7)",
    "title": "Trải nghiệm 'săn' Jackpot tiền tỷ qua kênh điện thoại",
    "content": "Smartphone đang dần trở thành trợ thủ đắc lực không thể thiếu trong thời đại số. Theo số liệu từ Statista năm 2020, tỷ lệ sử dụng smartphone tại Việt Nam đứng thứ 9 thế giới với 63,1%, cao hơn Indonesia (58,6%) và Philippines (37,7%). Đây là bệ phóng để hệ thống bán vé số qua kênh điện thoại của Vietlott (Vietlott SMS) ngày càng trở nên phổ biến. Đại diện Vietlott cho biết sau hơn nửa năm triển khai, kênh bán vé này đã có gần 220.000 tài khoản đăng ký, trong đó có gần 65.000 lượt trúng thưởng và gần 40.000 người đã trúng thưởng nhiều hơn một lần. Tổng giá trị trả thưởng lên đến gần 50 tỷ đồng. Để tham gia xổ số điện toán theo kênh này, người chơi cần tải ứng dụng Vietlott SMS dành riêng cho nhà mạng mà mình đang sử dụng, với những lựa chọn gồm Viettel, MobiFone và VinaPhone. Ứng dụng này có trên cả hai hệ điều hành iOS và Android. Sau khi tải ứng dụng, để tạo tài khoản, người dùng cần nhập số điện thoại và chụp hai mặt CMND hoặc CCCD để kích hoạt tài khoản. Bước này để đảm bảo quyền lợi cho người chơi khi trúng thưởng cũng như thuận tiện hơn khi nhận thưởng vì tài khoản đã được định danh chính chủ. Để thanh toán cho vé số đã đặt, người chơi có thể dùng tài khoản thanh toán của mình trên ứng dụng. Tài khoản này có thể được nạp tiền nhanh chóng thông qua chuyển khoản ngân hàng. Bên cạnh đó, vé số mua qua Vietlott cũng có thể được thanh toán qua ví điện tử, tài khoản ngân hàng liên kết. Người dùng cần chọn một ngân hàng hoặc ví điện tử để liên kết với tài khoản, sau đó tiến hành liên kết theo hướng dẫn tùy theo từng ngân hàng. Sau khi đăng ký thành công tài khoản, người dùng sẽ nhận được tin nhắn xác nhận. Thông qua Vietlott SMS, người dùng có trải nghiệm mua vé số hiện đại, tiện ích, tương tự như nhiều nền xổ số phát triển trên thế giới. Ứng dụng này hiện là kênh phân phối vé duy nhất của Vietlott qua điện thoại, đặc biệt là điện thoại thông minh. Người dùng Vietlott SMS được chơi và nhận thưởng hoàn toàn minh bạch, không lo bất kỳ khoản phí thu hộ nào. Sau khi lựa chọn được bộ số tâm đắc, các ứng dụng này cho phép người chơi quản lý tài khoản mua vé Vietlott, lưu bộ số yêu thích và mua vé nhanh chóng thông qua cú pháp SMS gửi về tổng đài của Vietlott. Việc đặt vé số qua Vietlott SMS hoàn toàn miễn phí, người dùng không mất thêm bất kỳ một khoản phí nào trong quá trình sử dụng. Kết quả của mỗi kỳ quay số mở thưởng đều được thông báo sớm nhất thông qua ứng dụng Vietlott SMS, người chơi có thể trực tiếp kiểm tra dãy số trúng thưởng và ứng dụng cũng tự động kiểm tra những vé số mà người chơi đã mua để thông báo trúng thưởng. Với giá trị giải thưởng dưới 10 tỷ đồng, tiền thưởng sẽ được trả trực tiếp vào tài khoản nhận thưởng là tài khoản ngân hàng hoặc tài khoản ví điện tử. Người chơi không cần làm bất cứ thủ tục nào khác do tài khoản đã được định danh bằng chứng minh thư hoặc căn cước công dân. Gần nhất, vào chiều 23/6 tại TP HCM, chi nhánh TP HCM của Vietlott và MobiFone đã trao giải Jackpot trị giá 29,3 tỷ đồng đến một khách hàng có thuê bao di động thuộc mạng MobiFone. Vietlott SMS đã giúp người chơi xổ số Việt Nam chinh phục những giải thưởng tiền tỷ thuận tiện mà không cần rời khỏi nhà, đảm bảo giãn cách chống dịch. "
}