{
    "url": "https://vnexpress.net/evn-vay-gan-1-2-ty-usd-lam-du-an-nguon-dien-4302355.html",
    "label": "DoanhNghiep",
    "timestamp": "Thứ tư, 30/6/2021, 17:52 (GMT+7)",
    "title": "EVN vay gần 1,2 tỷ USD làm dự án nguồn điện",
    "content": "Theo thoả thuận cấp tín dụng giữa EVN và Vietcombank ngày 30/6, khoản vay này sẽ được giải ngân trong 4 năm theo tiến độ dự án và thời gian vay là 15 năm. Nhà máy nhiệt điện Quảng Trạch I (huyện Quảng Trạch, Quảng Bình) là một trong những dự án nguồn điện lớn, quan trọng của Tập đoàn Điện lực Việt Nam (EVN) với 2 tổ máy, tổng công suất lắp đặt 1.200 MW. Dự án này có tổng vốn đầu tư hơn 41.130 tỷ đồng, sử dụng nguồn vốn của EVN (30%) và vốn vay thương mại trong nước (70%). Ông Dương Quang Thành - Chủ tịch HĐTV EVN cho biết, dự án nhà máy nhiệt điện Quảng Trạch 1 dự kiến khởi công quý III năm nay. Theo đó, sẽ sử dụng công nghệ trên siêu tới hạn USC với lò hơi kiểu trực lưu, đốt than phun trực tiếp, turbin kiểu ngưng hơi truyền thống với thông số hơi đầu vào trên siêu tới hạn, bảo đảm các yêu cầu về bảo vệ môi trường. EVN phấn đấu đưa dự án này vào vận hành năm 2025, sớm 2 năm so với phê duyệt tại quy hoạch 7 điều chỉnh. Khi đi vào vận hành, mỗi năm nhà máy này có thể cung cấp 7,8 tỷ kWh cho hệ thống điện, bổ sung nguồn cung cấp điện, giúp tăng tỷ trọng nguồn nhiệt điện trong cơ cấu hệ thống điện quốc gia, khắc phục sự phụ thuộc vào thủy điện... Đây là dự án nguồn điện đầu tiên của EVN được thu xếp 100% vốn vay từ ngân hàng trong nước và không có bảo lãnh của Chính phủ. Mỗi năm nhà máy này dự kiến góp 1.200 tỷ đồng vào ngân sách địa phương. Hồi giữa tháng 6, gói thầu thiết kế, cung cấp hàng hóa và xây lắp (EPC) trị giá gần 30.240 tỷ đồng (khoảng 1,3 tỷ USD) đã được EVN ký với liên danh nhà thầu Nhật Bản - Hàn Quốc và Việt Nam. Theo tiến độ dự án nhà máy nhiệt điện Quảng Trạch I dự kiến hoàn thành và đưa vào vận hành thương mại tổ máy số 1 sau 42 tháng và tổ máy số 2 sau 48 tháng. Thời gian bảo hành 24 tháng. "
}