{
    "url": "https://vnexpress.net/binh-quan-moi-ngay-sabeco-lai-hon-11-ty-dong-4332591.html",
    "label": "DoanhNghiep",
    "timestamp": "Thứ sáu, 30/7/2021, 00:00 (GMT+7)",
    "title": "Bình quân mỗi ngày Sabeco lãi hơn 11 tỷ đồng",
    "content": "Báo cáo tài chính quý II của Tổng công ty Bia – Rượu – Nước giải khát Sài Gòn (Sabeco) ghi nhận doanh thu thuần 7.226 tỷ đồng, tăng gần 100 tỷ đồng so với cùng kỳ. Chi phí bán hàng giai đoạn này tăng mạnh nhưng bù lại chi phí quản lý tiết kiệm hơn phân nửa. Nhờ vậy, công ty báo lãi sau thuế đạt 1.070 tỷ đồng và giảm 12%. Ban lãnh đạo Sabeco lý giải, dịch bệnh bùng phát lần thứ tư là nguyên nhân chính khiến lợi nhuận thấp hơn. Luỹ kế nửa đầu năm công ty thu gần 13.090 tỷ đồng, tăng 9% so với cùng kỳ năm ngoái. Nguồn thu từ sản phẩm bia chiếm tỷ trọng hơn 89%. Phần còn lại đến từ bán nguyên vật liệu, nước giải khát, rượu, cồn và các khoản khác. Công ty còn có nguồn thu tài chính 634 tỷ đồng, trong đó lãi tiền gửi ngân hàng hơn 410 tỷ đồng. Chi phí bán hàng, chủ yếu là quảng cáo và khuyến mãi, tăng 44% lên 1.945 tỷ đồng là khoản mục bào mòn lợi nhuận nhiều nhất. Lãi sau thuế đạt 2.057 tỷ đồng, tăng 6% và nâng lợi nhuận sau thuế chưa phân phối tính đến cuối kỳ lên 13.254 tỷ đồng. Sabeco đặt mục tiêu năm nay doanh thu đạt 33.491 tỷ đồng và lợi nhuận 5.289 tỷ đồng, lần lượt tăng 20% và 7% so với năm trước. Tại phiên họp thường niên, ban lãnh đạo công ty lý giải ba nguyên nhân khiến mục tiêu tăng trưởng doanh thu và lợi nhuận chênh lệch lớn. Thứ nhất là năm ngoái Covid-19 bùng phát nên công ty phải hoãn một số chi phí và chi bù vào năm nay. Thứ hai, giá nguyên vật liệu tăng. Cuối cùng, công ty cần chi nhiều hơn cho quảng cáo và khuyến mãi để giành thị phần trong bối cảnh cạnh tranh với các đối thủ cùng ngành quyết liệt. Kế hoạch này được chuẩn bị vào tháng 1, khi dịch bệnh chưa bùng phát, nên ban lãnh đạo cho rằng hiện tại để đạt tăng trưởng 20% không phải mục tiêu dễ dàng. Nếu có cơ hội tăng giá hợp lý, công ty sẽ thực hiện. Công ty cũng cân nhắc cơ cấu lại danh mục sản phẩm, tức tập trung bán những mặt hàng có giá cao và biên lợi nhuận tốt. Tổng tài sản tính đến cuối tháng 6 của Sabeco đạt 28.560 tỷ đồng, tăng khoảng 1.200 tỷ đồng so với đầu năm. Chiếm phần lớn trong số này lả 15.290 tỷ đồng tiền gửi ngân hàng có kỳ hạn thời hạn từ 3 tháng đến một năm. "
}