{
    "url": "https://vnexpress.net/ban-co-dang-that-nghiep-giam-thu-nhap-vi-covid-19-4333657.html",
    "label": "DoanhNghiep",
    "timestamp": "Thứ ba, 3/8/2021, 07:22 (GMT+7)",
    "title": "Bạn có đang thất nghiệp, giảm thu nhập vì Covid-19?",
    "content": "Công việc và thu nhập của bạn có đang bị ảnh hưởng vì Covid-19? Nếu có, đừng bỏ qua khảo sát này, do Ban Nghiên cứu Phát triển Kinh tế tư nhân (Ban IV) và VnExpress thực hiện, từ nay tới ngày 5/8. Kết quả khảo sát sẽ được tổng hợp, báo cáo Thủ tướng, làm cơ sở đưa ra các giải pháp cho tình trạng hiện tại. Tham gia khảo sát tại đây Theo số liệu của Tổng cục Thống kê công bố đầu tháng 7, nửa đầu năm nay đã có hơn 70.200 doanh nghiệp rút khỏi thị trường, tăng gần 25% so với cùng kỳ, trong đó, một nửa đã ngừng kinh doanh. Cùng với kết quả này là khoảng 12,8 triệu lao động chịu ảnh hưởng tiêu cực từ dịch bệnh, tăng 3,7 triệu người so với quý đầu năm. Số lao động bị ảnh hưởng gồm những người mất việc, giãn việc, giảm thu nhập. "
}