{
    "url": "https://vnexpress.net/du-phong-tai-chinh-voi-the-tin-dung-noi-dia-vietcredit-4301812.html",
    "label": "DoanhNghiep",
    "timestamp": "Thứ sáu, 2/7/2021, 11:00 (GMT+7)",
    "title": "Dự phòng tài chính với thẻ tín dụng nội địa VietCredit",
    "content": "Khi thu nhập giới văn phòng trở nên eo hẹp do ảnh hưởng của dịch, nhiều người nhìn nhận thẻ tín dụng nội địa VietCredit như một giải pháp tài chính tiện lợi Theo VietCredit, khách hàng hiện nay, đặc biệt là giới công sở ngày càng hiểu rõ hơn về các sản phẩm tài chính nên thường chọn những sản phẩm phù hợp với nhu cầu. Do đó, VietCredit \"thiết kế\" thẻ tín dụng nội địa với những tiện ích phù hợp nhu cầu người dùng. Ứng lương nhanh Theo VietCredit, đa số người đi làm nhận mức lương tương đối sẽ có một khoản tiết kiệm ứng phó tạm thời khi thu nhập bị giảm sút. Tuy nhiên, dịch bệnh kéo dài, kinh tế khó khăn khiến số tiền tích lũy cạn dần trong khi các chi phí sinh hoạt lại không giảm. Do đó, thẻ tín dụng nội địa VietCredit là một trong những giải pháp nới rộng tài chính giúp khách hàng cải thiện và nâng cao chất lượng cuộc sống hoặc là một khoản dự phòng nhanh chóng trước những phát sinh đột xuất chưa kịp xoay sở như tiền viện phí, học phí, dự trữ thực phẩm, thuốc men mùa dịch... Khi cần chi tiêu, khách hàng có thể \"ứng lương\" ngay tại hơn 19.000 ATM toàn quốc. Tùy theo nhu cầu, chủ thẻ linh hoạt rút vừa đủ số tiền mình cần, không cần cất giữ quá nhiều tiền mặt chưa cần thiết trong người. Thẻ có thời hạn sử dụng đến 3 năm, chủ thẻ thoải mái vay trả liên tục trong hạn mức được cấp mà không cần tái thực hiện các thủ tục vay vốn, tiết kiệm thời gian và công sức. Mới đây, VietCredit vừa điều chỉnh chính sách gia tăng quyền lợi cho khách hàng có thu nhập từ lương. Cụ thể thu nhập càng cao, hạn mức thẻ được cấp càng nhiều với lãi suất phù hợp, giúp khách hàng thêm an tâm sử dụng, trải nghiệm những giá trị của cuộc sống ngay cả khi chưa đủ nguồn lực. Chị Ánh Tuyết, kế toán công ty vận tải tại TP HCM cho biết, trong thời gian giãn cách, vợ chồng chị đều làm việc tại nhà, con chị cũng nghỉ hè. Để không gian ở nhà thêm mát mẻ, làm việc thoải mái giữa hè nóng bức, chị quyết định sắm một chiếc máy lạnh cho gia đình. Chị cũng \"rinh\" thêm chiếc laptop cho con giải trí và học thêm tiếng Anh online, hạn chế ra ngoài mùa dịch bệnh. \"Nếu chỉ nhờ vào lương thì tôi không dám mua cùng lúc mấy thứ, nhưng vì có thẻ VietCredit, tôi ứng một khoản để mạnh dạn tận hưởng trước và sau đó thanh toán vào thẻ hàng kỳ một khoản tối thiểu\", chị Tuyết nói. Thêm một ưu điểm là VietCredit không áp ngày thanh toán dư nợ mà khách hàng được chủ động chọn ngày thanh toán bất kỳ trong thời gian từ ngày 2 đến ngày 28 của tháng. Do đó, chủ thẻ có thể cân đối các khoản thu nhập để chọn ngày thanh toán định kỳ phù hợp với khả năng tài chính. Không mất phí Người dùng hiện nay quan tâm đến các loại phí khi mở thẻ. Hiểu điều đó, VietCredit áp dụng chính sách không thu khách hàng bất kỳ loại phí nào từ phí mở thẻ, phí cấp gửi thẻ, phí thường niên, phí sao kê, phí SMS... thậm chí cả phí tất toán trước hạn. Bên cạnh đó, chủ thẻ còn được hưởng ưu đãi 0% lãi suất 7 ngày đầu tiên kể từ khi kích hoạt thẻ. Chính sách phí và lãi của VietCredit giúp khách hàng giảm bớt gánh nặng chi phí khi vay tiêu dùng. Tấn Đức, chuyên viên truyền thông một công ty sự kiện ở Hà Nội cho biết dịch bệnh khiến thu nhập bị giảm sút đáng kể nên anh quyết định mở thẻ VietCredit bởi lợi ích mà thẻ mang lại. \"Với thu nhập hiện tại, tôi không muốn bỏ ra nhiều chi phí để mở và duy trì thẻ. Nhưng khi tìm hiểu thẻ VietCredit, băn khoăn ấy đã biến mất vì không tốn kém gì mà có một khoản dự phòng lâu dài\", anh Đức chia sẻ. Cung cấp các tiện ích trực tuyến Thẻ VietCredit cung cấp các tiện ích online, vừa nhanh chóng vừa giúp giảm thiểu tiếp xúc trong mùa dịch. Khi cần thanh toán khoản vay, khách hàng có nhiều cách thanh toán trực tuyến như chuyển khoản Internet banking, Mobile banking, qua ví điện tử, hoặc trên website, ứng dụng VietCredit... Chủ thẻ có thể quản lý và kiểm soát khoản vay mọi lúc mọi nơi qua ứng dụng VietCredit bởi tất cả giao dịch rút trả tiền, số dư nợ, lãi phí (nếu có), tin tức, thông báo, các chương trình khuyến mại hấp dẫn... đều được cập nhật trên ứng dụng. Trong bối cảnh dịch bệnh, người dùng cũng có thể mở thẻ VietCredit qua kênh online ngay tại nhà bất cứ lúc nào. Toàn bộ quá trình đăng ký, tư vấn, phê duyệt đều thực hiện trực tuyến, giúp khách hàng tiết kiệm thời gian, thêm an toàn khi không phải ra ngoài hay tiếp xúc trực tiếp. Để khoản vay được sử dụng hiệu quả và trở thành giải pháp tài chính thiết thực, VietCredit cũng khuyến nghị khách hàng chỉ nên vay khi thực sự cần và vay trong khả năng chi trả. "
}