{
    "url": "https://vnexpress.net/dai-ly-phan-phoi-ford-ba-thang-lai-chua-den-mot-ty-dong-4330898.html",
    "label": "DoanhNghiep",
    "timestamp": "Thứ ba, 27/7/2021, 10:20 (GMT+7)",
    "title": "Đại lý phân phối Ford ba tháng lãi chưa đến một tỷ đồng",
    "content": "Báo cáo tài chính quý II của Công ty cổ phần City Auto (CTF), đơn vị phân phối xe Ford tại Việt Nam, ghi nhận doanh thu thuần tăng 33% so với cùng kỳ lên 1.356 tỷ đồng. Tiền bán xe đóng góp gần 1.260 tỷ đồng trong số này, còn lại đến từ bán phụ tùng và cung cấp dịch vụ. Nguồn thu hoạt động tài chính biến động mạnh khi công ty không còn lãi phát sinh từ chuyển nhượng cổ phần. Điều này cộng thêm các khoản chi phí bán hàng, quản lý doanh nghiệp không tiết giảm nhiều nên lãi sau thuế ba tháng chỉ đạt 873 triệu đồng. Dù vậy, so với cùng kỳ thì con số này vẫn gấp hơn 10 lần. Luỹ kế nửa năm, City Auto thu gần 2.500 tỷ đồng và lãi sau thuế xấp xỉ 17 tỷ đồng, lần lượt hoàn thành khoảng 34% và 21% kế hoạch cả năm. Công ty đặt mục tiêu năm nay bán được 8.734 xe, tăng hơn 2.250 chiếc so với năm ngoái. Doanh thu dự kiến tăng gần 31% lên 7.380 tỷ đồng, trong khi kế hoạch lợi nhuận đột biến từ 1,4 tỷ đồng lên 80 tỷ đồng. Ban lãnh đạo City Auto trong báo cáo thường niên cho biết năm nay sẻ mở rộng dự án tại các thị trường tiềm năng như Đông Nam Bộ, Trung Bộ và phân phối một số thương hiệu ôtô khác như Nissan, Honda, Mitsubishi. Tính đến hết quý II, công ty có tổng nguồn vốn 1.870 tỷ đồng. Nợ phải trả xấp xỉ 1.100 tỷ đồng, trong đó chủ yếu là các khoản vay ngắn hắn. "
}