{
    "url": "https://vnexpress.net/phuong-nam-panel-khoi-cong-nha-may-400-ty-dong-o-mien-bac-4329206.html",
    "label": "DoanhNghiep",
    "timestamp": "Thứ sáu, 23/7/2021, 14:00 (GMT+7)",
    "title": "Phương Nam Panel khởi công nhà máy 400 tỷ đồng ở miền Bắc",
    "content": "Lễ khởi công diễn ra vào sáng ngày 20/7 với tinh thần khẩn trương, đảm bảo quy định phòng, chống dịch bệnh. Dự án đạt quy mô 30.000 m2, gồm 2 xưởng sản xuất (tổng diện tích 12.960 m2); nhà điều hành, văn phòng và nhà ăn (diện tích 1.000 m2); đường giao thông (9.800 m2); không gian cảnh quan, cây xanh (6.000 m2). Dự kiến, nhà máy sẽ được hoàn thành và đi vào hoạt động vào tháng 10/2021, cung ứng sản phẩm sandwich panel cho các tỉnh khu vực miền Bắc và miền Trung. Với hệ thống dây chuyền sản xuất sandwichpanel tự động liên tục theo công nghệ hiện đại của Đức, dự kiến khi đi vào hoạt động, nhà máy sẽ có năng lực sản xuất lên đến 28.000m2 mỗi ngày. Các sản phẩm được cung cấp đa dạng về chủng loại PIR, PUR, Rockwook, EPS, đáp ứng ngày càng cao nhu cầu xây dựng công trình nhà xưởng, phòng sạch, kho lạnh... Dự án này nằm trong chiến lược mở rộng thị trường của Phương Nam trong năm nay. Ông Ngọc Lang, Giám đốc Đối ngoại của Phương Nam cho biết: \"Dù phải đương đầu với nhiều thách thức, ban lãnh đạo Công ty Phương Nam vẫn quyết tâm triển khai xây dựng nhà máy Panel miền Bắc theo đúng kế hoạch đã đề ra, nhằm đáp ứng nhu cầu sandwich panel cho các chủ đầu tư, các nhà thầu có dự án tại khu vực Bắc miền Trung và các tỉnh phía Bắc\". Cũng theo ông Lang, việc lựa chọn Hưng Yên để xây dựng nhà máy, xuất phát từ địa thế gần cảng biển Hải Phòng, đường bộ, đường sông đều thuận lợi. Theo đó, doanh nghiệp có thể tiết giảm chi phí vận chuyển, chi phí nhập khẩu nguyên liệu khi nhà máy tại Hưng Yên đi vào hoạt động. \"Mục tiêu của Phương Nam là đưa sản phẩm đến tận chân công trình một cách nhanh nhất. Đó là lý do chúng tôi xây dựng nhà máy tại Hưng Yên\", ông Lang nói. Như nhiều doanh nghiệp tại Việt Nam, Phương Nam gặp không ít khó khăn từ khi dịch Covid-19 xuất hiện. Hiện, doanh nghiệp cũng đang triển khai thực hiện \"ba tại chỗ\" ở công ty, nhằm đảm bảo an toàn cho nhân viên và duy trì hoạt động sản xuất, đáp ứng nhanh tiến độ mọi công trình trong cả nước. Công ty TNHH Panel Phương Nam là đơn vị trực thuộc Công ty TNHH Cách âm Cách nhiệt Phương Nam với gần 30 năm hình thành và phát triển trong ngành công nghiệp sản xuất vật liệu nhẹ. Mỗi năm, trung bình Phương Nam đưa ra thị trường hơn 3 triệu m2 sandwich panel. Hơn 500 công trình trên cả nước sử dụng sandwich panel Phương Nam mỗi năm. "
}