{
    "url": "https://vnexpress.net/vingroup-tang-bo-y-te-500-000-lo-thuoc-dieu-tri-covid-19-4334533.html",
    "label": "DoanhNghiep",
    "timestamp": "Thứ hai, 2/8/2021, 17:55 (GMT+7)",
    "title": "Vingroup tặng Bộ Y tế 500.000 lọ thuốc điều trị Covid-19",
    "content": "Dự kiến, tất cả đơn hàng sẽ chuyển về Việt Nam ngay trong tháng 8. Bộ Y tế sẽ tiến hành kiểm định và cấp phép lưu hành cho các bệnh viện đang điều trị bệnh nhân Covid-19 trên toàn quốc. Để phục vụ công tác chữa trị khẩn cấp, Vingroup đang đàm phán để thuê chuyên cơ chuyển thuốc về Việt Nam. Remdesivir là thuốc kháng virus do Công ty dược phẩm Cipla, Ấn Độ sản xuất dưới sự cho phép Gilead Sciences, Mỹ. Loại thuốc này được Cơ quan Quản lý Thực phẩm và Dược phẩm Mỹ (FDA) phê duyệt điều trị cho bệnh nhân Covid-19 từ tháng 10/2020. Với khả năng rút ngắn thời gian chữa trị và đẩy nhanh phục hồi ở bệnh nhân diễn tiến nặng, Remdesivir được 50 quốc gia như Mỹ, Australia, Nhật Bản, Singapore, Ấn Độ... đưa vào phác đồ điều trị. Remdesivir sử dụng cho bệnh nhân Covid-19 thể trung bình và nặng theo hướng dẫn trong phác đồ điều trị của Bộ Y tế. Với 500.000 lọ, số thuốc trên có khả năng hỗ trợ điều trị cho khoảng 80.000 đến 100.000 bệnh nhân Covid-19 tại Việt Nam. \"Trong bối cảnh dịch Covid-19 đang diễn biến phức tạp, đặc biệt là ở TP HCM và các tỉnh miền nam, việc nhập khẩu được 500.000 lọ thuốc điều trị Covid-19 sẽ góp phần hỗ trợ ngành y điều trị, đặc biệt là ở nhóm bệnh nhân có nguy cơ cao như người già, người có bệnh nền\", đại diện Vingroup cho hay. "
}