{
    "url": "https://vnexpress.net/dien-luc-ha-noi-chuan-bi-phuong-an-ung-pho-dich-4327708.html",
    "label": "DoanhNghiep",
    "timestamp": "Thứ tư, 21/7/2021, 09:00 (GMT+7)",
    "title": "Điện lực Hà Nội chuẩn bị phương án ứng phó dịch",
    "content": "Trước tình hình Covid-19 diễn biến phức tạp, EVNHANOI xây dựng mục tiêu kép, đảm bảo điện phục vụ phòng chống dịch và hoạt động sản xuất kinh doanh của Thủ đô. Theo đó, công ty thành lập 8 cụm công ty điện lực, phối hợp quản lý, vận hành. Các đơn vị trong cùng cụm sẽ hỗ trợ nhau, đảm bảo điện trong tình huống gặp khó khăn do dịch bệnh và dự phòng nhân lực, sẵn sàng ứng phó khi phải cách ly người nhiễm và nghi nhiễm Covid-19. EVNHANOI cũng triển khai ca trực, duy trì vận hành lưới điện Hà Nội đối với đội ngũ trực tiếp tham gia sản xuất, bố trí ăn nghỉ tập trung cho Trung tâm Điều độ hệ thống điện TP Hà Nội, Công ty lưới điện Cao thế TP Hà Nội và Công ty Công nghệ thông tin Điện lực Hà Nội. Đối với Trung tâm Điều độ hệ thống điện TP Hà Nội, EVNHANOI kích hoạt hai khối điều hành. Trong đó, khối một điều hành trực tiếp lưới điện, trực ca chế độ 12 giờ, ở nội trú tại trung tâm trong 72 giờ và không được ra ngoài trong thời gian trực nội trú. Khối hai làm việc từ xa, hỗ trợ cho khối một hoàn thành nhiệm vụ. Trong mọi trường hợp, Trung tâm Điều độ hệ thống điện TP Hà Nội luôn đảm bảo chỉ huy cung ứng điện cho Thủ đô. Công ty tăng cường trực vận hành, chuẩn bị vật tư, thiết bị dự phòng, xử lý nhanh sự cố; bố trí máy phát điện diesel để cung cấp điện tại các điểm đảm bảo điện trong thời gian khắc phục. EVNHANOI tăng ca trực và đợt kiểm tra tại trạm cung cấp điện cho Bệnh Viện Nhiệt đới Trung ương, Bệnh viện Bạch Mai, Bệnh viện Phổi Trung ương, Bệnh viện Nhi Trung ương, xây dựng phương án đảm bảo cấp điện cho bệnh viện kể cả trường hợp xấu nhất. Nếu phải xử lý sự cố tại các nơi này, công ty sẽ trang bị đồ bảo hộ phù hợp, đảm bảo an toàn cho nhân viên để không bị lây nhiễm. Để chuẩn bị ứng phó cho mọi tình huống, nhân viên được trang bị đồ bảo hộ theo quy định của Bộ Y tế khi làm việc. EVNHANOI nỗ lực đảm bảo cung cấp điện an toàn, liên tục, ổn định, phục vụ phòng chống dịch, sản xuất kinh doanh và nhu cầu tiêu dùng của người dân. Bên cạnh đó, công ty còn tăng cường tuyên truyền cho khách hàng lợi ích dịch vụ điện trên ứng dụng EVNHANOI (đăng ký dịch vụ điện, thanh toán tiền điện) nhằm hạn chế tập trung đông người, tăng trải nghiệm cho khách hàng. "
}