{
    "url": "https://vnexpress.net/a-an-tang-110-tan-gao-cho-nguoi-ngheo-tp-hcm-4304682.html",
    "label": "DoanhNghiep",
    "timestamp": "Thứ hai, 5/7/2021, 17:30 (GMT+7)",
    "title": "A An tặng 110 tấn gạo cho người nghèo TP HCM",
    "content": "Tại Việt Nam, làn sóng Covid-19 lần thứ tư bùng phát mạnh mẽ, lây lan trên diện rộng và ảnh hưởng nặng nề đến cuộc sống, công việc, đặc biệt là đối với những người lao động nghèo. Trong đó, TP HCM đang trở thành tâm dịch của cả nước với số ca nhiễm hơn 6.000 ca trong vòng hơn một tháng qua. Hướng đến những hoàn cảnh khó khăn, người lao động nghèo đang chịu nhiều ảnh hưởng vì dịch bệnh, gạo A An - nhãn gạo thuộc Tập đoàn Tân Long phối hợp cùng Uỷ ban Mặt trận Tổ quốc trao tặng 110 tấn gạo cho toàn bộ 22 quận huyện thuộc TP HCM. Đại diện đơn vị cho biết, đây là nỗ lực nhằm chung tay cùng chính quyền địa phương và đông đảo các mạnh thường quân khác tiếp thêm nguồn lực giúp người dân phần nào vượt qua những khó khăn trước mắt, đúng với tinh thần \"không một ai bị bỏ lại phía sau\". Ông Nguyễn Ngọc Thành, Trưởng phòng Marketing chia sẻ: \"Với thông điệp 'Hạt gạo nghĩa tình cùng người dân bước qua mùa dịch', Tập đoàn Tân Long và nhãn gạo A An hy vọng có những đóng góp thiết thực, kịp thời san sẻ khó khăn cùng chính quyền địa phương, người dân thành phố\". Vị đại diện này nói thêm, trong bối cảnh dịch bệnh vẫn còn những diễn biến hết sức phức tạp thì các hoạt động thể hiện tinh thần đoàn kết, tương thân tương ái sẽ góp phần giúp TP HCM và cả nước chiến thắng dịch bệnh, sớm trở lại cuộc sống yên bình. Ông cũng gửi lời cảm ơn đến địa phương và cơ quan báo chí đã đồng hành cùng gạo A An trong chương trình. Trước đó gạo A An đã tặng 10 tấn gạo cho người dân tại 5 quận huyện bao gồm quận 12, Thủ Đức, Bình Thạnh, Bình Chánh và Hóc Môn. Nhãn gạo thuộc Tập đoàn Tân Long cũng ủng hộ 5 tỷ đồng và 1.000 tấn gạo tại hai tỉnh Bắc Giang, Bắc Ninh vào tháng 5 vừa qua. Đến nay, công ty đã ủng hộ 1.120 tấn gạo và 5 tỷ đồng. Thời gian tới A An sẽ có thêm nhiều hoạt động nhằm san sẻ khó khăn trong công tác phòng, chống dịch Covid-19 trên toàn quốc. "
}