{
    "url": "https://vnexpress.net/pho-tong-giam-doc-vec-bi-khai-tru-dang-4133233.html",
    "label": "ThoiSu",
    "timestamp": "Thứ hai, 20/7/2020, 16:15 (GMT+7)",
    "title": "Phó tổng giám đốc VEC bị khai trừ Đảng",
    "content": "Quyết định được đưa ra tại kỳ họp thứ 46 của Ủy ban Kiểm tra Trung ương, tổ chức từ ngày 15 đến 17/7. Cũng tại kỳ họp này, cơ quan kiểm tra cảnh cáo ông Mai Tuấn Anh, Bí thư Đảng ủy, Chủ tịch hội đồng thành viên và ông Trần Văn Tám, Phó bí thư Đảng ủy, Tổng giám đốc Tổng Công ty VEC. Ông Trần Quốc Việt, nguyên Bí thư Đảng ủy, nguyên Chủ tịch Hội đồng thành viên và ông Nguyễn Văn Nhi, Phó bí thư Đảng ủy, Phó tổng giám đốc Tổng công ty VEC bị khiển trách. Ủy ban Kiểm tra Trung ương yêu cầu Ban Thường vụ Đảng ủy Ủy ban Quản lý vốn nhà nước tại doanh nghiệp thi hành kỷ luật Ban thường vụ Đảng ủy Tổng Công ty VEC nhiệm kỳ 2015 – 2020 theo quy định. Ban cán sự đảng Ủy ban Quản lý vốn nhà nước tại doanh nghiệp chỉ đạo xử lý kỷ luật về hành chính, kịp thời bố trí công tác khác đối với các ông Mai Tuấn Anh, Trần Văn Tám. Trước đó, tại kỳ họp 44 đầu tháng 5 của Ủy ban Kiểm tra Trung ương, Ban thường vụ Đảng ủy VEC bị xác định vi phạm quy chế làm việc và các nguyên tắc tổ chức sinh hoạt đảng; để nội bộ lãnh đạo mất đoàn kết nghiêm trọng; thiếu trách nhiệm, buông lỏng lãnh đạo, chỉ đạo; thiếu kiểm tra, giám sát, để xảy ra nhiều vi phạm, khuyết điểm trong công tác cán bộ; trong thực hiện các dự án đầu tư xây dựng và trong quản lý, khai thác các tuyến đường cao tốc. Những vi phạm trên bị Uỷ ban Kiểm tra Trung ương nhận định \"gây hậu quả nghiêm trọng\". Hai ông Mai Tuấn Anh và Trần Quốc Việt chịu trách nhiệm chính về những vi phạm, khuyết điểm trên. Cùng chịu trách nhiệm có ông Trần Văn Tám, Nguyễn Văn Nhi và Lê Quang Hào. Vi phạm của Ban thường vụ Đảng ủy VEC và những cá nhân nêu trên \"đã ảnh hưởng xấu đến uy tín của tổ chức đảng và Tổng công ty, đến mức phải xem xét kỷ luật\". Tổng công ty Đầu tư phát triển đường cao tốc Việt Nam được thành lập năm 2004 với vốn điều lệ ban đầu 1.000 tỷ đồng, bao gồm 50 tỷ vốn ngân sách nhà nước cấp và nguồn thu từ bán quyền thu phí hai trạm Cầu Giẽ và cầu Phù Đổng trong 10 năm. Nhiệm vụ đầu tiên Bộ Giao thông Vận tải giao cho doanh nghiệp này là đầu tư dự án cao tốc Cầu Giẽ - Ninh Bình dài 50 km bằng vốn điều lệ và vốn phát hành trái phiếu công trình do Chính phủ bảo lãnh. "
}