{
    "url": "https://vnexpress.net/ton-dong-a-dung-son-khong-chi-cho-san-pham-ton-ma-mau-4292666.html",
    "label": "DoanhNghiep",
    "timestamp": "Thứ sáu, 25/6/2021, 09:00 (GMT+7)",
    "title": "Tôn Đông Á dùng sơn không chì cho sản phẩm tôn mạ màu",
    "content": "Đại diện Tôn Đông Á cho biết, sơn không chì là sơn có hàm lượng chì dưới 0.009% theo khối lượng hoặc 90 ppm. Theo đó, việc thực hiện chuyển đổi sang sơn không chì là xu hướng chung trên thế giới và doanh nghiệp này cũng không ngoại lệ. Chì trong sơn giúp tạo màu đa dạng và chi phí nguyên vật liệu thấp. Ngoài ra, trong một số trường hợp chì giúp tăng độ bền màu. Khi chuyển đổi sản xuất tôn mạ màu sử dụng sơn không chì làm chi phí tăng cao hơn, tuy nhiên, thực hiện định hướng \"cùng xây cuộc sống xanh\", theo xu hướng chung của thị trường cũng như yêu cầu an toàn cho môi trường và người sử dụng, việc sử dụng sơn không chì được Tôn Đông Á ưu tiên thực hiện từ năm 2019. Đến đầu năm 2021, doanh nghiệp đã hoàn thiện việc chuyển đổi này. \"Chất lượng sản phẩm tôn mạ màu sử dụng sơn không chì không thay đổi so với các sản phẩm có sử dụng sơn có chì. Đặc tính chất lượng không thay đổi nên việc bảo hành chống phai màu là tương đương nhau\" đại diện doanh nghiệp này chia sẻ. Vừa qua, phòng Thí nghiệm và Phát triển sản phẩm (Phòng LAB) của Tôn Đông Á được Văn phòng Công nhận chất lượng BoA - Bộ Khoa học và Công nghệ cấp Chứng chỉ công nhận đạt chuẩn ISO/IEC 17025:2017 trong lĩnh vực Cơ, Hóa (VILAS 1321). Theo đó, Tôn Đông Á có đủ năng lực về kỹ thuật và tổ chức quản lý, có khả năng cung cấp các kết quả thử nghiệm có độ chính xác cao, phù hợp với các tiêu chuẩn của Việt Nam cũng như quốc tế. \"Kết quả thử nghiệm của Tôn Đông Á đạt giá trị tương tự kết quả thử nghiệm của các đơn vị độc lập như TT3 hay SGS Việt Nam trong lĩnh vực Cơ và hóa\", đại diện Tôn Đông Á nhận định. Điều này cũng thể hiện quan điểm định hướng chất lượng xuyên suốt của công ty. Với phương châm phát triển bền vững và chiến lược kinh doanh dài hạn, chú trọng nâng cao chất lượng dịch vụ khách hàng, thương hiệu Tôn Đông Á hứa hẹn sẽ tạo ra những bước đột phá, hướng tới mục tiêu đem các sản phẩm chất lượng đến người tiêu dùng. "
}