{
    "url": "https://vnexpress.net/pnj-lai-hon-730-ty-dong-nua-dau-nam-4328721.html",
    "label": "DoanhNghiep",
    "timestamp": "Thứ năm, 22/7/2021, 12:13 (GMT+7)",
    "title": "PNJ lãi hơn 730 tỷ đồng nửa đầu năm",
    "content": "Công ty cổ phần Vàng bạc đá quý Phú Nhuận (PNJ) cho biết, doanh thu thuần nửa đầu năm nay đạt 11.637 tỷ đồng, tăng hơn 50% so với cùng kỳ. Các mảng kinh doanh trong giai đoạn này đều tăng trưởng hai chữ số, trong đó vàng miếng cao nhất với mức tăng 73%. Cơ cấu doanh thu biến động nhẹ khi mảng bán lẻ giảm tỷ trọng còn 56,9% và bán sỉ giảm còn 14,2%. Thay vào đó, vàng miếng mang về khoảng 3.100 tỷ đồng và tăng tỷ trọng lên 26,6%. Biên lợi nhuận gộp sáu tháng đạt 18,6%, giảm nhẹ so với mức 19,7% của cùng kỳ bởi tỷ trọng vàng miếng tăng mạnh. Sau khi trừ chi phí, PNJ báo lãi sau thuế 736 tỷ đồng, tăng 67,4% và hoàn thành xấp xỉ 60% kế hoạch cả năm. Ban lãnh đạo PNJ cho rằng trong giai đoạn dịch bệnh phức tạp, doanh thu và lợi nhuận vẫn tăng trưởng nhờ triển khai các kịch bản ứng phó, nâng cấp mô hình cửa hàng bán lẻ và đa dạng hoá kênh bán hàng. Công ty bắt đầu áp dụng dịch vụ giao hàng 4 giờ tại nhiều khu vực nên doanh thu kênh online tăng trưởng đến 317% so với cùng kỳ. Doanh nghiệp này cũng phát triển thương hiệu tập trung vào nhóm khách hàng trẻ, phân phối sản phẩm của Pandora theo mô hình shop-in-shop để khai thác thêm phân khúc khách hàng mới và kích thích tiêu dùng các sản phẩm trong hệ sinh thái PNJ. PNJ mở mới 27 cửa hàng trong nửa đầu năm. Tính đến cuối tháng 6, công ty có tổng cộng 406 cửa hàng, trong đó 311 cửa hàng vàng và 19 cửa hàng bạc. "
}