{
    "url": "https://vnexpress.net/ho-kinh-doanh-tim-loi-thoat-hiem-trong-dai-dich-4336325.html",
    "label": "Ecommerce40",
    "timestamp": "Thứ sáu, 13/8/2021, 13:00 (GMT+7)",
    "title": "Hộ kinh doanh tìm 'lối thoát hiểm' trong đại dịch",
    "content": "Làn sóng thứ 4 của dịch Covid-19 đang khiến hàng triệu hộ kinh doanh bị ảnh hưởng nặng nề, thậm chí không có doanh thu trong thời gian dài. Không ít doanh nghiệp buộc phải giải thể, hay tạm thời ngừng sản xuất, nhưng cũng có rất nhiều nhà bán chuyển mình, tìm ra \"lối thoát hiểm\" để duy trì và phát triển trong biến động. Thách thức chung không của riêng ai Theo Hiệp hội Doanh nghiệp TP.HCM (HUBA), khảo sát nhanh trên 100 doanh nghiệp cho thấy, trong đợt dịch Covid-19 lần thứ 4, có đến 84% doanh nghiệp nhỏ và vừa gặp khó khăn. Trong đó, 40% thiếu vốn kinh doanh; thị trường bị ảnh hưởng, thu hẹp chiếm 80%; phải cắt giảm lao động chiếm 52%; bị đứt chuỗi cung ứng nguyên liệu chiếm 14%. Đặc biệt, sau khi áp dụng Chỉ thị 16 của Thủ tướng ở nhiều tỉnh thành hiện nay, vấn đề nan giải nhất đối với các hộ kinh doanh là vận chuyển, lưu thông hàng hóa tới tay người tiêu dùng. Giãn cách xã hội đồng nghĩa với người dân hạn chế ra đường tối đa, nhất là khi các dịch vụ bán mang về cũng ngừng hẳn. Tình hình dịch căng thẳng kéo dài trong giai đoạn này cũng khiến các hộ kinh doanh nhỏ lẻ mất đi một lượng lao động nhất định do đóng cửa, ngừng sản xuất. Tình trạng đóng cửa khiến nhiều người phải chuyển hình thức kinh doanh, tránh tình trạng \"đóng băng\" hoạt động hoàn toàn. Đối mặt với tình trạng dịch bệnh diễn biến khó lường kéo theo kinh doanh sụt giảm, việc các nhà bán hàng, hộ kinh doanh cần tìm kiếm hướng đi mới và thích nghi là điều cấp bách hơn bao giờ hết. Trong bối cảnh đó, kinh doanh trên thương mại điện điện tử (TMĐT) được xem là \"lối thoát hiểm\" cần thiết cho doanh nghiệp giúp duy trì sản xuất, tạo ra nguồn thu, từ đó hồi phục kinh tế. Khôi phục doanh thu nhờ \"lối thoát hiểm\" TMĐT Nghỉ việc tại công ty để bán thực phẩm online trong mùa dịch, anh Hiếu (Hà Nội) là điển hình của một tiểu thương tận dụng tốt nền tảng thương mại điện tử.\nKhi dịch bùng phát, phải nghỉ việc tại công ty, anh Hiếu bắt đầu tìm hiểu về kinh doanh trên TMĐT. Anh biết đến Lazada đã khá lâu nhưng trước đây, bị quấn vào nhiều việc nên không tập trung nghiên cứu kinh doanh các mặt hàng trên sàn TMĐT này. Đối với anh Hiếu, đây là mô hình kinh doanh mới mẻ, nhiều cái khiến anh bỡ ngỡ ban đầu. Tuy nhiên, bằng sự kiên trì của mình, anh đã cố gắng khắc phục nhanh chóng. Tự mình làm, tự mình tìm hiểu mọi thứ luôn là tiêu chí kinh doanh hàng đầu của ông chủ cửa hàng online này. Từ nguồn hàng, khách hàng đến khâu vận chuyển,... anh đều tự mày mò và nỗ lực xây dựng kênh bán hàng. \"Trước mắt, mình cố gắng hết sức, gặp khó khăn thế nào thì mình sẽ khắc phục từng bước một. Đợt này, do dịch bệnh, khâu vận chuyển tắc nghẽn rất nhiều, sản phẩm phải qua rất nhiều bước vận chuyển mới đến được tay người tiêu dùng. Phía mình đang dần khắc phục những vấn đề này\", anh Hiếu chia sẻ. Trước những khó khăn trên, anh Hiếu cho biết đã luôn nhận được sự hỗ trợ của sàn Lazada trong mọi khâu marketing, đặc biệt là trong các chiến dịch, ngày lễ giảm giá. Anh tâm sự: \"Các bạn hỗ trợ rất nhiệt tình, chia sẻ chân thành để mình cân nhắc kỹ lưỡng trước khi tham gia các ngày hội giảm giá lớn. Từ đó, mình có thể nhìn lại nguồn lực tới đâu để mình tham gia các chiến dịch. Về thủ tục, giấy tờ khi lên sàn, thông qua hiểu biết cá nhân và phía sàn, mình hoàn thiện rất nhanh, không gặp vướng mắc gì\".\nTheo anh Hiếu, lợi thế khi kinh doanh trên TMĐT là thị trường đã có sẵn và rất lớn. Anh cho rằng kinh doanh online sẽ lợi thế hơn rất nhiều, không tốn phí thuê mặt bằng, thuê nhân viên. Anh chỉ cần đầu tư vào hình ảnh, nội dung rõ ràng, bắt mắt thì sẽ thu hút nhiều khách hàng hơn. Đồng thời, anh quan niệm, khi kinh doanh trên TMĐT, anh muốn mang những sản phẩm tốt, chất lượng đến tay người tiêu dùng để họ có những trải nghiệm tốt, hiệu quả. Gian hàng Thực phẩm ngon Family của anh Hiếu cũng vừa tham gia ngày hội sale 8/8 vừa qua của Lazada. Doanh thu từ những dịp này tăng gấp đôi so với những ngày bình thường. Kể từ lúc tham gia kinh doanh trên TMĐT, anh Hiếu cũng có nguồn thu nhập ổn định hơn để chăm lo cho gia đình. Trong tương lai, ông chủ Thực phẩm ngon Family đặt mục tiêu kinh doanh trên Lazada là phát triển đồng đều tất cả các mặt hàng, doanh thu phải gấp 2, gấp 3 hiện tại. Kinh doanh trên TMĐT - bước đi cần thiết để duy trì và phát triển kinh doanh cũng là suy nghĩ của anh Thông (TP. Cần Thơ). Làm dịch vụ giặt là vốn là phương thức kinh doanh của anh Thông nhưng dịch Covid-19 bùng phát khiến công việc của anh khó khăn hơn bao giờ hết. Do đó, anh quyết định chuyển mình và đồng thời cũng chuyển sang mảng kinh doanh thực phẩm đóng gói để phù hợp với nhu cầu người dùng hiện nay. Anh Thông đã biết đến TMĐT vài năm trước. Lúc đầu, anh chưa hiểu rõ cách thức bán hàng, đúng lúc này, Lazada đã mở những chương trình, khóa học hướng dẫn. Anh Thông theo dõi, tìm hiểu và tự mở được kênh bán hàng trên sàn TMĐT Lazada. Cũng như nhiều gian hàng khác, Bếp nhà Bo của anh Thông cũng tích cực tham gia các ngày hội giảm giá của Lazada. Doanh thu của gian hàng vào những ngày này tăng gấp 3 lần những ngày bình thường. Kinh doanh qua sàn TMĐT giúp anh Thông tiết kiệm được nhiều chi phí hơn. Nhờ uy tín từ Lazada, anh cho biết việc buôn bán thuận lợi hơn rất nhiều. \"Phụ thuộc vào sự phát triển của các mặt hàng và tình hình dịch bệnh, tôi sẽ mở rộng kinh doanh online trong thời gian tới. Mục tiêu trước mắt sẽ là kiếm được lợi nhuận gấp đôi so với mức hiện tại\", anh Thông chia sẻ. Bước đi cần thiết cho doanh nghiệp  Việc tham gia kinh doanh trên các sàn TMĐT hiện nay của các nhà bán hàng, hộ kinh doanh nhỏ lẻ là hoàn toàn phù hợp. Với chi phí đầu tư tương đối cùng sự hỗ trợ của sàn TMĐT, nhà bán có thể tiếp cận người mua ở khắp nơi và tận dụng các công cụ, công nghệ kinh doanh hiện đại. Đồng thời, việc tự động hóa các giao dịch giúp hoạt động kinh doanh được thực hiện 24/7/365 mà không mất thêm nhiều chi phí biến đổi. Lợi thế về thông tin và khả năng phối hợp giữa các doanh nghiệp trên TMĐT cũng làm tăng hiệu quả sản xuất và giảm thời gian tung sản phẩm ra thị trường, chi phí thông tin liên lạc và mua sắm. Điều này giúp củng cố nguồn thu, giữ chân khách hàng cho doanh nghiệp, vừa giúp ổn định và duy trì hoạt động kinh doanh trong thời gian dịch bệnh diễn biến phức tạp. "
}