{
    "url": "https://vnexpress.net/con-80-gian-hang-tai-trien-lam-nong-nghiep-ao-lon-nhat-viet-nam-4336514.html",
    "label": "DoanhNghiep",
    "timestamp": "Chủ nhật, 8/8/2021, 10:30 (GMT+7)",
    "title": "Còn 80 gian hàng tại triển lãm nông nghiệp ảo lớn nhất Việt Nam",
    "content": "Triển lãm Nông nghiệp thực tế ảo, thuộc khuôn khổ của diễn đàn Chuyển đổi số Nông nghiệp Việt Nam do VnExpress phối hợp với Hiệp hội Nông nghiệp số Việt Nam (VIDA) tổ chức, bắt đầu từ 8h ngày 28/6 trên nền tảng VnExpress. Độc giả trải nghiệm triển lãm tại đây. Sau ba đợt mở cổng đăng ký, ban tổ chức cho biết hiện còn 80 gian hàng dành cho các doanh nghiệp đăng ký tham đợt 4. Trước đó, các gian hàng vừa lên kệ đợt ba gồm: Gia vị Vianco, Đường sạch Biên Hoà, Thế giới cây giống. Các gian hàng đang trong quá trình hoàn thiện hợp đồng và thông tin sản phẩm như Công ty TNHH Thiết bị điện nước Phúc Hà, Công ty TNHH Minh Hưng Tiền Giang, các gian hàng của Sở Công thương tỉnh Đắk Lắk, Sở Nông nghiệp và Phát triển nông thôn tỉnh Hậu Giang... Hiện vẫn còn lượng lớn các doanh nghiệp đăng ký tham gia và đang trong quá trình xét duyệt hồ sơ. Trong đợt đăng ký mới này, doanh nghiệp sẽ hưởng các ưu đãi như tham gia các chương trình talkshow Chân dung doanh nghiệp, gameshow kích cầu, các buổi chia sẻ, livestream bán hàng, hỗ trợ tiếp sóng livestream trên các nền tảng online của sự kiện, cơ hội quảng bá thương hiệu trong các tuyến bài và các kênh truyền thông... Ngoài ra, ban tổ chức sẽ triển khai nhiều ưu đãi khác như doanh nghiệp có cơ hội tham gia vào các buổi phỏng vấn, các buổi toạ đàm trực tuyến để giới thiệu về doanh nghiệp, cũng như đưa ra đề xuất, sáng kiến, đóng góp tiếng nói của doanh nghiệp với Bộ, ban ngành liên quan để tìm ra giải pháp tháo gỡ và phát triển qua đại dịch. Đơn cử, toạ đàm diễn ra ngày 10/8 với chủ đề \"Giải quyết nút thắt lưu thông hàng hóa nông sản Việt trong mùa dịch\" sẽ có sự tham gia chia sẻ của các chuyên gia, đại diện Sở, ban ngành bàn luận về vấn đề vận chuyển nông sản trong nước và xuất khẩu trong bối cảnh đại dịch đang diễn biến phức tạp. Về mức giá của các gian hàng, ban tổ chức quyết định giữ nguyên. Dưới đây là mức giá các gian hàng tại Triển lãm Nông nghiệp thực tế ảo: Triển lãm nông nghiệp thực tế ảo được bài trí theo phong cách hiện đại với nhiều tiện tích như giới thiệu tổng quan về doanh nghiệp, gắn link website, link web VR, video/hình ảnh giới thiệu về công ty. Doanh nghiệp và khách hàng có thể tương tác trực tiếp bằng cách chat, email để thuận tiện trong việc kết nối đầu tư, thương mại hoá. Trang triển lãm mở cửa từ 28/6 và dự kiến thu hút 200.000 khách tham quan và tương tác, mua sắm trực tiếp, giúp doanh nghiệp tháo gỡ khó khăn do ảnh hưởng của dịch bệnh. Đặc biệt, kết thúc sự kiện, triển lãm thực tế ảo sẽ giúp doanh nghiệp xem xét thống kê chuyên sâu về khách hàng hiện hữu, khách hàng tiềm năng, sản phẩm được thị trường quan tâm nhất. Ngoài ra, kể từ khi chính thức lên kệ, gian hàng được trưng bày triển lãm trong vòng hai tháng, sau đó có thể duy trì gian hàng với phí duy trì 500.000 đồng một tháng Diễn đàn Chuyển đổi số Nông nghiệp Việt Nam có quy mô quốc gia, quốc tế, để thảo luận các vấn đề then chốt, chiến lược về nông nghiệp của Việt Nam đặt trong bối cảnh khu vực và thế giới. Doanh nghiệp quan tâm đăng ký tham dự tại đây. "
}