{
    "url": "https://vnexpress.net/von-hoa-cua-kardiachain-vuot-300-trieu-usd-4301051.html",
    "label": "DoanhNghiep",
    "timestamp": "Thứ ba, 29/6/2021, 08:00 (GMT+7)",
    "title": "Vốn hóa của KardiaChain vượt 300 triệu USD",
    "content": "Đại dịch bùng phát buộc nhiều nơi phải thực hiện giãn cách, gây hạn chế trong cách kết nối và vận hành xã hội truyền thống. Tuy vậy, số lượng kết nối trên không gian mạng lại tăng lên, trong đó có nền tảng blockchain. Thị trường giải pháp blockchain tăng trưởng Báo cáo mới nhất của IDC ghi nhận mức chi tiêu cho các giải pháp blockchain trên toàn cầu trong năm 2020 là 4,5 tỷ USD, tăng 50% so với năm trước đó - lúc Covid-19 chưa bùng phát. Các chuyên gia của IDC cũng ước tính, chi tiêu năm 2021 sẽ đạt 6,6 tỷ USD với tỷ lệ tăng trưởng kép trong 5 năm là 48% mỗi năm. Đồng nghĩa sẽ có gần 19 tỷ USD đổ vào thị trường này trong năm 2024. Nếu như trước đây blockchain thường gắn với tiền điện tử, thì hiện nay các chính phủ, tổ chức, doanh nghiệp trên toàn cầu đã biết tới tính ứng dụng phong phú và rộng rãi của công nghệ này trong nhiều lĩnh vực đời sống từ y tế, tài chính, chuỗi cung ứng, bán lẻ cho tới vận hành quỹ từ thiện và giải trí. Trong lúc đại dịch đang hoành hành, khi các giao tiếp và giao dịch được khuyến khích thực hiện trên không gian mạng với số lượng lớn và phạm vi rộng, blockchain càng phát huy được thế mạnh của mình trong việc đảm bảo tính minh bạch, an toàn thông tin, dữ liệu và an ninh mạng, đại diện KardiaChain cho hay. Cũng theo vị đại diện này, dòng tiền đổ vào thị trường giải pháp blockchain sẽ còn tiếp tục tăng, phần nào thể hiện niềm tin của công chúng vào chiếc neo giải pháp công nghệ giúp liên kết đa lĩnh vực và tạo đòn bẩy cho nền kinh tế phục hồi, tăng trưởng trong tương lai. Niềm tin này được củng cố khi CB Insights công bố báo cáo ấn tượng cho thấy số vốn đầu tư vào các startup giải pháp blockchain chỉ riêng trong quý một đạt 2,6 tỷ USD, vượt tổng số vốn đầu tư của cả năm 2020 là 2,3 tỷ USD. Ứng dụng của blockchain với doanh nghiệp Việt Nam Số lượng doanh nghiệp cung cấp giải pháp blockchain tại Việt Nam còn hạn chế nhưng bước đầu cho thấy tiềm năng phát triển. Nhiều dự án, startup nhận được số tiền rót vốn trên một triệu USD trong năm 2020 và bước đầu công bố các kết quả tăng trưởng khả quan cũng như giải pháp thiết thực. KardiaChain - nền tảng dành cho giải pháp công nghệ blockchain cho biết đã vượt ngưỡng vốn hóa 300 triệu USD chỉ sau bốn tháng, kể từ khi công ty chính thức khởi động hạ tầng blockchain đa kết nối (interoperability) tại khu vực Đông Nam Á hồi cuối năm 2020 (số liệu thống kê trên coinmarketcap, ngày 15/4/2021). KardiaChain cung cấp nhiều giải pháp công nghệ thông qua nền tảng blockchain cho các doanh nghiệp trong nước, giúp xây dựng lòng tin và tối ưu hóa trải nghiệm khách hàng trong quá trình chuyển đổi số của doanh nghiệp. Trong lĩnh vực bán lẻ, nền tảng KardiaChain giúp sàn thương mại điện tử Fado xử lý thành công các giao dịch mua sắm trên sàn thương mại điện tử với tiêu chí bảo mật, minh bạch, chuẩn hóa dữ liệu: Minh bạch hóa các chức năng tra cứu hành trình đơn hàng, truy xuất nguồn gốc sản phẩm, kiểm duyệt comment và review ảo... \"Nhưng thiết thực và lợi ích nhất cho khách hàng phải kể đến hệ thống Fado Loyalty Program, giúp tích lũy điểm thưởng đối với hơn 700.000 khách hàng thân thiết của Fado\", đại diện KardiaChain chia sẻ. Về lĩnh vực giải trí, KardiaChain đã hợp tác với Yeah1 Group, mạng truyền thông giải trí tại Việt Nam, để giải quyết bài toán tạo động lực, khuyến khích người dùng và giảm bớt phiền toái cho họ khi xem quảng cáo. Thông qua việc token hóa và tạo ra NFT cho các KOLs, công nghệ blockchain giúp xây dựng mô hình kinh doanh hàng hóa, vật dụng sưu tầm hoặc dịch vụ phù hợp với kỹ năng của KOLs; đầu tư chung từ cộng đồng để phát triển các dự án mới và thúc đẩy các tài năng mới trên nền tảng... \"Thành công bước đầu của KardiaChain là nhờ vào phát minh Dual Node, với những tính năng độc đáo. Để có được sự minh bạch và an toàn thông tin cao nhất, tất cả dữ liệu trên một mạng lưới blockchain đều là kết quả của một thuật toán đồng thuận giữa các nút mạng (node)\", đại diện KardiaChain tiết lộ. Thiết kế này giúp các blockchain chia sẻ thông tin bất chấp sự khác biệt về thuật toán đồng thuận. Các thông tin dữ liệu từ các blockchain khác sẽ được xác thực ở lớp thứ nhất bởi các dual node và được xác thực bước hai bởi các validators rồi ghi lại lên KardiaChain. Thuật toán này giúp cho việc dịch chuyển thông tin và tài sản giữa các blockchain diễn ra với bằng chứng mã hóa on-chain. Ông Huy Nguyễn - CTO KardiaChain chia sẻ: \"Tôi tin rằng trong 5-10 năm tới, công nghệ blockchain sẽ là một trong những ngành công nghệ chủ đạo tạo các bước đột phá trong phát triển kinh tế giống như cách AI, Machine Learning, hay Cloud Computing đã được chứng minh rộng rãi trong suốt thập niên vừa qua. Chúng tôi hy vọng phổ cập công nghệ blockchain đến với hàng triệu người dùng, thực hiện mong muốn xây dựng được một nền tảng blockchain quốc dân cho Việt Nam\". Phần lớn công ty công nghệ đều đặt mục tiêu vươn ra thị trường quốc tế nhưng KardiaChain lại có hướng đi riêng: Tập trung mọi nguồn lực để không thua trên \"sân nhà\", và từ đó xây dựng KardiaChain lớn mạnh ngang tầm các tập đoàn lớn trên thế giới. KardiaChain là nền tảng blockchain mở với khả năng kết nối đa chuỗi, giúp cải tiến, số hóa các sản phẩm dịch vụ của tổ chức và doanh nghiệp. KardiaChain được thành lập vào năm 2018 với 100% đội ngũ là người Việt, bao gồm những kỹ sư và chuyên gia nhiều năm kinh nghiệm trong các lĩnh vực khác nhau trên khắp thế giới, từ London đến Silicon Valley. Với vốn hóa vượt ngưỡng 300 triệu USD, KardiaChain được Yahoo Finance bình chọn vào top những công ty công nghệ xu hướng năm 2021. "
}