{
    "url": "https://vnexpress.net/sieu-thi-lotte-mart-quan-7-tam-dong-cua-4305108.html",
    "label": "DoanhNghiep",
    "timestamp": "Thứ ba, 6/7/2021, 13:18 (GMT+7)",
    "title": "Siêu thị Lotte Mart quận 7 tạm đóng cửa",
    "content": "Trao đổi với VnExpress, đại diện Lotte Mart xác nhận thông tin trên, đồng thời cho biết sẽ mở cửa trở lại sau khi có thông báo từ cơ quan chức năng và Sở Y tế TP HCM. Nếu công tác chống dịch tốt, dự kiến 3 ngày sau siêu thị này có thể hoạt động trở lại. Trước đó, Lotte Mart quận 7 ghi nhận có 3 ca F0 liên quan đến siêu thị gồm một nữ nhân viên của quầy hàng bánh kẹo, một nhân viên bên ngoài đến giao chuối và một nhân viên bảo trì. Tối 5/7, lực lượng y tế đã test nhanh toàn bộ nhân viên với khoảng 250 người, đến sáng nay (6/7) vẫn tiếp tục test nhanh với số lượng nhân viên khoảng 700-800 người. Tổng số lượng nhân viên phải test nhanh hai ngày qua là khoảng 1.000 người. Qua quá trình kiểm tra đã khoanh vùng được những người là F1 làm việc tại siêu thị. Theo quy định của Sở Công Thương TP HCM, siêu thị có ba ngày để kiểm tra và phun khử khuẩn toàn bộ khu vực mua sắm, sàng lọc và cung cấp đầy đủ danh sách nhân viên được phân loại theo mức độ tiếp xúc với ca nghi nhiễm Covid-19. Đại diện siêu thị này cũng cho biết, hiện toàn bộ nhân viên Lotte Mart khu vực TP HCM từ thu ngân, bảo vệ, bếp, ngành hàng, lao công, kỹ thuật... đến khối văn phòng đã được tiêm vaccine. Để hoạt động mua sắm không gian đoạn, trong thời gian siêu thị Lotte Mart quận 7 đóng cửa, khách hàng có thể đặt mua online. "
}