{
    "url": "https://vnexpress.net/cong-ty-san-xuat-bao-bi-phan-bon-tang-lai-sau-kiem-toan-4304752.html",
    "label": "DoanhNghiep",
    "timestamp": "Thứ ba, 6/7/2021, 04:00 (GMT+7)",
    "title": "Công ty sản xuất bao bì phân bón tăng lãi sau kiểm toán",
    "content": "Công ty cổ phần Bao bì Dầu khí Việt Nam (PBP) cho biết Kiểm toán Nhà nước vừa yêu cầu doanh nghiệp này điều chỉnh doanh thu tăng thêm gần 340 triệu đồng do báo cáo tài chính trước đó hạch toán chi phí khuyến mại chưa đúng quy định. Một số khoản chi phí như vận chuyển cho hàng hoá chưa bán, quà tặng, quản lý doanh nghiệp... phát sinh năm nay nhưng hạch toán vào năm trước cũng phải điều chỉnh. Sau kiểm toán, lợi nhuận trước thuế của doanh nghiệp này tăng từ 6,8 tỷ đồng lên 8,2 tỷ đồng. Công ty cũng phải nộp ngân sách nhà nước thêm khoảng 384 triệu đồng. Việc điều chỉnh kết quả kinh doanh dẫn đến bảng cân đối kế toán cũng thay đổi. Lợi nhuận sau thuế chưa phân phối tăng thêm 1 tỷ đồng, còn tổng tài sản tăng thêm 1,2 tỷ đồng lên gần 105 tỷ đồng. Kiểm toán Nhà nước cũng yêu cầu công ty bán hàng có tài sản đảm bảo hoặc giải pháp phù hợp để tránh bị mất vốn, chiếm dụng vốn ảnh hưởng đến hoạt động kinh doanh. Giá phân bón trước đây được xây dựng trên cơ sở tham khảo giá nguyên vật liệu tại TP HCM là chưa phù hợp vì có thể phát sinh các chi phí vận chuyển hoặc chênh lệch giữa đơn hàng lớn, đơn hàng nhỏ khi tập kết tại Bạc Liêu – nơi đặt trụ sở công ty. Do đó, kiểm toán đề nghị công ty tính đúng và đủ chi phí, phù hợp với phương án kinh doanh cho từng giai đoạn. Công ty Bao bì Dầu khí Việt Nam thành lập năm 2010, hoạt động chính là sản xuất bao bì và phân bón và đang niêm yết tại Sở Giao dịch chứng khoán Hà Nội. Năm ngoái công ty ghi nhận doanh thu thuần đạt 278 tỷ đồng, tăng 25% so với năm trước và vượt kế hoạch 5%. Ban lãnh đạo doanh nghiệp cho biết tình hình kinh doanh đối mặt nhiều khó khăn như phân bón trong nước chịu áp lực cạnh tranh rất lớn của hàng nhập khẩu; dịch bệnh, biến đổi khí hậu tại khu vực Tây Nam Bộ cũng ảnh hưởng đến giá nông sản và giảm nhu cầu sử dụng phân bón. Công ty đặt mục tiêu năm nay sản xuất gần 25 triệu bao bì và 13.000 tấn phân bón, ghi nhận doanh thu 236 tỷ đồng. Lợi nhuận sau thuế dự kiến xấp xỉ 6 tỷ đồng. Khách hàng chính đồng thời là công ty mẹ sở hữu 51,03% vốn tại đây là Công ty cổ phần Phân bón Dầu khí Cà Mau (DCM). Vì Tập đoàn Dầu khí Việt Nam (PVN) sở hữu 75,56% vốn tại DCM nên Công ty Bao bì Dầu khí Việt Nam là doanh nghiệp do Nhà nước nắm quyền chi phối. "
}