{
    "url": "https://vnexpress.net/loi-nhuan-dam-phu-my-tang-gan-240-ty-dong-sau-kiem-toan-4303830.html",
    "label": "DoanhNghiep",
    "timestamp": "Thứ bảy, 3/7/2021, 15:29 (GMT+7)",
    "title": "Lợi nhuận Đạm Phú Mỹ tăng gần 240 tỷ đồng sau kiểm toán",
    "content": "Tổng công ty Phân bón và hoá chất Dầu khí (Đạm Phú Mỹ, PVFCCo) cho biết, trong thông báo mới nhất, Kiểm toán Nhà nước yêu cầu doanh nghiệp này điều chỉnh doanh thu thêm 2,5% và lợi nhuận trước, sau thuế năm 2020 lên thêm lần lượt 30% và 34%. Quyết định này được Kiểm toán Nhà nước đưa ra sau kiểm toán báo cáo tài chính, các hoạt động liên quan tới quản lý, sử dụng vốn, tài sản Nhà nước năm 2020 của Đạm Phú Mỹ. Sau điều chỉnh, doanh thu của Đạm Phú Mỹ lên 8.203 tỷ đồng, tăng 2,4%. Lợi nhuận trước thuế lên 1.117 tỷ đồng (tăng 30%) và sau thuế tăng 34% lên mức 941 tỷ đồng. Mức lãi sau thuế của Đạm Phú Mỹ sau điều chỉnh gấp 2,4 lần năm 2019. Lý do điều chỉnh các chỉ tiêu kinh doanh này của Đạm Phú Mỹ, theo thông báo của Kiểm toán Nhà nước, là chi phí sửa chữa bảo dưỡng tổng thể rà soát lại giảm 83 tỷ đồng so với dự toán. Ngoài ra, chi phí bán hàng của doanh nghiệp giảm 23 tỷ đồng do phân bổ lại chi phí vận chuyển với hàng tồn kho cuối kỳ; thu nhập khác tăng do ghi nhận bổ sung bảo hiểm sự cố gián đoạn kinh doanh 91 tỷ đồng. Bên cạnh đó, một số chi phí của năm 2019 được điều chỉnh giảm, như điều chỉnh nguyên giá tài sản tạm tính hình thành từ dự án NH3-NPK dẫn đến giảm tương ứng chi phí khấu hao là 49 tỷ đồng. Giảm chi phí đã ghi nhận của kho Đà Nẵng, do thay đổi phương án hợp tác kinh doanh là 10 tỷ đồng. Do thay đổi dữ liệu doanh thu, lợi nhuận theo thông báo của Kiểm toán Nhà nước, Đạm Phú Mỹ sẽ phải nộp bổ sung thuế thu nhập thêm 29,3 tỷ đồng; gần 182 triệu đồng thuế giá trị gia tăng và 1,7 tỷ đồng thuế thu nhập cá nhân. Kiểm toán Nhà nước yêu cầu Đạm Phú Mỹ rà soát lại một số nghiệp vụ trong công tác tài chính – kế toán để phản ánh kịp thời các nghiệp vụ này trên sổ kế toán và báo cáo tài chính năm 2020. Đạm Phú Mỹ cho biết sẽ thực hiện các bút toán vào báo cáo tài chính 6 tháng đầu năm 2021 theo kết luận của Kiểm toán Nhà nước. Năm 2020, Đạm Phú Mỹ dự chi 548 tỷ đồng thanh toán cổ tức, tương đương tỷ lệ 14% mệnh giá và đã tạm ứng 7%. Trong đợt trả 7% cổ tức còn lại vào ngày 30/7 tới, doanh nghiệp này dự chi 274 tỷ đồng để thanh toán. Năm nay, Đạm Phú Mỹ đặt kế hoạch doanh thu 8.331 tỷ đồng, lợi nhuận sau thuế 365 tỷ đồng, tăng 4% và giảm 48% so với năm trước. Riêng quý I, Đạm Phú Mỹ thực hiện được 23% chỉ tiêu doanh thu và 49% chỉ tiêu lợi nhuận. Kết thúc phiên hôm qua (2/7), cổ phiếu Đạm Phú Mỹ (mã DPM) giao dịch ở ngưỡng giá 23.650 đồng một cổ phiếu, giảm 0,6% so với phiên trước đó. "
}