{
    "url": "https://vnexpress.net/hang-loat-lanh-dao-so-o-quang-ngai-bi-ky-luat-4146787.html",
    "label": "ThoiSu",
    "timestamp": "Thứ sáu, 14/8/2020, 22:10 (GMT+7)",
    "title": "Hàng loạt lãnh đạo sở ở Quảng Ngãi bị kỷ luật",
    "content": "Ngày 14/8, Ủy ban kiểm tra Trung ương cho biết Tỉnh ủy Quảng Ngãi đã thi hành kỷ luật bằng hình thức cảnh cáo và khiển trách đối với 6 lãnh đạo sở ngành và 3 cán bộ về hưu. Trong đó, ông Nguyễn Phong (Giám đốc Sở Xây dựng) bị hình thức kỷ luật nặng nhất là cảnh cáo, do tham mưu cho Chủ tịch UBND tỉnh chấp thuận chủ trương đầu tư dự án Công viên cây xanh kết hợp với dịch vụ văn hóa, thể thao đa năng không đúng Luật Đất đai. Ông Phong cũng bị cho có nhiều sai phạm khác như: không thông qua đấu thầu và lựa chọn nhà đầu tư trong dự án Công viên Thiên Bút và Khu đô thị sinh thái Thiên Tân; không thực hiện lập hồ sơ trình UBND tỉnh điều chỉnh quy hoạch cục bộ từ đất công viên - cây xanh sang đất giáo dục đào tạo đối với dự án Thành phố giáo dục Quốc tế Quảng Ngãi, vi phạm Luật Xây dựng. Ngoài ra, lãnh đạo Sở Xây dựng đã cấp giấy phép xây dựng cho chủ đầu tư dự án Khu đô thị mới Nam Lê Lợi khi chưa có quyết định giao đất, cho thuê đất. Đối với dự án Khu sinh thái, nghỉ dưỡng tắm bùn suối nước nóng Nghĩa Thuận, ông Phong cũng có hành vi sai phạm tương tự. Trong 8 người bị kỷ luật khiển trách có 5 lãnh đạo đương chức, gồm: ông Đỗ Minh Hải (Giám đốc Sở Tài nguyên và Môi trường); ông Phí Quang Hiển (Phó Giám đốc Sở Tài nguyên và Môi trường); ông Nguyễn Đăng Lộc (Phó Giám đốc Sở Kế hoạch và Đầu tư); bà Nguyễn Thị Phương Thảo (Trưởng ban Kinh tế - Ngân sách HĐND tỉnh); ông Đinh Quang Ven (quyền Chủ tịch UBND huyện Sơn Tây). Trong đó, ông Đỗ Minh Hải (Giám đốc Sở Tài nguyên và Môi trường); Phí Quang Hiển (Phó Giám đốc Sở Tài nguyên và Môi trường) đã vi phạm Luật Đất đai, Luật Đầu tư, Luật xây dựng khi tham mưu cho UBND tỉnh quyết định chủ trương đầu tư dự án, quyết định thu hồi đất, giao đất, cho thuê đất để thực hiện các dự án: Công viên cây xanh kết hợp dịch vụ văn hóa, thể thao đa năng; Thành phố giáo dục Quốc tế Quảng Ngãi; Khu đô thị mới Nam Lê Lợi; Khu sinh thái, nghỉ dưỡng tắm bùn suối nước nóng Nghĩa Thuận... Ông Hiển còn bị cho có sai phạm trong tham mưu các dự án: Chợ Sa Huỳnh kết hợp khu nhà ở thương mại dịch vụ phường Phổ Thạnh, thị xã Đức Phổ; Khu Đô thị - Dịch vụ VSIP Quảng Ngãi. Ông Nguyễn Đăng Lộc (Phó Giám đốc Sở Kế hoạch và Đầu tư) cùng chịu trách nhiệm với tập thể trong việc tham mưu cho lãnh đạo tỉnh phê duyệt kế hoạch lựa chọn nhà đầu tư, phê duyệt chủ trương đầu tư, các dự án: Thành phố giáo dục Quốc tế Quảng Ngãi; Công viên Thiên Bút và Khu đô thị sinh thái Thiên Tân; Đập dâng hạ lưu sông Trà Khúc; Tuyến đường vào khu vực Dự án Khu sinh thái, nghỉ dưỡng tắm bùn suối nước nóng Nghĩa Thuận. Bên cạnh đó, ông Lộc chịu trách nhiệm chính trong việc ký các báo cáo thẩm định để tham mưu Chủ tịch UBND tỉnh quyết định nhiều dự án khác vi phạm pháp luật đất đai, môi trường. Riêng bà Nguyễn Thị Phương Thảo (Trưởng ban Kinh tế - Ngân sách HĐND tỉnh) bị kỷ luật do kê khai, sử dụng văn bằng, chứng chỉ không đúng quy định. Còn ông Đinh Quang Ven (quyền Chủ tịch UBND huyện Sơn Tây) đã thiếu trách nhiệm kiểm tra trước khi ký duyệt 3 ủy nhiệm chi dẫn đến kế toán của đơn vị chiếm đoạt số tiền hơn 618 triệu đồng của Ban Quản lý Dự án giảm nghèo khu vực Tây Nguyên. Ngoài ra, có 3 cựu cán bộ bị khiển trách gồm: ông Nguyễn Chín (nguyên Trưởng ban Tổ chức Tỉnh ủy), ông Trần Văn Thanh (nguyên Giám đốc Sở Nội vụ), ông Lê Minh Huấn (nguyên Chánh Văn phòng UBND tỉnh). Trong đó, ông Nguyễn Chín đã có khuyết điểm, vi phạm khi đề xuất Thường trực Tỉnh ủy, Ban Thường vụ Tỉnh ủy bổ nhiệm, điều động, luân chuyển 6 cán bộ chưa đủ tiêu chuẩn, không đúng quy trình. Ông Trần Văn Thanh trong thời gian đương chức đã thiếu trách nhiệm trong thẩm định, đề xuất UBND tỉnh tuyển dụng công chức không đủ tiêu chuẩn, bổ nhiệm 3 cán bộ thuộc diện Ban Thường vụ Tỉnh ủy quản lý không bảo đảm tiêu chuẩn, cử nhiều sinh viên đi học thạc sĩ nước ngoài không đúng đối tượng. Ông Lê Minh Huấn chịu trách nhiệm chính trong việc tham mưu, đề xuất bổ nhiệm 2 Phó chánh Văn phòng UBND tỉnh không bảo đảm tiêu chuẩn; trình UBND tỉnh quyết định phê duyệt chủ trương đầu tư một số dự án sai thẩm quyền, vi phạm Luật Đầu tư công năm 2014. Nguyên Chánh văn phòng cũng tham mưu trình Chủ tịch UBND tỉnh quyết định cử đoàn cán bộ, công chức đi công tác nước ngoài bằng tiền doanh nghiệp; bổ sung một số dự án vào quy hoạch, kế hoạch, quy hoạch sử dụng đất dành cho các lĩnh vực xã hội hóa tỉnh Quảng Ngãi, vi phạm Luật Đất đai năm 2013. "
}