{
    "url": "https://vnexpress.net/nhung-mat-hang-hut-khach-tai-trien-lam-nong-nghiep-ao-dau-tien-tai-viet-nam-4308298.html",
    "label": "DoanhNghiep",
    "timestamp": "Thứ tư, 21/7/2021, 12:00 (GMT+7)",
    "title": "Những mặt hàng hút khách tại triển lãm nông nghiệp ảo đầu tiên tại Việt Nam",
    "content": "Triển lãm Nông nghiệp thực tế ảo đã góp phần làm thay đổi cách tiếp cận thương hiệu của doanh nghiệp đến với đông đảo công chúng, qua đó đáp ứng được nhu cầu kết nối, thương mại, đưa lên tiếng nói của doanh nghiệp và vượt qua ranh giới của thiên tai, dịch bệnh, lãnh thổ. Sau hai tuần khai mạc, trung bình mỗi ngày trang triển lãm 3D nhận được hàng nghìn lượt truy cập, thậm chí thời điểm cao nhất lên tới gần 12.000 lượt khách tham quan. Các gian hàng của doanh nghiệp cũng nhận được lượng truy cập và tương tác ổn định, như ống hút tre Vibabo, tre trà lân, nghêu MSC Bến Tre, lưới Thiên Phước... Độc giả trải nghiệm triển lãm tại đây. Nghêu MSC Bến Tre Nghêu Bến Tre được Quỹ Bảo tồn thiên nhiên thế giới (WWF), Hội đồng Hội đồng quản lý biển (MSC) cấp chứng nhận MSC năm 2009. Chứng chỉ MSC có giá trị như một giấy thông hành, đảm bảo phát triển thủy sản an toàn, và là thương hiệu bảo hộ cho các sản phẩm thủy sản Việt Nam khi xuất khẩu sang các thị trường khó tính như châu Âu, Mỹ, Nhật Bản. Trước đây, hợp tác xã chỉ bán sản phẩm cho thương lái hoặc doanh nghiệp và bán tại bãi nuôi của hợp tác xã, việc chào bán sản phẩm qua các sàn giao dịch điện tử, hoặc qua các ứng dụng Zalo, Facebook... chưa được thực hiện do nét văn hóa riêng, cũng như tâm lý bán hàng truyền thống. Tuy nhiên, theo đại diện ban lãnh đạo hợp tác xã, làn sóng dịch bùng phát lần thứ tư đã ảnh hưởng rất lớn đến hoạt động của hợp tác xã, đặc biệt là việc tiêu thụ nghêu thương phẩm. Trước tình hình đó, được sự hỗ trợ về kỹ thuật và tài chính từ Phòng Thương mại và Công nghiệp Việt Nam (VCCI), Dự án \"Phát triển bền vững và toàn diện chuỗi giá trị Nghêu/Tre ở Việt Nam\" do Liên minh châu Âu tài trợ, một số hợp tác xã quyết định tham gia giới thiệu sản phẩm Nghêu tại Triển lãm lãm nông nghiệp thực tế ảo. Ống hút tre Vibabo Hiện, xưởng sản xuất của anh Hà đã chế tạo ra hàng chục dòng sản phẩm ống hút tre, nứa với nhiều kích cỡ phục vụ đa dạng nhu cầu của người tiêu dùng như ống hút dòng vip, ống hút sinh tố dòng tiêu chuẩn, ống hút trà sữa, ống hút cafe, ống hút cho trẻ em... giá thành từ 1.000 đến 15.000 đồng một ống. Ống hút có vỏ ngoài trơn bóng, màu vàng nhạt tự nhiên đem đến cho người sử dụng cảm giác gần gũi, thân thiện với thiên nhiên. Các sản phẩm ống hút từ tre, nứa Vibabo hiện có mặt ở nhiều nơi trên cả nước như Hà Nội, Đà Nẵng, TP HCM, thậm chí còn được tiêu thụ tại các thị trường khó tính như Pháp, Đức, Nhật Bản... Năm 2020, sản phẩm ống hút tre của Vibabo đã được UBND tỉnh công nhận là sản phẩm OCOP 4 sao tỉnh Thanh Hóa. Lưới Thiên Phước Thủ công mỹ nghệ Đức Phong Thay vì sử dụng những vật liệu như nhựa, kim loại, Công ty TNHH Đức Phong (Nghệ An) đã đưa mây, tre chế tác thành những sản phẩm độc đáo ứng dụng trong cuộc sống hiện đại. Hiện sản phẩm từ tre, thủ công mỹ nghệ của công ty ngày càng được thị trường trong và ngoài nước ưa chuộng không chỉ bởi độ bền và thẩm mỹ cao, mà còn thân thiện với môi trường. \"Mỗi năm, công ty thiết kế mới 20 - 40 sản phẩm và thường xuyên cải tiến mẫu mã. Hiện nhu cầu tiêu thụ hàng mây tre đan của đơn vị là khá lớn, với thị trường xuất khẩu có nhiều tiềm năng. Tính riêng từ năm 2007 đến nay, công ty đã sản xuất hàng chục triệu sản phẩm cho Tập đoàn IKEA - Thụy Điển\", ông Thái Đại Phong - Giám đốc Công ty TNHH Đức Phong chia sẻ. Các sản phẩm nổi bật của Đức Phong gồm đèn lông mây tre, giỏ mây tre, ống hút, thìa, dao cắt, nĩa, đồ trang trí, hàng lưu niệm, bàn ghế... Triển lãm Nông nghiệp thực tế ảo (Virtual Exhibition), thuộc khuôn khổ của diễn đàn Chuyển đổi số Nông nghiệp Việt Nam doVnExpressphối hợp với Hiệp hội Nông nghiệp số Việt Nam (VIDA) tổ chức, bắt đầu từ 8h ngày 28/6 trên nền tảng VnExpress. Triển lãm với các gian hàng ảo do Tourzy - đơn vị cung cấp nền tảng thực tế ảo bày trí theo phong cách hiện đại với nhiều tiện tích như giới thiệu tổng quan về doanh nghiệp, gắn link website, link web VR, video/hình ảnh giới thiệu về công ty. Doanh nghiệp và khách hàng có thể tương tác trực tiếp bằng cách chat, email để thuận tiện trong việc kết nối đầu tư, thương mại hoá. Trang triển lãm mở cửa từ 28/6 và dự kiến sẽ thu hút được 200.000 khách tham quan và tương tác, mua sắm trực tiếp, giúp doanh nghiệp phần nào tháo gỡ khó khăn do ảnh hưởng của dịch bệnh. Đặc biệt, kết thúc sự kiện, triển lãm thực tế ảo sẽ giúp doanh nghiệp xem xét thống kê chuyên sâu về khách hàng hiện hữu, khách hàng tiềm năng, sản phẩm được thị trường quan tâm nhất. Ngoài ra, kể từ khi chính thức lên kệ, gian hàng được trưng bày triển lãm trong vòng 2 tháng, sau đó có thể duy trì gian hàng với phí duy trì 500.000 đồng một tháng Diễn đàn Chuyển đổi số Nông nghiệp Việt Nam có quy mô quốc gia, quốc tế, để thảo luận các vấn đề then chốt, chiến lược về nông nghiệp của Việt Nam đặt trong bối cảnh khu vực và thế giới. Doanh nghiệp quan tâm đăng ký tham dự tại đây. Độc giả trải nghiệm triển lãm tại đây. "
}