{
    "url": "https://vnexpress.net/them-tai-xe-gojek-be-duoc-tiem-vaccine-4334439.html",
    "label": "DoanhNghiep",
    "timestamp": "Thứ hai, 2/8/2021, 16:08 (GMT+7)",
    "title": "Thêm tài xế Gojek, Be được tiêm vaccine",
    "content": "Gojek cho biết, các đối tác tài xế xe 2 bánh của họ đã bắt đầu được tiêm vaccine Covid-19 và dự kiến hàng nghìn tài xế của hãng sẽ được tiêm vaccine trong đợt đầu tiên này. Về quy trình, tài xế sẽ được công ty tập hợp danh sách, kiểm tra tính hợp lệ theo đúng hướng dẫn và biểu mẫu của cơ quan nhà nước, rồi được phân bổ về các phường nơi đăng ký tạm trú để tiêm. Riêng trong sáng ngày 2/8, tại 2 điểm là trường Trung học cơ sở Nguyễn Văn Phú và trường tiểu học Phạm Văn Hai, cùng ở quận 11, đã có gần 200 đối tác tài xế Gojek được tiêm. Trước đó, một số tài xế đã được tiêm theo các chương trình dành cho người dân tại địa phương nơi cư trú. Đại diện Gojek Việt Nam cho biết đang tiếp tục lên danh sách đối tác tài xế khác cho các đợt tiêm chủng tiếp theo của thành phố. \"Các đối tác tài xế chưa nhận được thông tin tiêm trong đợt đầu tiên có thể tham gia các đợt đăng ký sau theo Gojek hoặc có thể đăng ký trực tiếp với địa phương nơi đang sinh sống để được tiêm chủng sớm nhất\", phía công ty cho biết. Trao đổi với VnExpress, Be Group cho biết tài xế của nền tảng đã bắt đầu được tiêm dần từ giữa tuần trước. Trong các nền tảng phục vụ nhu cầu giao hàng tức thì (on-demand) lớn, Be là đơn vị vẫn quyết định dừng hoạt động hoàn toàn. \"Hiện tại, ứng dụng Be chấp nhận việc có thể bị ảnh hưởng về doanh số, nhưng công ty luôn quan niệm rằng tính mạng, sức khỏe, sự an toàn của tài xế và cộng đồng luôn là yếu tố quan trọng nhất\", đại diện công ty chia sẻ. Theo cập nhật từ Grab đến trưa 2/8, tài xế của nền tảng này vẫn đang tiếp tục được tiêm chủng. Trước đó, tài xế Grab bắt đầu được tiêm từ chiều 27/7. Theo đại diện công ty, danh sách tài xế đã được công ty gửi từ trước. Mỗi ngày hoặc mỗi đợt tiêm, ngành y tế sẽ gửi lại danh sách tài xế và địa điểm tiêm đợt đó. Công ty sẽ nhận danh sách này và thông báo đến các tài xế có tên để đi tiêm. Đến nay, cả Grab, Be và Gojek đều chưa thể công bố chính xác số lượng tài xế đã được tiêm, do còn phải chờ thống kê từ ngành y tế và báo cáo của tài xế. Ngoài ra, tài xế cũng đang được tiêm theo 2 diện, là đối tác của các nền tảng hoặc theo chương trình tiêm cho cư dân các phường, xã, nên cần thêm thời gian để tổng hợp đầy đủ. Tốc độ tiêm chủng cho các tài xế giao hàng shipper được đẩy nhanh sau khi tình hình khan hiếm tại xế dâng cao ở TP HCM thời gian qua. Hôm 30/7, Hiệp hội Thương mại điện tử Việt Nam đã có kiến nghị Thủ tướng nhanh chóng ưu tiên cho đội ngũ này được tiêm vaccine Covid-19. Hiệp hội này lý giải, là mắt xích quan trọng trong chuỗi cung ứng hàng hoá song vai trò của shipper chưa được đánh giá đầy đủ, khiến cung ứng hàng tới tay người tiêu dùng cuối cùng có thời điểm bị gián đoạn. Cùng hôm đó, Bộ Công Thương cũng đề nghị UBND các tỉnh, thành phố ưu tiên tiêm vaccine Covid-19 cho đội ngũ lái xe, phụ xe ngành vận tải, logistics, nhằm tránh gián đoạn chuỗi cung ứng hàng hoá, sản xuất. "
}