{
    "url": "https://vnexpress.net/mido-gioi-thieu-dai-su-thuong-hieu-kim-soo-hyun-4304679.html",
    "label": "DoanhNghiep",
    "timestamp": "Thứ năm, 8/7/2021, 19:00 (GMT+7)",
    "title": "Mido giới thiệu đại sứ thương hiệu Kim Soo Hyun",
    "content": "Sự kiện được phát trực tuyến trên YouTube lúc 16h giờ Hàn Quốc (14h Việt Nam), thu hút hàng trăm phóng viên và biên tập báo chí từ nhiều quốc gia châu Á tham dự. Kim Soo Hyun phối sơ mi trắng cùng âu phục xám, ghi điểm với phong cách lịch lãm quen thuộc. Tài tử cho biết vui mừng, vinh dự khi trở thành đại sứ thương hiệu của Mido và là một trong những người đầu tiên sở hữu phiên bản Ocean Star 600 Chronometer mới. Điểm tương đồng của Kim Soo Hyun, hãng đồng hồ Thụy Sĩ và dòng Ocean Star 600 Chronometer là \"hiệu suất\". Trong đó, Mido luôn nỗ lực sáng chế những phiên bản độc đáo, chính xác và thẩm mỹ. Dòng Ocean Star 600 Chronometer tích hợp nhiều tính năng dành cho các hoạt động lặn biển và thể thao dưới nước như van thoát khí Helium, chịu được áp suất lên đến 60 bar (600m), chất liệu dạ quang Super-LumiNova Grade X phát sáng mạnh được cẩn trên viền ceramic... Mặt số hai màu chuyển từ xanh dương đậm sang đen gợi nhớ đến độ sâu của biển. Còn Kim Soo Hyun liên tiếp có nhiều tác phẩm hay, gây ấn tượng với khán giả lẫn giới chuyên môn bởi khả năng diễn như không diễn. Ba liên minh giá trị trên luôn thể hiện sự quyết tâm, nỗ lực đạt hiệu suất cao nhất, kể cả lĩnh vực sản xuất đồng hồ hay nghệ thuật. Kim Soo Hyun cho hay chọn Mido vì có chung giá trị, các thiết kế đậm nét cổ điển, phong cách thể thao và mạnh mẽ. Ocean Star 600 Chronometer gây ấn tượng với anh bởi cấu trúc độc đáo, vừa đẹp, vừa huyền bí, hỗ trợ đắc lực những người muốn khám phá độ sâu của đại dương. Giữa chương trình, sao Hàn Quốc tham gia \"Accuracy game\" (trò chơi về độ chính xác). Anh cũng ngạc nhiên khi theo dõi video công nghệ VR (thực tế ảo), trình diễn bộ môn nhảy tự do từ vách núi xuống nước (cliff diving) tại kiệt tác đá vòm Rock of Raouché (Beirut, Lebanon) - một trong những địa danh tổ chức cuộc thi Red Bull Cliff Diving hàng năm mà Mido là đối tác vận hành. Kim Soo Hyun thán phục cú nhảy mạo hiểm từ độ cao 27 m, với tốc độ hơn 85 km/h bởi nó cần sự mạnh mẽ, tập trung, chính xác... Đây cũng là nét đặc trưng của Ocean Star 600 Chronometer, nhấn vào thiết kế thể thao cứng cáp, tinh xảo, bảo vệ bộ máy Calibre 80 Si, lắp dây lò xo cân bằng làm từ vật liệu silicon chịu sốc và kháng từ. Máy đạt độ chính xác cao được chứng nhận bởi COSC, cùng khả năng dự trữ năng lượng đến 80 giờ . Tài tử Hàn sẽ xuất hiện trong nhiều sự kiện quảng bá của thương hiệu trong thời gian tới. Anh cũng háo hức được truyền tải vẻ đẹp, tính năng độc đáo và hiệu suất của đồng hồ Mido đến người hâm mộ. Trước đó ở đầu chương trình, ban tổ chức phát đoạn phim tư liệu giới thiệu chặng đường 103 năm hoạt động, phát triển và những thiết kế giúp thương hiệu vang danh quốc tế. Mido thuộc Tập đoàn Swatch Group, thành lập ngày 11/11/1918 bởi ông Georges Schaeren - vốn là thợ chế tác đồng hồ Thụy Sĩ, giàu kinh nghiệm và khéo léo. Ông luôn khắt khe trong sáng tạo, yêu cầu độ hoàn mỹ, đổi mới kỹ thuật, thiết kế vượt thời gian, nhất là \"đo lường\" từng khoảng khắc. Kế thừa hoài bão và tâm huyết của Georges Schaeren, hơn 100 năm qua, Mido nỗ lực ghi dấu ấn trong địa hạt đồng hồ cao cấp, có giá trị, chất lượng, gắn liền với các công trình kiến trúc mang tính biểu tượng. Trong đó nổi bật nhất là dòng Commander với tháp Eiffel, Baroncelli với tòa nhà Galleria Vittorio Emanuele II ở Milan, Multifort với cầu cảng Sydney, hay Rainflower gợi nhớ bảo tàng ArtScience Singapore... Hãng muốn nhấn mạnh cả về chất lượng cũng như thiết kế Mido sẽ trường tồn hàng trăm năm, toàn vẹn theo năm tháng. Hàng chục năm qua, Mido giữ vững vị trí thứ 4 về số lượng đồng hồ đạt chứng nhận Chronometer của COSC (sau Rolex, Omega và Breitling). Theo số liệu năm 2012, hãng sản xuất 61.358 cỗ máy đạt chuẩn Chronometer, cao hơn nhiều thương hiệu xa xỉ, cao cấp hay tầm trung. Kim Soo Hyun sinh năm 1988, gia nhập làng giải trí từ năm 2007. Anh được yêu mến nhờ hình tượng nhân vật \"ngoài lạnh trong nóng\" và si tình qua các tác phẩm Bay cao ước mơ, Mặt trăng ôm mặt trờ, Biệt đội siêu trộm... Trong đó, Vì sao đưa anh tới và Điên thì có sao giúp anh có lượng fan đông đảo ở Nhật Bản, Trung Quốc đại lục, Hong Kong và các nước Đông Nam Á. Anh từng đến Việt Nam năm 2014. Theo Naver- cổng thông tin truyền thông lớn nhất Hàn Quốc, fan mong chờ diễn xuất của anh trong phim mới. Korea Star Daily cho biết anh được trả 500 triệu won (gần 444.300 USD, tức 10 tỷ đồng) cho một tập phim \"One Ordinary Day\", phá kỷ lục catse cao nhất giới nghệ sĩ nam Hàn Quốc của Bae Yong Joon cách đây 14 năm. Bae Yong Joon từng nhận với 230.000 USD (gần 5,3 tỷ đồng) cho một tập \"Thái vương tứ thần ký\". Ngoài nguồn thu từ phim, lợi nhuận bản quyền tác phẩm và hình ảnh, anh còn đắt show quảng cáo, làm đại diện thương hiệu nhiều thương hiệu mỹ phẩm, thời trang, gia dụng, điện tử, du lịch, thanh toán điện tử... "
}