{
    "url": "https://vnexpress.net/vingroup-lai-quy-ii-tang-34-4332792.html",
    "label": "DoanhNghiep",
    "timestamp": "Thứ sáu, 30/7/2021, 10:29 (GMT+7)",
    "title": "Vingroup lãi quý II tăng 34%",
    "content": "Tập đoàn Vingroup (VIC) vừa công bố báo cáo tài chính hợp nhất quý II, ghi nhận doanh thu thuần đạt 38.451 tỷ đồng, tăng 65% so với cùng kỳ năm trước. Các lĩnh vực kinh doanh chính của tập đoàn đều tăng trưởng doanh thu, đặc biệt bất động sản và công nghiệp tăng tương ứng 62% và 53%. Ở lĩnh vực công nghiệp, doanh số bán hàng của VinFast đạt gần 16.000 xe trong nửa đầu năm nay. Trong đó, VinFast Fadil chiếm tỷ trọng cao nhất với hơn 10.000 xe được bán ra, trở thành mẫu xe bán chạy nhất thị trường. Lux A2.0 và Lux SA2.0 cũng đều có sản lượng đứng đầu phân khúc. Mẫu xe điện đầu tiên VF e34 ghi nhận 25.000 lượt đặt cọc tính đến cuối tháng 7. Với thị trường quốc tế, VinFast đưa vào hoạt động các chi nhánh tại Mỹ, Canada, Pháp, Đức, và Hà Lan, thu hút đội ngũ chuyên gia ôtô từ các hãng xe hàng đầu như Volkswagon, Tesla, BMW, Porsche, Toyota, Nissan. Những thay đổi về nhân sự, cùng việc mở rộng mạng lưới đối tác, nhằm chuẩn bị ra mắt thị trường toàn cầu hai mẫu ôtô điện VF e35 và VF e36 vào năm 2022. Để dồn lực cho VinFast, trong quý II, VinSmart đã dừng phát triển tivi và điện thoại di động để tập trung cho các tính năng thông minh trên phương tiện giao thông. Bên cạnh đó, VinSmart cũng tiếp tục đẩy mạnh các mảng nghiên cứu hiện nay về thành phố thông minh, nhà thông minh và các thiết bị Internet of Things. Ở lĩnh vực bất động sản nhà ở, mô hình kinh doanh O2O (Online to Offline) thu hút 16.000 lượt xem tại sự kiện livestream mở bán dự án The Metrolines tại Vinhomes Smart City. Bên cạnh đó, ứng dụng dành cho đại lý bán hàng khi đi vào thử nghiệm từ tháng 5 cũng ghi nhận hơn 500 giao dịch đặt cọc thành công, với gần 50 đại lý và hơn 6.000 người dùng. Với bất động sản cho thuê, Vincom Retail tiếp tục đón các thương hiệu lớn như Muji và chuẩn bị khai trương ba trung tâm thương mại đón đầu giai đoạn phục hồi của thị trường bán lẻ sau khi dịch được kiểm soát. Ngược lại, lĩnh vực khách sạn – giải trí vẫn chịu ảnh hưởng nặng do Covid bùng phát khiến nhu cầu du lịch giảm mạnh. Kết thúc quý II, lợi nhuận trước thuế của tập đoàn đạt 3.618 tỷ đồng, tăng 34%. Tại ngày 30/6, tổng tài sản Vingroup đạt 417.881 tỷ đồng. Vốn chủ sở hữu đạt 144.442 tỷ đồng. "
}