{
    "url": "https://vnexpress.net/bac-kan-co-tan-chu-tich-tinh-4353829.html",
    "label": "ChinhTri",
    "timestamp": "Thứ năm, 9/9/2021, 17:16 (GMT+7)",
    "title": "Bắc Kạn có tân Chủ tịch tỉnh",
    "content": "Tại kỳ họp HĐND tỉnh Bắc Kạn sáng 9/9, ông Bình được bầu giữ chức vụ mới với 100% phiếu đồng ý. Đồng thời, ông Nguyễn Long Hải được miễn nhiễm chức Chủ tịch UBND tỉnh Bắc Kạn do chuyển công tác. Ngày 7/9, Ban Bí thư quyết định điều động Phó chánh Văn phòng Trung ương Đảng Nguyễn Đăng Bình giữ chức Phó bí thư Tỉnh ủy Bắc Kạn nhiệm kỳ 2020-2025; giới thiệu để bầu giữ chức Chủ tịch UBND tỉnh Bắc Kạn. Trước đó, ngày 6/8, ông Nguyễn Long Hải, Chủ tịch UBND tỉnh Bắc Kạn đã được điều động, chỉ định giữ chức Bí thư Đảng ủy khối doanh nghiệp Trung ương nhiệm kỳ 2020-2025. "
}