{
    "url": "https://vnexpress.net/cach-thuc-dau-tu-thanh-cong-cua-ca-map-my-4327771.html",
    "label": "DoanhNghiep",
    "timestamp": "Thứ ba, 20/7/2021, 20:00 (GMT+7)",
    "title": "Cách thức đầu tư thành công của 'cá mập' Mỹ",
    "content": "Khoảng 40 năm trước, chàng thanh niên Kevin Harrington, khi đó ngoài 20 tuổi, đang xem truyền hình cáp, màn hình bỗng tối thui. 6 tiếng đồng hồ sau, không có chương trình nào được phát sóng. \"Tôi mới nhận ra kênh đó chỉ phát 18 tiếng một ngày. Khoảng 6 tiếng đó không được sử dụng và quảng cáo thì không bán được. Tôi quyết định thỏa thuận để mua những giờ đó\", Kevin nói. Đó là những năm đầu 1980. Kevin bắt đầu sáng tạo ra kênh thông tin thương mại đầu tiên của mình. Ông nắm bắt cơ hội để \"lấp đầy\" khoảng thời gian đêm khuya và sáng sớm bằng cách phát sóng thông tin thương mại, quảng cáo các sản phẩm như máy ép Jack LaLanne Juicer, thương hiệu thể hình Tony Little Fitness, tai nghe của 50 cent... Ông đã sản xuất hơn 500 quảng cáo thương mại, chia sẻ với những doanh nhân, nhà phát minh về phương pháp kinh doanh, chiến thuật tiếp thị và các quyết định chiến lược. Theo cách đó, Kevin đã góp phần phát triển ngành bán hàng qua truyền hình ở Mỹ lên hàng tỷ USD, giúp nhiều thương hiệu trở nên phổ biến. Nhờ có những chương trình này, 20 trong số các công ty hợp tác với Kevin Harrington đã gây dựng hơn 100 triệu USD. Mô hình mua sắm trên truyền hình - home shopping cũng được phổ biến và lan rộng trên thế giới, trong đó có Việt Nam. Điều này củng cố cho nhận định của Kevin: \"Nếu thứ gì đó thành công ở Mỹ, thì nó sẽ thành công ở hầu hết các quốc gia khác trên thế giới\". Năm 2009, Kevin Harrington nhận được điện thoại từ Mark Burnett mời tham gia Shark Tank Mỹ. Ông trở thành một trong những \"cá mập\" đầu tiên của chương trình và rời đi vào năm 2011, sau hai mùa gắn bó. Hiện tại, Kevin Harrington nổi tiếng với vai trò một cố vấn, nhà đầu tư. Ông tham gia vào các hội đồng quản trị để hỗ trợ các công ty khởi nghiệp phát triển và vươn ra thế giới. Một trong những thương vụ khiến ông cảm thấy tự hào nhất là đầu tư vào sản phẩm của một startup về thức uống cung cấp năng lượng. Startup này từng được định giá từ 5 triệu USD, nay đã vươn mình lên mức 5 tỷ USD. Ông cũng đánh giá cao các hình thức đầu tư thời đại mới đang rất thành công tại Mỹ và là cơ hội cho startup. Đơn cử như gọi vốn cộng đồng (crowdfunding), với đại diện tiêu biểu là nền tảng Republic.co, do Kendrick Nguyễn - người Mỹ gốc Việt sáng lập và điều hành. Shark Kevin là một trong 3 nhân vật sẽ xuất hiện trong talk Nguy - Cơ 35, phát sóng sáng 22/7 trên VnExpress. Bằng hình thức online, giữa 2 đầu cầu Việt Nam và Mỹ, ông sẽ có nhiều chia sẻ về bí quyết thành công, cũng như cơ hội đầu tư tại thị trường quốc tế. Hoài Phong Talkshow Nguy - Cơ do VnExpress và đối tác S-world Multimedia phối hợp thực hiện. Chương trình là không gian để các doanh nghiệp, doanh nhân chia sẻ câu chuyện của mình, phân tích trực diện các vấn đề kinh doanh, cuộc chiến khốc liệt trên thương trường và đưa ra bài toán của tương lai. Host chương trình là doanh nhân, diễn giả Nguyễn Phi Vân. "
}