{
    "url": "https://vnexpress.net/kangaroo-dau-gia-san-pham-gop-quy-gao-day-lui-covid-19-4336823.html",
    "label": "DoanhNghiep",
    "timestamp": "Thứ sáu, 6/8/2021, 20:00 (GMT+7)",
    "title": "Kangaroo đấu giá sản phẩm, góp quỹ gạo đẩy lùi Covid-19",
    "content": "Phiên đấu giá trực tuyến đầu tiên sẽ được Kangaroo mở hồi 0h ngày 8/8, trên trang thương mại điện tử Kangarooshopping. Đây là lần đầu tiên người dùng có thể mua sản phẩm của hãng này thông qua hình thức đấu giá, tích hợp trên website mới ra mắt hồi tháng 6. Trong phiên đấu giá, hãng sẽ đưa ra mức giá trần (cao nhất) và giá sàn (thấp nhất) của sản phẩm. Người dùng có thể đặt mua trong khoảng giá này. \"Việc để người dùng tự trả giá sẽ là một trải nghiệm mới khi mua sắm trên trang thương mại điện tử của Kangaroo. Tùy theo kinh tế của bản thân, khách hàng có thể đặt ra mức giá phù hợp với họ\", đại diện hãng nói. \"Số tiền chênh lệch giữa giá sàn của sản phẩm với giá khách đặt mua sẽ được Kangaroo quy đổi thành quỹ gạo, ủng hộ cộng đồng cư dân bị ảnh hưởng bởi dịch Covid-19\". Cụ thể, sản phẩm đầu tiên được mở bán sẽ là nồi điện đa năng 3 trong 1. Sản phẩm này có dung tích 5 lít, phục vụ đa dạng mục đích khác nhau như lẩu, nướng, chiên, xào, hấp... 508 sản phẩm đầu tiên bán ra sẽ được hãng tặng kèm vỉ hấp và khay nướng đa năng. Trong tháng 8, đây là chương trình duy nhất được Kangaroo áp dụng hình thức này. Sau chiến dịch mở bán 1.800 máy lọc nước 0 đồng trên trang thương mại điện tử, đây là chương trình ưu đãi tiếp theo mà Kangaroo áp dụng, hứa hẹn mang đến trải nghiệm mua sắm mới cho người dùng. Chương trình này nằm trong chiến lược chuyển đổi từ bán hàng truyền thống sang phương thức online, được Kangaroo tiên phong xây dựng từ đầu năm đến nay. Năm 2020, khi dịch Covid-19 bùng phát tại Hà Nội, Kangaroo đã trao tặng hơn 30 tấn gạo tới cộng đồng. Trong đợt dịch đang diễn ra, hãng này đã đồng hành cùng UBND quận Hoàn Kiếm, trao tặng gạo tới các cụm cư dân bị cách ly tại phường Chương Dương và Phúc Tân, Hà Nội. "
}