{
    "url": "https://vnexpress.net/cach-doanh-nghiep-giu-chan-nguoi-lao-dong-trong-tam-dich-4338053.html",
    "label": "DoanhNghiep",
    "timestamp": "Thứ ba, 10/8/2021, 08:30 (GMT+7)",
    "title": "Cách doanh nghiệp giữ chân người lao động trong tâm dịch",
    "content": "Trước tình hình dịch bệnh diễn biến phức tạp, TP HCM yêu cầu các công ty phải đảm bảo tổ chức sản xuất theo phương châm \"3 tại chỗ\" mới được tiếp tục hoạt động. Công ty Minh Khoa chỉ có thể bố trí \"3 tại chỗ\" cho khoảng 30% công nhân của công ty. Song 70% công nhân tạm dừng việc được đơn vị trả lương, hỗ trợ chi phí sinh hoạt. Chăm lo đời sống cho người lao động Ông Nguyễn Xuân Tỉnh và bà Nguyễn Thị Liên (1954, xã Tân Thạnh Đông, Củ Chi, TP HCM) làm việc cho Công ty TNHH Cơ Điện Minh Khoa 20 năm. Vợ chồng ông Tỉnh nằm trong nhóm công nhân tạm dừng làm việc và cách ly ngay trong khu nhà trọ. Ông Tỉnh cho biết vẫn có thu nhập hàng tháng, được công ty lo chi phí sinh hoạt từ tiền nhà trọ, tiền điện nước đến gạo và thực phẩm. Hiện toàn bộ nhân viên công ty được tiêm vaccine ngừa Covid-19 mũi đầu tiên. Trong nhóm lao động đang làm việc, anh Trịnh Thế Cường - phụ trách nhà máy cho biết luôn tuân thủ khuyến cáo 5K trong phòng chống Covid-19 để đảm bảo sức khỏe cho công nhân. Công ty có 2 khu nhà tập thể rộng 400 m2, quy mô 2 tầng đảm bảo chỗ sinh hoạt, nghỉ ngơi và vệ sinh. Trong giờ làm việc, người lao động được bố trí khử khuẩn thường xuyên, mang khẩu trang và ngồi giãn cách tối thiểu 2 m. Đơn vị còn tự đầu tư bộ kit test nhanh Covid-19 để theo dõi sức khỏe. \"Trong thời buổi khó khăn mà công ty vẫn chăm sóc cho người lao động chu đáo, không để chúng tôi lo lắng hay thiệt thòi. Đây là tình nghĩa giúp anh em gắn bó ở đây gần 20 năm qua\", anh Cường bày tỏ. Bà Khổng Thị Minh - Giám đốc Công ty TNHH Cơ Điện Minh Khoa cho biết, Covid-19 khiến nhiều công ty rơi vào cảnh khó khăn. May mắn là Minh Khoa vẫn trụ được nhưng cũng chịu những ảnh hưởng nhất định. Hiện tại, công suất hoạt động của nhà máy sụt giảm nghiêm trọng, do chỉ tổ chức sản xuất được cho khoảng 1/3 nhân công. Hỗ trợ bà con đồng hương Vĩnh Phúc Công ty TNHH Cơ Điện Minh Khoa thành lập năm 1999, với thương hiệu điện gia dụng Kim Cương. Người đứng đầu công ty - bà Khổng Thị Minh là người con của quê hương Vĩnh Phúc. Công ty có khoảng 200 lao động thì có đến hơn một nửa là người Vĩnh Phúc, trong đó không ít người có thâm niên trên dưới 2 thập kỷ như ông Tỉnh, bà Liên hay anh Cường... Bất chấp khó khăn này do Covid -19 gây ra, người lèo lái Cơ điện Minh Khoa cố gắng hạn chế tối đa ảnh hưởng lên đời sống của người lao động, cũng là đồng hương của bà. Trong những ngày giãn cách xã hội theo chỉ thị 16, bà Minh túc trực tại nhà máy để duy trì hoạt động sản xuất theo mô hình \"3 tại chỗ\". Sản phẩm chủ lực của công ty trong giai đoạn này là bình nước siêu tốc AST Inox nhưng công ty chỉ bán với giá xuất xưởng và dành tặng cho các khu cách ly. Khi TP HCM còn tạo điều kiện cho bà con về quê, bà Minh nhận được thông tin từ tỉnh Vĩnh Phúc về việc bố trí đầy đủ phương tiện, con người và các cơ sở cách ly, xét nghiệm, điều trị chu đáo và an toàn cho bà con. Bà Minh nhanh chóng phổ biến thông tin này đến người lao động và cam kết hỗ trợ cho người có nguyện vọng về quê, đảm bảo việc làm khi họ quay lại. Nhưng hơn 100 công nhân quê Vĩnh Phúc làm việc tại Minh Khoa vẫn bám trụ TP HCM, quyết gắn bó cùng công ty. Bà Minh cho biết, đến ngày 31/7, khi có chỉ đạo không để người dân di chuyển khỏi nơi cư trú, bà Minh nhận được cuộc gọi từ lãnh đạo tỉnh Vĩnh Phúc. Không chỉ thăm hỏi tình hình doanh nghiệp, lãnh đạo tỉnh còn động viên công ty cố gắng thể đoàn kết, chia sẻ với bà con đồng hương trong bối cảnh khó khăn trước mắt. \"Hai tiếng quê hương chưa bao giờ thiêng liêng đến vậy. Tôi tự hứa sẽ cố gắng nhiều hơn nữa trong khả năng của mình để giúp đỡ những đồng hương xung quanh mình\", bà Minh tâm sự. Trên group đồng hương Vĩnh Phúc, bà Minh thông báo tiếp nhận 24/24 thông tin về những hoàn cảnh khó khăn cùng quê và qua số điện thoại 0984939002. Bà cho biết nhận 5-10 cuộc gọi nhờ giúp đỡ mỗi ngày. Ngay khi nhận thông tin, bà cùng nhân viên trao tặng các phần quà là tiền mặt, lương thực - thực phẩm để bà con đồng nhẹ gánh hơn trong dịch. Trước đó, công ty còn hỗ trợ nhiều hoàn cảnh khó khăn bị ảnh hưởng Covid-19 thông qua Ủy ban Mặt trận tổ quốc Việt Nam quận Tân Phú như trao tặng 150 đồ bào hộ, kính chống giọt bắn, 60 bình siêu tốc, 50 triệu đồng và một số thực phẩm. "
}