{
    "url": "https://vnexpress.net/chuoi-nha-thuoc-long-chau-moi-ngay-thu-hon-7-ty-dong-4330925.html",
    "label": "DoanhNghiep",
    "timestamp": "Thứ ba, 27/7/2021, 01:17 (GMT+7)",
    "title": "Chuỗi nhà thuốc Long Châu mỗi ngày thu hơn 7 tỷ đồng",
    "content": "Công ty cổ phần Bán lẻ kỹ thuật số FPT (FRT) cho biết doanh thu nửa đầu năm đạt 9.024 tỷ đồng, tăng 24% so với cùng kỳ và hoàn thành 55% kế hoạch cả năm. Chuỗi FPT đóng góp 7.688 tỷ đồng trong số này, tăng trưởng 13% so với cùng kỳ năm ngoái. Phần còn lại khoảng 1.336 tỷ đồng đến từ chuỗi nhà thuốc Long Châu. Theo đó, bình quân mỗi ngày chuỗi này thu hơn 7,4 tỷ đồng, gấp ba lần cùng kỳ. Lợi nhuận trước thuế hợp nhất giai đoạn này đạt 76 tỷ đồng, tăng 189% và hoàn thành 63% kế hoạch. Ban lãnh đạo FRT cho rằng kết quả này tương đối thành công và hỗ trợ cho giai đoạn nửa cuối năm được dự báo rất khó khăn do ảnh hưởng của dịch bệnh. Tính đến cuối tháng 6, chuỗi FPT Shop có 625 cửa hàng, tăng 30 cửa hàng so với đầu năm. Chuỗi nhà thuốc mở được 68 cửa hàng mới trong số 150 hợp đồng thuê mặt bằng mới ký, nâng tổng sổ lên 268 cửa hàng. Ban lãnh đạo FRT đặt mục tiêu năm nay đạt doanh thu thuần 16.400 tỷ đồng và lãi 120 tỷ đồng, lần lượt tăng 12% và 320% so với năm ngoái. Riêng với chuỗi nhà thuốc, công ty tập trung mở rộng phạm vi hoạt động, tăng thị phần và chủ đích cung cấp thuốc với giá cạnh tranh nên biên lợi nhuận chưa phải ưu tiên hàng đầu. Công ty dự kiến năm nay và năm sau chuỗi này còn lỗ, nhưng số lỗ giảm dần và đến 2023 bắt đầu có lãi. "
}