{
    "url": "https://vnexpress.net/cong-ty-cua-ty-phu-tran-ba-duong-se-tiep-tuc-bom-von-cho-hagl-agrico-4330783.html",
    "label": "DoanhNghiep",
    "timestamp": "Thứ hai, 26/7/2021, 15:27 (GMT+7)",
    "title": "Công ty của tỷ phú Trần Bá Dương sẽ tiếp tục bơm vốn cho HAGL Agrico",
    "content": "Công ty Nông nghiệp quốc tế Hoàng Anh Gia Lai (HAGL Agrico, HNG) vừa cho biết, sau khi thông tin Công ty Nông nghiệp Trường Hải (Thagrico) dừng thương vụ mua cổ phần, HAGL Agrico nhận nhiều phản hồi tích cực từ các bên liên quan. Trong đó, BIDV đã đồng ý hoàn trả ba giấy tờ đất cho HAGL Agrico để bàn giao cho Thagrico, theo cam kết khi công ty này bán ba công ty con cho Thagrico vào năm 2019. Đây là một trong những tác nhân khiến hai bên dừng thương vụ. Đồng thời, Hoàng Anh Gia Lai (HAGL) và BIDV sẽ tách bạch tài sản của HAGL Agrico đang đảm bảo cho các khoản vay của HAGL. Công ty của ông Đoàn Nguyên Đức (Bầu Đức) sẽ lập kế hoạch và thanh toán các khoản vay này cho BIDV. HAGL cũng cam kết sẽ dừng, không bán tiếp cổ phiếu HNG. Với thương vụ Thagrico mua bốn công ty con từ HAGL Agrico trong năm nay, quy mô của giao dịch này là 9.095 tỷ đồng, gồm số tiền nợ thay là 2.595 tỷ, số tiền Thagrico phải thanh toán thêm là 6.500 tỷ đồng. HAGL Agrico cho biết, Thagrico đã thanh toán khoảng 470 tỷ đồng và số tiền còn nợ hơn 6.000 tỷ đồng sẽ được cấn trừ vào khoản tiền HAGL Agrico đang nợ Thagrico. Sau khi hoàn tất hợp đồng, HAGL Agrico còn nợ Thagrico 1.266 tỷ đồng và công ty nông nghiệp của ông Trần Bá Dương cam kết sẽ cho vay thêm khoảng 600 tỷ đồng để chi cho hoạt động đầu tư. Tuy nhiên, HAGL Agrico không cho biết liệu thương vụ phát hành hơn 741 triệu cổ phiếu có được tiếp tục hay không. Những thông tin mới này đã ngay lập tức tác động đến diễn biến giá cổ phiếu. Sáng nay, HNG và HAG đều chịu áp lực bán tháo. HNG giảm kịch biên độ ngay khi mở cửa với dư bán giá sàn có thời điểm đạt trên 32 triệu cổ phiếu. HAG cũng giảm gần kịch sàn với áp lực bán tháo của nhà đầu tư. Dù vậy, sau giờ nghỉ trưa, khi có thông tin mới về hợp tác giữa HAGL Agrico và Thagrico, diễn biến đã đảo chiều. Lực cầu bắt đáy mua hết toàn bộ lượng cổ phiếu bán giá sàn, đồng thời đẩy giá cổ phiếu HNG tăng ngược trở lại. HNG thậm chí đã trở lại giá xanh trong phiên chiều, còn HAG đã chạm tham chiếu. Sắc đỏ chỉ trở lại vào cuối phiên, nhưng biên độ giảm hai mã chỉ hơn 2%. "
}