{
    "url": "https://vnexpress.net/momo-to-chuc-chuong-trinh-tuong-tac-voi-giai-thuong-10-ty-dong-4306244.html",
    "label": "DoanhNghiep",
    "timestamp": "Thứ năm, 8/7/2021, 14:30 (GMT+7)",
    "title": "MoMo tổ chức chương trình tương tác với giải thưởng 10 tỷ đồng",
    "content": "\"Thành phố MoMo: Giải đố xây thành phố - cùng tranh 10 tỷ đồng\" của Ví MoMo ra mắt từ 7/7. Chia sẻ về ý tưởng ra đời chương trình, ông Nguyễn Bá Diệp, Phó chủ tịch, đồng sáng lập MoMo - cho biết, MoMo muốn giúp mỗi người thỏa mãn mơ ước xây dựng cho mình một thành phố số tiện nghi, đầy đủ. \"Tài sản ở thành phố số không phải tiền bạc, mà là kiến thức được tích lũy qua các cuộc tranh tài. Việc tranh tài và tiếp thu kiến thức giúp mỗi người trở nên giàu có hơn, xây dựng thành phố trù phú hơn, cho dù xuất phát điểm của mọi người đều như nhau\", ông Diệp chia sẻ. \"Thành phố MoMo\" cũng là phương tiện kết nối người chơi với nhau qua các chương trình tương tác vui vẻ. Đây là món quà của Ví MoMo dành tặng người chơi trong mùa dịch bệnh. Tham gia chương trình, mỗi người chơi sẽ được tặng một thành phố với nhiều khu đất trống được quy hoạch để xây dựng các tòa nhà, cảnh quan. Người chơi phải trả lời các câu hỏi thuộc nhiều lĩnh vực để nhận bản vẽ và xây các tòa nhà, cảnh quan của thành phố riêng mình. Thành phố MoMo của mỗi người có 20 tòa nhà và 15 cảnh quan. Trong đó, 20 tòa nhà lấy ý tưởng từ 20 dịch vụ, tiện ích trên ứng dụng MoMo (Tháp viễn thông: mua/nạp thẻ điện thoại hoặc data 3g/4G, Ngân hàng: chuyển – nhận tiền...). Người chơi sẽ giải câu hỏi để tìm kiếm bản vẽ xây đủ 3 toà nhà để được cấp Giấy chứng nhận thành phố mới và cùng tranh giải thưởng 10 tỷ đồng. Tiếp tục xây đủ 15 công trình (tòa nhà, cảnh quan), người chơi có cơ hội vào bán kết, chung kết và nhận thưởng 100 triệu đồng tiền mặt với vị trí Quán quân. Tham gia chương trình, người chơi có thể lựa chọn 4 hình thức thi đấu: Tự ôn luyện (thi đấu một mình), Thách đấu bạn bè (gửi lời mời thách đấu trực tiếp và có thể thi đấu online hoặc offline), Đối kháng ngẫu nhiên (do hệ thống ghép cặp ngẫu nhiên) hoặc Thi đấu nhóm (nhiều người chơi tham gia trong một phòng). Các hình thức đấu bạn bè, thi đấu nhóm... là cơ hội giúp người chơi kết nối bạn bè bất chấp khoảng cách địa lý, tuổi tác. Chương trình tương tác hứa hẹn mang đến bất ngờ với những câu hỏi bắt trend, câu hỏi đuổi hình bắt chữ, tìm hình còn thiếu, đố mẹo, hỏi xoáy đáp xoay, các câu hỏi tinh mắt, câu hỏi IQ, logic... xoay quanh 16 chủ đề. Song song đó, các câu hỏi về sản phẩm và dịch vụ của MoMo cũng giúp người chơi trở thành chuyên gia của Ví MoMo. Ban tổ chức cuộc thi cho biết, điểm hấp dẫn của chương trình này là người chơi tham gia là có quà. Cụ thể, nếu chiến thắng trong các trận đấu, bên cạnh nhận được bản vẽ để xây đủ toà nhà, người chơi còn nhận quà tặng từ các nhãn hàng để mua sắm sản phẩm, dịch vụ hoặc nhận thưởng Heo vàng quyên góp cho các hoàn cảnh khó khăn ngay trên ứng dụng Ví MoMo. Trong quá trình thi đấu, các phần quà ngẫu nhiên được trao cho người chơi khi trả lời đúng các câu hỏi được đến từ các đối tác của MoMo như Daikin, Lazada, Circle K, Knorr, Tiger Collab, Sociolla, Aeon Citimart, AhaMove, Bamboo Airways, The Coffee House, BAEMIN, The Pizza Company, Highlands Coffee... Đặc biệt, tại khung giờ vàng 15h-18h các ngày trong tuần (trừ thứ 7, chủ nhật), MoMo sẽ tổ chức loạt sự kiện với nhiều quà tặng giá trị lên đến hàng trăm triệu đồng. Đơn cử như Macbook Air M1, iPhone 12 64GB, đồng hồ Apple Watch SE, tai nghe AirPods Max; máy chơi game PlayStation 5, tivi Samsung 4K, máy điều hòa nhiệt độ Daikin, máy lọc không khí Daikin... cùng hàng triệu thẻ quà mua sắm giá trị khác. \"Thành phố MoMo cũng là chương trình giúp hàng trăm nghìn đối tác của MoMo kết nối với người chơi bằng việc tài trợ các phần quà. Thông qua chương trình, MoMo tiếp tục khẳng định vai trò là nền tảng giúp các đối tác gặp gỡ và hiểu về khách hàng của mình, tăng tốc quá trình chuyển đổi số ngay trong giai đoạn khó khăn hiện tại\", đại diện ví điện tử này chia sẻ. "
}