{
    "url": "https://vnexpress.net/hoa-nhac-giao-huong-truc-tuyen-ung-ho-quy-vaccine-covid-19-4299257.html",
    "label": "DoanhNghiep",
    "timestamp": "Thứ năm, 24/6/2021, 16:30 (GMT+7)",
    "title": "Hòa nhạc giao hưởng trực tuyến ủng hộ Quỹ vaccine Covid-19",
    "content": "Chương trình mang đến nhiều giai điệu bất hủ, chỉ huy bởi nhạc trưởng Lê Phi Phi (từ châu Âu) và nghệ sĩ ưu tú Vương Thạch (Nhà hát giao hưởng nhạc vũ kịch TP HCM). Nghệ sĩ Tạ Minh Tâm, Tùng Dương, Thu Minh, Phạm Thu Hà và nhóm nhạc OPlus... cũng chiêu đãi khán giả nhiều tiết mục đặc sắc. Trên các diễn đàn, người yêu nhạc giao hưởng tỏ ra hào hứng với đêm nhạc và kỳ vọng được thưởng thức tài năng của nhạc trưởng Lê Phi Phi. Trước đó trên trang cá nhân, anh liên tục đăng các bài biểu diễn kinh điển, trong đó có Bản giao hưởng số 5 của nhà soạn nhạc thiên tài Beethoven, mang âm hưởng hào hùng, như tiếng kèn xung trận dũng mãnh, động viên người Việt vượt Covid-19. \"Hy vọng dịch sẽ sớm bị kiểm soát và đẩy lùi nhờ sự nỗ lực của Chính phủ cùng toàn dân\", anh viết. Tổ chức hòa nhạc giữa bối cảnh Covid-19 đặc biệt phức tạp là nỗ lực của ban tổ chức, nhất là khi các ca nhiễm mới tăng cao tại TP HCM và chiến dịch tiêm chủng vaccine toàn dân quy mô lớn nhất từ trước tới nay. Những người làm chương trình kỳ vọng đêm nhạc có thể tạo cú hích, kêu gọi những tấm lòng hảo tâm trong và ngoài nước đóng góp cho Quỹ vaccine Covid-19. \"Hãy chia sẻ vì một Việt Nam khỏe mạnh, chiến thắng đại dịch qua chương trình vaccine toàn dân. Covid-19 khiến mọi người xa nhau. Hãy chung tay để mọi người gần nhau hơn, con trẻ lại được đến trường, người cao tuổi quây quần bên con cháu, các doanh nghiệp, nhà máy mở cửa hoạt động trở lại và mọi người có thể sống trong ngôi nhà lớn Việt Nam an toàn, thịnh vượng\", đại diện ban tổ chức nói. Để quyên góp, ủng hộ Quỹ vaccine Covid-19 của Chính phủ, các cá nhân, tổ chức, doanh nghiệp trong và ngoài nước có thể tham gia qua các phương thức: - Chuyển khoản qua các tài khoản ngân hàng theo thông tin trên website; - Soạn tin nhắn: COVID NK gửi đến 1408, trong đó N là số bất kỳ trong khoảng từ 1 đến 2.000, K là thể hiện đơn vị (đồng); - Đóng góp trực tuyến qua website: https://www.quyvacxincovid19.gov.vn. "
}