{
    "url": "https://vnexpress.net/t-amp-t-group-ho-tro-hon-180-000-bo-kit-xet-nghiem-nhanh-covid-19-4307159.html",
    "label": "DoanhNghiep",
    "timestamp": "Thứ hai, 12/7/2021, 10:00 (GMT+7)",
    "title": "T&T Group hỗ trợ hơn 180.000 bộ kit xét nghiệm nhanh Covid-19",
    "content": "Đại diện Tập đoàn T&T Group vừa trao tặng hàng chục nghìn bộ kit xét nghiệm Standard Q Covid-19 Ag cho các tỉnh: Hà Nam (10.000 bộ), Nghệ An (10.000 bộ) và Lào Cai (20.000 bộ) nhằm \"tiếp sức\" cho chính quyền và nhân dân các địa phương vượt qua khó khăn trong cuộc chiến chống Covid-19. Tiếp nhận lô hàng 10.000 bộ kit xét nghiệm, ông Trần Viết Huệ, Phó giám đốc Sở Y tế, đại diện Ban Chỉ đạo phòng chống dịch tỉnh Hà Nam, bày tỏ việc T&T Group hỗ trợ số kit xét nghiệm nhanh rất kịp thời cho tỉnh, trong bối cảnh dịch bệnh đang diễn biến khó lường. Địa phương cam kết sẽ sử dụng nguồn lực một cách hiệu quả, đúng mục đích, góp phần giữ vững thành quả kiểm soát tình hình dịch bệnh. Các địa phương khác cũng tiếp nhận bộ kit đợt này gồm: Bắc Ninh (10.000 bộ), Hà Tĩnh (10.000 bộ), Ninh Thuận (10.500 bộ), Gia Lai (10.800 bộ), Vĩnh Long (10.000 bộ), Cà Mau (10.000 bộ), Long An (10.000 bộ), Sóc Trăng (11.000 bộ), Khánh Hòa (20.000 bộ),... Bộ kit xét nghiệm do T&T Group hỗ trợ là sản phẩm của Công ty SD Biosensor (Hàn Quốc). Đây là test xét nghiệm miễn dịch sắc ký nhanh để phát hiện định tính các kháng nguyên đặc hiệu với SARS-CoV-2 hiện diện trong mũi họng của người, hỗ trợ chẩn đoán sớm nhiễm nCovi ở bệnh nhân có triệu chứng lâm sàng. Độ nhạy và độ đặc hiệu của xét nghiệm Standard Q Covid-19 Ag được so sánh với phương pháp RT-PCR, lên đến 95%, cho kết quả xét nghiệm nhanh sau 15 phút lấy mẫu và thực hiện xét nghiệm. Hiện tại, bộ kit được cung cấp cho nhiều quốc gia như Đức, Italy, Ấn Độ.... WHO khuyến nghị sử dụng và Bộ Y tế đã cấp phép sử dụng tại Việt Nam. Trong tháng 6, T&T Group cũng hỗ trợ tỉnh Đồng Tháp 10.000 kit xét nghiệm Standard Q Covid-19 Ag. Doanh nghiệp ủng hộ tỉnh An Giang 4,4 tỷ đồng mua 20.000 bộ kit xét nghiệm Covid-19. Bên cạnh đó, tập đoàn đã mua gần một triệu bộ kit xét nghiệm nhanh kháng thể Standard Q Covid-19 Ag để test miễn phí cho các cán bộ nhân viên, đối tác và khách hàng. Từ khi đại dịch Covid-19 bùng phát đầu năm 2020, T&T Group là một trong những doanh nghiệp luôn đồng hành cùng Chính phủ, Bộ Y tế và cộng đồng trong cuộc chiến phòng, chống dịch. Trong đợt dịch cao điểm lần thứ tư, doanh nghiệp xuất hiện trên mọi mặt trận chống dịch, từ Trung ương đến hầu hết địa phương trên cả nước. Từ tháng 5, T&T Group đã trao tặng hai tâm dịch Bắc Ninh, Bắc Giang 6 tỷ đồng và 1.000 tấn gạo, giúp chính quyền và người dân địa phương khắc phục khó khăn do dịch. Tiếp đó tập đoàn ủng hộ Quỹ vaccine phòng Covid-19 của Chính phủ 120 tỷ đồng, hỗ trợ chương trình tiêm vaccine của Hà Nội với số tiền 30 tỷ đồng... Mới đây, T&T Group trao tặng Bộ Y tế toàn bộ bơm kim tiêm phục vụ việc tiêm 150 triệu liều vaccine phòng Covid-19 - chiến dịch tiêm chủng lớn \"tiếp sức\" cho các bệnh viện tuyến đầu. Đến nay, tổng số tiền mà T&T Group và các doanh nghiệp trong hệ sinh thái của mình ủng hộ, đóng góp lên tới hơn 500 tỷ đồng. Với phương châm \"gắn xã hội trong kinh doanh\", cùng tinh thần trách nhiệm và vai trò của một tập đoàn kinh tế tư nhân lớn, T&T Group cho biết sẽ tiếp tục đồng hành cùng Chính Phủ, Bộ Y tế và các địa phương trên cả nước trong cuộc chiến chống dịch. Những ngày vừa qua, Việt Nam liên tiếp ghi nhận nhiều ca bệnh mới. Riêng ngày 9/7, cả nước có trên 1.616 bệnh nhân mới tại nhiều tỉnh, thành, nâng số ca bệnh trong đợt dịch bùng phát từ 27/4 đến nay lên tới hơn 22.482 bệnh nhân. Trước diễn biến phức tạp của dịch bệnh, các địa phương đang tập trung tổng lực truy vết các F1, F2 liên quan, đồng thời kích hoạt nhiều phương án phòng, chống dịch. \"Với số lượng F1, F2 tăng nhanh chóng, nhu cầu về kit xét nghiệm nhanh ở các 'điểm nóng' cũng rất cấp thiết. Đó là lý do T&T Group quyết định hỗ trợ hơn 180.000 bộ kit xét nghiệm cho 16 tỉnh, thành phố trên cả nước, giúp các địa phương tầm soát, xét nghiệm chủ động để sàng lọc nhanh các trường hợp mắc bệnh\", đại diệ tập đoàn chia sẻ. "
}