{
    "url": "https://vnexpress.net/chuoi-vinmart-moi-ngay-thu-hon-80-ty-dong-4333794.html",
    "label": "DoanhNghiep",
    "timestamp": "Chủ nhật, 1/8/2021, 10:06 (GMT+7)",
    "title": "Chuỗi VinMart mỗi ngày thu hơn 80 tỷ đồng",
    "content": "Báo cáo tài chính của Công ty cổ phần Tập đoàn Masan ghi nhận doanh thu nửa năm xấp xỉ 41.200 tỷ đồng, tăng 16% so với cùng kỳ và hoàn thành khoảng 45% kế hoạch năm. VinCommerece, đơn vị quản lý chuỗi siêu thị VinMart và cửa hàng VinMart+, đóng góp gần 14.470 tỷ đồng trong số này. Doanh thu chuỗi giảm hơn 1.300 tỷ đồng do số lượng điểm bán ít hơn cùng kỳ và tác động của dịch bệnh. Bình quân mỗi ngày chuỗi có doanh thu trên 80 tỷ đồng. Tính riêng quý II, VinCommerece thu 7.226 tỷ đồng và tăng trưởng gần 2%. Ban lãnh đạo doanh nghiệp này cho biết, động lực tăng trưởng đến từ danh mục sản phẩm tập trung vào hàng tươi sống, thay đổi mô hình bày trí cửa hàng và người tiêu dùng có xu hướng chuyển từ mua tại kênh bán lẻ truyền thống sang hiện đại vì lo ngại về sức khoẻ. Lợi nhuận gộp của VinCommerce sáu tháng đầu năm đạt trên 2.660 tỷ đồng, tăng 8,5% so với cùng kỳ. Chuỗi đã ghi nhận EBITDA (thu nhập trước lãi vay, thuế và khấu hao) gần 300 tỷ đồng, cải thiện đáng kể so với khoản lỗ hơn 1.000 tỷ đồng giai đoạn này năm ngoái. Thời gian để các cửa hàng VinMart+ hoà vốn cũng được rút ngắn nhờ mô hình Kiosk Phúc Long. Theo đó, mỗi cửa hàng mới mở có kiosk này cần doanh thu thấp hơn 15% so với cửa hàng không có kiosk để hoà vốn. VinCommerce hiện có 2.369 điểm bán tính đến cuối tháng 6, trong đó 2.247 cửa hàng VinMart. Chuỗi này đang thử nghiệm chuyển đổi thương hiệu cho một số cửa hàng từ VinMart+ thành WinMart+ theo điều khoản chuyển giao với Vingroup. "
}