{
    "url": "https://vnexpress.net/karofi-dua-nhieu-cong-nghe-hien-dai-vao-may-loc-nuoc-4302176.html",
    "label": "DoanhNghiep",
    "timestamp": "Thứ năm, 1/7/2021, 20:00 (GMT+7)",
    "title": "Karofi đưa nhiều công nghệ hiện đại vào máy lọc nước",
    "content": "Nước đạt chuẩn tinh khiết Đại diện đơn vị cho biết, mỗi máy lọc nước ra đời đều được nghiên cứu và phát triển dựa trên đặc thù nguồn nước từng vùng, nhu cầu, hành vi của người sử dụng. Đến nay, sản phẩm Karofi đã có mặt tại hơn 2 triệu hộ gia đình Việt. Karofi đạt chuẩn QCVN6-1:2010/BYT (chuẩn tinh khiết nước uống đóng chai) chứng nhận bởi Viện Sức khỏe nghề nghiệp và Môi trường, Bộ Y tế theo quy trình hướng dẫn của WHO và UNICEF. Theo đó, nguồn nước có thể sử dụng uống trực tiếp từ vòi mà không cần đun sôi. Để đạt chứng nhận này, toàn bộ lô sản xuất đều lấy mẫu ngẫu nhiên để kiểm tra, khi đạt chuẩn sẽ dán tem lưu hành trên thị trường. Trong suốt vòng đời sản phẩm, cơ quan kiểm định cũng liên tục đánh giá ngẫu nhiên. AIoTec kiểm soát chất lượng nước từ xa Với công nghệ AIoTec, người dùng có thể dùng ứng dụng Karofi 360 (có trên CH Play, App Store) để kết nối, giám sát tình trạng máy lọc nước qua Internet. Lúc này, toàn bộ chỉ số liên quan đến chất lượng nước và máy đều cập nhật liên tục; như độ tinh khiết của nước, tình trạng hoạt động của máy, tuổi thọ và thời gian thay lõi lọc... Người dùng cũng có thể thao tác xác thực chính hãng và kết nối tới đội ngũ chăm sóc khách hàng. Đại diện hãng chia sẻ, thiết bị lọc nước này phù hợp với xu hướng hiện đại, khi smarthome dần phổ biến. Người dùng có thể tiết kiệm thời gian và tăng chất lượng nguồn nước ăn uống, sinh hoạt trong gia đình. Công nghệ Smax gấp đôi tuổi thọ lõi lọc Bộ lõi có vai trò quyết định chất lượng nguồn nước sau lọc. Công nghệ Smax áp dụng cho toàn bộ hệ thống lõi lọc trong máy lọc nước Karofi. Sản xuất từ nguyên vật liệu thế hệ mới, cấu trúc lõi được thiết kế tối ưu diện tích tiếp xúc với nước, tăng hiệu quả lọc và kéo dài thời gian sử dụng. Hệ lõi lọc công nghệ Smax cho phép công suất hoạt động tăng lên gấp hai lần, đồng thời nhân đôi tuổi thọ. Cụ thể, nhóm lõi lọc thô Smax Duo có thời hạn sử dụng lên đến 12 tháng, màng lọc Smax RO là 36 tháng còn lõi lọc chức năng Smax Nano đạt từ 12 tháng trở lên. Theo nghiên cứu của đơn vị, lượng nước thải cũng giảm 71%. Nước sau lọc đã loại bỏ phần lớn các chất ô nhiễm có trong nước như tạp chất, rỉ sét, chất hữu cơ, kim loại nặng... Nhờ vậy nguồn nước đạt độ tinh khiết, ngăn ngừa tái nhiễm khuẩn khi lưu thông trong đường dẫn. Gấp đôi lượng Hydrogen Nhờ bổ sung hệ lõi lọc chức năng bổ trợ, nguồn nước sau lọc có thêm một số khoáng chất như K+, Na+, Zn2+, Mg2+; ion âm... Đặc biệt, nước được gấp đôi Hydrogen, có nhiều lợi ích cho sức khỏe như hỗ trợ loại bỏ axit dư thừa và các tác nhân gây hại trong cơ thể; trung hòa các tác nhân gây lão hóa, đẩy nhanh quá trình hấp thu khoáng chất, bù nước hiệu quả. Vì vậy, nước giàu hydrogen có khả năng hỗ trợ nâng cao sức khỏe người dùng. Thời gian bảo hành 36 tháng Sở hữu một trong những nhà máy quy mô lớn nhất Đông Nam Á, Karofi có thể chủ động về mặt công nghệ và sản xuất, chuyên sâu trong ngành lọc nước tại Việt Nam. Nhờ vậy, các sản phẩm của hãng được bảo hành đến 36 tháng. Karofi nhận danh hiệu số một thị phần tại Việt Nam và được yêu thích nhất với 79% bình chọn (theo báo cáo của tổ chức nghiên cứu thị trường toàn cầu Techsci). Đại diện đơn vị cho biết, thành tựu này đến từ sự tập trung chuyên sâu và luôn nỗ lực đổi mới, sáng tạo để mang đến những giá trị tốt nhất cho người dùng. Tham khảo thêm thông tin Karofi tại đây. "
}