{
    "url": "https://vnexpress.net/fwd-tap-trung-phat-trien-doi-ngu-tu-van-tai-chinh-4331996.html",
    "label": "DoanhNghiep",
    "timestamp": "Thứ sáu, 30/7/2021, 10:00 (GMT+7)",
    "title": "FWD tập trung phát triển đội ngũ tư vấn tài chính",
    "content": "Theo báo cáo của Deloitte, bảo hiểm là một trong số ít những ngành tại Việt Nam có mức tăng trưởng tốt dù chịu nhiều tác động của dịch Covid-19. Do đó, một số công ty bảo hiểm vẫn tăng cường tuyển dụng tư vấn tài chính nhằm phục vụ nhu cầu tư vấn và tham gia bảo hiểm của người dân. Tính trong năm 2020, theo Hiệp hội bảo hiểm Việt Nam, thị trường ghi nhận số lượng đại lý bảo hiểm nhân thọ lên đến 834.459 người, tăng hơn 53.000 người so với năm trước. Đội ngũ tư vấn tài chính mới này đến từ nhiều độ tuổi, ngành nghề, trình độ khác nhau, chuyển hướng đầu quân cho các công ty bảo hiểm với mong muốn nắm bắt cơ hội thăng tiến và nâng cao thu nhập. Nằm trong nhóm các công ty bảo hiểm tăng trưởng nhanh, FWD không ngừng phát triển và mở rộng đội ngũ tư vấn tài chính trên toàn quốc. Theo đó, các tư vấn tài chính của FWD đều được tham gia khóa huấn luyện bài bản về kỹ năng và chuyên môn. Đồng hành cùng các tư vấn tài chính là những lãnh đạo có kinh nghiệm. Các tư vấn tài chính cũng được hưởng chính sách tưởng thưởng hấp dẫn. Để đảm bảo các tư vấn tài chính được làm việc một cách thuận tiện và an toàn trong mùa dịch, FWD đã số hóa toàn bộ quy trình để hỗ trợ cho công việc tư vấn bảo hiểm của đội ngũ kinh doanh. Giờ đây, các tư vấn tài chính của FWD có thể ngồi tại nhà để tư vấn khách hàng về bảo hiểm trên nền tảng trực tuyến, từ việc chạy bảng minh họa, điền thông tin, kê khai y tế... FWD cũng là một trong những doanh nghiệp dẫn đầu thị trường bảo hiểm nhân thọ Việt Nam về vốn điều lệ và trải nghiệm khách hàng. Môi trường làm việc của FWD đảm bảo sự tươi mới, cởi mở và sáng tạo. Điều này góp phần quan trọng vào việc truyền cảm hứng cho đội ngũ tư vấn tài chính. Tại FWD, mỗi cá nhân đều được tạo điều kiện để khai phá và phát huy năng lực của bản thân. FWD từng được tạp chí HR Asia vinh danh là nơi làm việc tốt nhất châu Á năm 2020. FWD cũng nằm trong top 10 công ty đa quốc gia có nhiều thành viên câu lạc bộ bàn tròn triệu đô (MDRT) nhất thế giới. Đây là lần thứ 2 doanh nghiệp góp mặt trong danh sách này. Tại Việt Nam, FWD cũng bứt phá và duy trì vị trí thứ 4 trong danh sách các công ty có nhiều MDRT nhất. "
}