{
    "url": "https://vnexpress.net/sieu-thi-co-opmart-ha-dong-tam-dung-hoat-dong-4333439.html",
    "label": "DoanhNghiep",
    "timestamp": "Thứ bảy, 31/7/2021, 12:23 (GMT+7)",
    "title": "Siêu thị Co.opmart Hà Đông tạm dừng hoạt động",
    "content": "Siêu thị Co.opmart Hà Đông nằm trên đường Cầu Bươu, phường Kiến Hưng, quận Hà Đông. Sáng nay phía ngoài siêu thị đã dán thông báo tạm đóng cửa từ ngày 31/7 cho tới khi có thông báo mới. Hầu hết khách đến mua hàng đều phải quay về. Chia sẻ với VnExpress, bà Nguyễn Thị Kim Dung - Giám đốc Siêu thị Co.opmart Hà Nội cho biết, siêu thị Co.opmart Hà Đông bắt đầu đóng cửa từ sáng nay (31/7) và dự kiến trong vài ngày để điều tra dịch tễ, khử khuẩn do liên quan tới ca nhiễm Covid-19. \"Chúng tôi sẽ phối hợp chặt chẽ với y tế phường. Siêu thị sẽ mở cửa trở lại khi có thông báo mới và chỉ đạo từ cơ quan chức năng\", bà Dung nói. Theo thông tin của y tế phường Kiến Hưng, ca nhiễm Covid-19 vừa phát hiện đã tới siêu thị Co.opmart Hà Đông khoảng 10h ngày 25/7 và 10h ngày 26/7. Cơ quan y tế đề nghị những người đã tới siêu thị thời gian này liên hệ ngay với trạm y tế phường hoặc cơ quan y tế gần nhất để được tư vấn. Sáng nay, lực lượng chức năng phối hợp với y tế phường Kiến Hưng khoanh vùng, phun khử khuẩn, điều tra dịch tễ những người liên quan. Việc siêu thị Co.opmart Hà Đông phải tạm đóng cửa, theo đại diện siêu thị, là điều không hề mong muốn. Hiện hệ thống này đã điều động nhân viên tại siêu thị khu vực khác tới hỗ trợ, giao hết số đơn hàng trực tuyến mà khách đã đặt từ trước. Các mặt hàng thực phẩm tươi sống, hàng thiết yếu tại Co.opmart Hà Đông sẽ được chuyển về siêu thị Co.opmart Hà Nội (phường Mỗ Lao, quận Hà Đông). Trường hợp nhân viên của siêu thị Co.opmart Hà Đông buộc phải cách ly theo yêu cầu của cơ quan y tế, bà Dung cho biết, sẽ điều chuyển nhân viên từ các siêu thị khác sang làm việc, hỗ trợ. Trong thời gian này, khách hàng có thể tới các điểm bán, siêu thị khác của Co.opmart tại Hà Nội để mua sắm. Cũng theo lãnh đạo Co.opmart Hà Nội, công tác phòng dịch tại hệ thống siêu thị được đảm bảo chặt chẽ, khách hàng tới đều phải khai báo y tế qua mã QR, được đo nhiệt độ và sát khuẩn tay trước khi vào siêu thị mua sắm. Nhân viên siêu thị cũng được trang bị đầy đủ khẩu trang, kính chắn bảo vệ... tuân thủ nghiêm ngặt 5K. Cách đây 3 ngày, chợ đầu mối phía Nam (quận Hoàng Mai) cũng bị phong toả, tạm đóng vì tiểu thương bán hàng tại chợ nhiễm nCoV. Hà Nội áp dụng giãn cách xã hội theo Chỉ thị 16 bắt đầu từ 0h ngày 24/7. Đến trưa 31/7, thành phố ghi nhận 1.287 ca nhiễm Covid-19 kể từ cuối tháng 4, riêng trong sáng 31/7 có thêm 3 ca mắc mới. "
}