{
    "url": "https://vnexpress.net/nghich-ly-diem-nghen-cua-startup-viet-4335617.html",
    "label": "DoanhNghiep",
    "timestamp": "Thứ tư, 4/8/2021, 20:00 (GMT+7)",
    "title": "Nghịch lý điểm nghẽn của startup Việt",
    "content": "Chương trình Nguy - Cơ phát sóng thứ năm (5/8) tuần này là câu chuyện nối tiếp talkshow số đặc biệt, với sự tham gia của hai vị khách mời là shark Louis Nguyễn và shark Thái Vân Linh. Talkshow tiếp tục đi tìm lời giải cho câu hỏi: \"Vì sao chưa có nhiều công ty khởi nghiệp Việt vươn tầm thế giới?\" Trong trailer talkshow công bố hôm nay, màn tranh biện giữa hai \"cá mập\" dần được hé lộ, với nhiều nhận định trái ngược về khởi nghiệp Việt Nam. \"Thị trường Mỹ lớn hơn nhiều so với Việt Nam, nhưng tôi nghĩ tốc độ tăng trưởng của hệ sinh thái khởi nghiệp Việt Nam còn nhanh hơn nhiều so với Mỹ\", shark Linh chia sẻ. Song shark Louis không lạc quan như vậy. Ông cho rằng, nói về đầu tư mạo hiểm ở Việt Nam hiện nay, chưa có thương vụ exit (thoái vốn hoặc IPO lên các sàn lớn) nào thực sự rõ ràng. \"Thị trường Việt Nam vẫn chưa đủ lớn, vì thế cần phải có các công ty thành công ở thị trường khu vực và thế giới. Chỉ khi tới được đó, các nhà đầu tư trên thế giới mới muốn đến Việt Nam\", shark Louis khẳng định. Dành lời khuyên cho các nhà sáng lập startup, shark Linh cho rằng, Việt Nam có tiềm năng công nghệ rất mạnh. Tuy nhiên, họ còn thiếu khả năng marketing sản phẩm. Trong khi đó, shark Louis khẳng định cách hoạt động của doanh nghiệp đóng vai trò quan trọng hơn. Và việc họ có cần đẩy mạnh marketing hay không là tùy thuộc vào sản phẩm của họ. \"Nếu công ty đó nắm giữ một sản phẩm công nghệ độc quyền mà có thể thay đổi thế giới, và nhà đầu tư nhìn thấy được điều này, đó là câu chuyện trước cả marketing\", Louis nói. Điểm yếu của startup Việt Nam là gì? Vì sao startup Việt tăng trưởng nhanh nhưng còn thiếu những thương hiệu vươn tầm khu vực và thế giới? Công nghệ và sản phẩm hay marketing là yếu tố quan trọng hơn? Những nhà sáng lập, doanh nhân trẻ Việt Nam cần cải thiện và trang bị những kỹ năng gì để thành công trên trường quốc tế? Những câu hỏi này sẽ được giải đáp trong talk Nguy Cơ số 7 mùa 2, phát sóng trên mọi nền tảng của VnExpress. Shark Thái Vân Linh, doanh nhân Mỹ gốc Việt có 20 năm kinh nghiệm đầu tư vào các quỹ đầu tư mạo hiểm và lĩnh vực khởi nghiệp. Nữ doanh nhân từng thành lập công ty riêng về công nghệ thời trang và công nghệ giáo dục. Hiện tại, bà là CEO của một công ty tư vấn tập trung vào đào tạo kỹ năng cho các chuyên gia trẻ, giúp thu hẹp khoảng cách giữa sinh viên đại học và cấp quản lý tại nơi làm việc. Thời gian gần đây, shark Linh thể hiện sự quan tâm đối với các startup về công nghệ giáo dục. Louis Nguyễn, sinh ra ở Việt Nam và sang Mỹ sinh sống từ năm 1975. Ông lớn lên ở thị trấn Sunnyvale, California (Thung lũng Silicon), làm kế toán công cho KPMG, các công ty công nghệ. Cuối những năm 90, ông tham gia đầu tư mạo hiểm và đã đầu tư vào 31 công ty khác nhau. Những năm 2000, ông trở lại Việt Nam thành lập và tham gia một số doanh nghiệp đầu tư mảo hiểm. Ông đầu tư vào nhiều công ty và nhiều lĩnh vực khác nhau, trong đó có bất động sản. Hiện ông nhắm đến các công ty hoạt động vì môi trường, xã hội và có chính sách quản trị tốt, thiên về hoạt động bền vững. Hoài Phong Talkshow Nguy - Cơ do VnExpress và đối tác S-world Multimedia phối hợp thực hiện. Chương trình là không gian để các doanh nghiệp, doanh nhân chia sẻ câu chuyện của mình, phân tích trực diện các vấn đề kinh doanh, cuộc chiến khốc liệt trên thương trường và đưa ra bài toán của tương lai. Host chương trình là doanh nhân, diễn giả Nguyễn Phi Vân. "
}