{
    "url": "https://vnexpress.net/fpt-long-chau-tung-uu-dai-dip-khai-truong-nha-thuoc-thu-300-4305012.html",
    "label": "DoanhNghiep",
    "timestamp": "Thứ ba, 6/7/2021, 15:30 (GMT+7)",
    "title": "FPT Long Châu tung ưu đãi dịp khai trương nhà thuốc thứ 300",
    "content": "Hệ thống nhà thuốc FPT Long Châu chạm mốc 300 nhà thuốc đạt chuẩn GPP tại 53 tỉnh thành trên toàn quốc ngày 5/7. Đây là một trong những nỗ lực của FPT Long Châu trong việc thực hiện sứ mệnh phục vụ sức khỏe cộng đồng với phương châm chất lượng tốt và chi phí hợp lý. Để đánh dấu sự kiện quan trọng này, hệ thống Nhà thuốc FPT Long Châu tổ chức chương trình khuyến mãi tri ân khách hàng. Chương trình có giải thưởng tiền mặt 300 triệu đồng, nhiều phiếu mua hàng trị giá 3 triệu đồng cho tất cả khách mua hàng với hóa đơn từ 150.000 đồng, từ ngày 5-15/7. Ngoài ra, trong đợt này, Long Châu còn trợ giá, giảm đến 30% nhiều sản phẩm thuốc bổ, thực phẩm chức năng, máy đo huyết áp, máy hút mũi và các sản phẩm chăm sóc da... Đơn vị mong rằng những chương trình khuyến mãi diễn ra thường xuyên sẽ tạo cơ hội cho người dân Việt Nam dễ dàng tiếp cận sản phẩm chăm sóc sức khoẻ chính hãng, chất lượng cao để phòng bệnh hơn chữa bệnh. Đại diện FPT Long Châu cho biết, nhu cầu chăm sóc, bảo vệ sức khỏe được đẩy cao trong thời điểm bùng dịch Covid-19 lần thứ 4 với nhiều diễn biến phức tạp. Hiện, đã có 50 tỉnh thành ghi nhận có ca nhiễm. Đây là động lực, là áp lực để FPT Long Châu đẩy mạnh việc mở mới nhà thuốc trên các địa phương khác nhau, giúp đưa thuốc, các sản phẩm y tế, dược phẩm tốt đến người dân Việt Nam. Thương hiệu hướng đến đem lại tiện ích chăm sóc sức khoẻ dễ dàng, thuận tiện nhất cho khách hàng. Trong tình hình hạn chế đi lại để phòng chống dịch, hệ thống Nhà thuốc FPT Long Châu chú trọng đẩy nhanh, hoàn thiện dịch vụ giao hàng tận nơi, bán hàng trực tuyến trên nhiều nền tảng để phục vụ khách hàng tốt hơn. Từ đó, đáp ứng nhanh chóng nhất nhu cầu bảo vệ sức khỏe của người dân vùng dịch. Đội ngũ dược sĩ, nhân viên với tinh thần chống dịch hàng đầu, không ngại đối mặt với những rủi ro, luôn sẵn sàng phục vụ khách hàng. Đồng thời FPT Long Châu cũng phối hợp với chính quyền từng địa phương trong việc ghi nhận, tổng hợp các thông tin y tế cần thiết để kịp thời phát hiện, sàng lọc, truy vết các ca bệnh. Với trách nhiệm đồng hành cùng cộng đồng chống dịch, FPT Long Châu đảm bảo cung cấp đầy đủ, đa dạng từ thuốc kê đơn, không kê đơn, thiết bị y tế, thực phẩm chức năng... Danh mục thuốc chính hãng đa dạng, chuyên sâu, đáp ứng hầu hết các đơn thuốc, các loại bệnh ở nhiều đối tượng, đảm bảo chăm sóc tốt cho sức khỏe cho khách hàng. Lê Nguyễn Nhà thuốc FPT Long Châu là thành viên Tập đoàn FPT, chuyên kinh doanh các loại thuốc kê đơn, không kê đơn, thực phẩm chức năng, dược mỹ phẩm, các sản phẩm chăm sóc sức khỏe và tiêu dùng nhanh. Mua hàng trực tuyến - Nhận hàng trong ba giờ tại Fanpage. Gọi tổng đài miễn cước: 1800 6928 "
}