{
    "url": "https://vnexpress.net/quang-ngai-co-tan-bi-thu-tinh-uy-4140967.html",
    "label": "ThoiSu",
    "timestamp": "Thứ ba, 4/8/2020, 10:19 (GMT+7)",
    "title": "Quảng Ngãi có tân Bí thư Tỉnh ủy",
    "content": "Tại Hội nghị về công tác cán bộ của Tỉnh ủy Quảng Ngãi sáng 4/8, bà Quỳnh Vân đã được bầu làm Bí thư Tỉnh ủy với số phiếu 45/45, chiếm tỷ lệ 100%. Với kết quả bầu trên, bà Quỳnh Vân là nữ Bí thư Tỉnh ủy đầu tiên ở Quảng Ngãi, kiêm nhiệm Chủ tịch Hội đồng Nhân dân tỉnh. Kết quả sẽ được Thường vụ Tỉnh ủy Quảng Ngãi trình Ban Bí thư Trung ương phê chuẩn. Bà Bùi Thị Quỳnh Vân quê TP Quảng Ngãi, là cử nhân Ngữ văn. Bà có bằng Cao cấp Lý luận chính trị, Chuyên viên cao cấp về Quản lý nhà nước. Bà từng là Bí thư Tỉnh đoàn Quảng Ngãi, Bí thư Huyện ủy Tư Nghĩa, Bí thư Huyện ủy Lý Sơn, Trưởng ban Dân vận Tỉnh ủy. Đầu năm 2016, tại Đại hội Đảng toàn quốc lần thứ XII, bà Vân là một trong 20 người trúng cử Ủy viên dự khuyết Ban Chấp hành Trung ương Đảng. "
}