{
    "url": "https://vnexpress.net/nhieu-doanh-nghiep-sau-6-thang-da-can-dich-ca-nam-4328418.html",
    "label": "DoanhNghiep",
    "timestamp": "Thứ năm, 22/7/2021, 06:00 (GMT+7)",
    "title": "Nhiều doanh nghiệp sau 6 tháng đã cán đích cả năm",
    "content": "Ngành thép là một trong những điểm sáng của mùa báo cáo tài chính quý II/2021. Nhờ đẩy mạnh các kênh bán hàng trong nước và xuất khẩu, Công ty cổ phần Thép Nam Kim (KNG) đạt doanh thu tăng gấp 3 lần cùng kỳ, đạt hơn 7.000 tỷ đồng. Lũy kế 6 tháng đầu năm, công ty có doanh thu gần 11.900 tỷ đồng, tăng 2,5 lần. Sản lượng tăng làm chi phí sản xuất giảm, biên lợi nhuận gộp cải thiện hơn giúp mức lãi ròng tăng đột biến gấp 50 lần so với cùng kỳ. Lợi nhuận sau thuế bán niên ghi nhận ở mức gần 1.170 tỷ đồng, cao gấp 20 lần cùng kỳ và vượt hơn 94% kế hoạch cả năm. Kết quả kinh doanh trên đưa doanh nghiệp này lần đầu lọt nhóm công ty lãi nghìn tỷ. Cũng có động lực từ tăng sản lượng, Công ty cổ phần Tập đoàn Hoa Sen (HSG) ước tính doanh thu quý II đạt gần 13.000 tỷ đồng, lợi nhuận sau thuế vào khoảng 1.700 tỷ đồng. Tăng trưởng lần lượt 90% và 435% so với cùng kỳ năm 2020. Lũy kế 9 tháng niên độ tài chính 2020-2021 (từ 1/10/2020 đến 30/6/2021), doanh thu của Hoa Sen ước đạt gần 33.000 tỷ đồng, lãi ròng ước đạt gần 3.400 tỷ đồng, tăng trưởng lần lượt 72% và 381% so với cùng kỳ. Với kết quả này, doanh nghiệp của ông Lê Phước Vũ gần như hoàn thành kế hoạch doanh thu và vượt đến 125% kế hoạch lợi nhuận cả năm. Ngành thép thắng đậm khi giá bán sản phẩm liên tục tăng cao. Ngay cả các công ty có quy mô nhỏ hơn cũng ghi nhận tăng trưởng tốt. Công ty cổ phần Thép Thủ Đức (TDS) cho biết, giá bán bình quân sau khi trừ chiết khấu tăng gấp rưỡi, cùng với sản lượng tiêu thụ tăng đã đem về kết quả kinh doanh tốt. Trong 6 tháng đầu năm, doanh nghiệp này đạt hơn 1.260 tỷ đồng doanh thu và gần 50 tỷ đồng lợi nhuận, tăng lần lượt 29% và 194% so với cùng kỳ năm 2020. Với kế hoạch kinh doanh thận trọng trong năm nay, doanh nghiệp này đã vượt 194% chỉ tiêu lợi nhuận. Với nhóm doanh nghiệp chứng khoán, kỷ lục gần 620.000 tài khoản mở mới trong 6 tháng đầu năm là cơ sở cho hàng loạt công ty báo lãi khủng. Công ty cổ phần Chứng khoán VNDirect (VND) vừa công bố, tổng doanh thu hoạt động bán niên đạt trên 2.150 tỷ đồng, tăng 2,5 lần so với cùng kỳ. Tổng lợi nhuận kế toán trước thuế đạt gần 1.140 tỷ đồng, tăng gấp 5 lần. Như vậy, công ty đã hoàn thành hơn bốn phần năm chỉ tiêu về kinh doanh và vượt chỉ tiêu về lợi nhuận hơn 3%. Cũng ghi nhận nhiều chỉ số kinh doanh tăng theo cấp số nhân, Công ty cổ phần Chứng khoán Rồng Việt (VDS) có tổng doanh thu hoạt động 6 tháng đạt hơn 520 tỷ đồng, tăng 3 lần so với cùng kỳ. Lợi nhuận trước thuế ước đạt hơn 310 tỷ đồng, gấp 19 lần so với cùng kỳ năm 2020. Đây là mức lợi nhuận cao nhất mà Chứng khoán Rồng Việt đạt được kể từ khi thành lập cho đến nay. Công ty này hoàn thành chỉ tiêu về doanh thu và vượt 70% chỉ tiêu về lợi nhuận của cả năm 2021. Những thuận lợi từ thị trường, trong đó có giá sản phẩm lập đỉnh giúp ngành phân bón tăng trưởng tốt. Công ty cổ phần Supe phốt phát và Hóa chất Lâm Thao (mã: LAS) vừa công bố doanh thu 6 tháng đạt hơn 1.660 tỷ đồng, tăng 38%. Lợi nhuận trước thuế đạt gần 70 tỷ đồng, thoát khỏi khoản lỗ chục tỷ của cùng kỳ. So với kế hoạch cả năm, doanh nghiệp này đã hoàn thành gần 60% chỉ tiêu doanh thu và vượt 86% chỉ tiêu lợi nhuận. Với những công ty có sản lượng lên đến hàng trăm nghìn tấn, kết quả kinh doanh kỳ này còn đạt nhiều con số lớn hơn. Công ty cổ phần Phân bón Dầu khí Cà Mau (Đạm Cà Mau) ước đạt doanh thu gần 4.340 tỷ đồng, lợi nhuận trước thuế khoảng 410 tỷ đồng. Với kết quả này, Đạm Cà Mau đã hoàn thành hơn một nửa chỉ tiêu doanh thu và vượt gần 96% chỉ tiêu lợi nhuận trước thuế. Theo thống kê của FiinGroup, tính đến ngày 20/7, đã có 12% doanh nghiệp niêm yết trên ba sàn HoSE, HNX và UPCoM công bố báo cáo tài chính hoặc ước tính kết quả kinh doanh. Trong đó, doanh thu thuần của 198 doanh nghiệp ước tăng 35% so với cùng kỳ năm trước và gần 20% so với quý trước. Lãi ròng tăng lần lượt 75% và 22%. Mức tăng chung chủ yếu đến từ ngành tiện ích, dầu khí và thép, phần lớn nhờ giá hàng hóa tăng mạnh. Bất động sản, xây dựng và vật liệu, hóa chất, công nghệ thông tin là những nhóm ngành có lợi nhuận sau thuế tăng chậm lại trong quý vừa qua. "
}