{
    "url": "https://vnexpress.net/dan-shark-viet-my-quy-tu-tai-talk-nguy-co-4328348.html",
    "label": "DoanhNghiep",
    "timestamp": "Thứ tư, 21/7/2021, 20:00 (GMT+7)",
    "title": "Dàn shark Việt - Mỹ quy tụ tại talk Nguy Cơ",
    "content": "Tiếp nối câu chuyện tái khởi nghiệp của shark Đỗ Liên, talkshow Nguy - Cơ 35 tiếp tục chào đón những vị khách mời đặc biệt từng là giám khảo của các phiên bản Shark Tank (Thương vụ bạc tỷ) phiên bản Mỹ và Việt Nam. Đó là shark Kevin Harrington, doanh nhân Mỹ và hai vị shark gốc Việt là Thái Vân Linh và Louis Nguyễn. Chương trình thực hiện theo hình thức trực tuyến, từ hai đầu cầu Mỹ và Việt Nam. Kevin Harrington nổi tiếng thế giới khi phát triển ngành bán hàng qua truyền hình ở Mỹ lên hàng tỷ USD, giúp nhiều thương hiệu như Jack LaLanne Juicer, Tony Little Fitness, các sản phẩm của nhiều người nổi tiếng như gia đình Kardashian, tai nghe của 50 cent... trở nên phổ biến. Nhờ những chương trình của Kevin, 20 trong số các công ty đã gây dựng hơn 100 triệu USD. Mô hình mua sắm trên truyền hình - home shopping cũng trở nên phổ biến và lan rộng trên thế giới, trong đó có Việt Nam. Năm 2009, Kevin Harrington tham gia Shark Tank Mỹ, trở thành một trong những \"cá mập\" đầu tiên của chương trình và rời đi vào năm 2011, sau hai mùa gắn bó. Hiện tại, Kevin Harrington là một cố vấn, nhà đầu tư, tham gia vào các hội đồng quản trị để hỗ trợ các công ty khởi nghiệp phát triển và vươn ra thế giới. Ông đánh giá cao các hình thức đầu tư thời đại mới. Khách mời thứ hai của chương trình là shark Thái Vân Linh, doanh nhân Mỹ gốc Việt có 20 năm kinh nghiệm kinh doanh, bao gồm khoảng 10 năm kinh nghiệm đầu tư vào các quỹ đầu tư mạo hiểm và 10 năm kinh nghiệm trong lĩnh vực khởi nghiệp. Shark Thái Vân Linh từng thành lập công ty riêng về công nghệ thời trang và công nghệ giáo dục. Hiện tại, bà là CEO của một công ty tư vấn tập trung vào đào tạo kỹ năng cho các chuyên gia trẻ, giúp thu hẹp khoảng cách giữa sinh viên đại học và cấp quản lý tại nơi làm việc. \"Chúng tôi chuyên đào tạo những kỹ năng mà sinh viên không được học ở trường đại học, hoặc các bạn cần phải có để thăng tiến, ví dụ tư duy phản biện, giao tiếp và phát triển bản thân\", vị này nói. Louis Nguyễn, khách mời thứ ba của chương trình, sinh ra ở Việt Nam và sang Mỹ sinh sống từ năm 1975. Ông lớn lên ở thị trấn Sunnyvale, California, hay còn gọi là Thung lũng Silicon, làm việc trong kế toán công cho KPMG, các công ty công nghệ. Cuối những năm 90, ông tham gia đầu tư mạo hiểm và đã đầu tư vào 31 công ty khác nhau. Những năm 2000, ông trở lại Việt Nam để thành lập quỹ IDG Ventures, làm việc cho VinaCapital. Sau đó, ông thành lập quỹ quản lý trị giá khoảng 253 triệu USD, đầu tư vào nhiều công ty và nhiều lĩnh vực khác nhau ở Việt Nam, trong đó có bất động sản. Nền tảng mới nhất của quỹ này đầu tư nhiều vào các công ty hoạt động vì môi trường, vì xã hội và có chính sách quản trị tốt, thiên về hoạt động bền vững. Những nội dung như công thức đầu tư khởi nghiệp thành công, \"khẩu vị đầu tư\" thay đổi như thế nào trước và trong Covid-19, cách thức giúp doanh nghiệp chinh phục thị trường trong nước và vươn ra thế giới... sẽ được ba vị khách mời trao đổi, bàn luận trong talk Nguy - Cơ 35, phát sóng 10h sáng 22/7 trên VnExpress. Hoài Phong Talkshow Nguy - Cơ do VnExpress và đối tác S-world Multimedia phối hợp thực hiện. Chương trình là không gian để các doanh nghiệp, doanh nhân chia sẻ câu chuyện của mình, phân tích trực diện các vấn đề kinh doanh, cuộc chiến khốc liệt trên thương trường và đưa ra bài toán của tương lai. Host chương trình là doanh nhân, diễn giả Nguyễn Phi Vân. "
}