{
    "url": "https://vnexpress.net/doan-vieng-nguyen-tong-bi-thu-le-kha-phieu-khong-mang-vong-hoa-4146103.html",
    "label": "ThoiSu",
    "timestamp": "Thứ năm, 13/8/2020, 17:45 (GMT+7)",
    "title": "Đoàn viếng nguyên Tổng bí thư Lê Khả Phiêu không mang vòng hoa",
    "content": "Ngày 12/8, Thứ trưởng Bộ Văn hóa, Thể thao và Du lịch Nguyễn Văn Hùng gửi công điện đến các cơ quan, đề nghị thực hiện nội dung trên. Trong hai ngày quốc tang, công sở trong cả nước và cơ quan đại diện của Việt Nam ở nước ngoài treo cờ rủ; các địa phương và ban, bộ, ngành trung ương, cơ quan hành chính nhà nước... dừng, hoãn các hoạt động văn hóa nghệ thuật, thi đấu thể thao, vui chơi giải trí. Nguyên Tổng bí thư Lê Khả Phiêu từ trần lúc 2h52 ngày 7/8 ở tuổi 89, tại Hà Nội. Linh cữu ông được quàn tại Nhà tang lễ quốc gia, số 5 Trần Thánh Tông, Hà Nội. Lễ viếng từ 8h ngày 14/8 đến 12h ngày 15/8. Lễ truy điệu vào 12h30 cùng ngày, an táng tại nghĩa trang Mai Dịch, Hà Nội. "
}