{
    "url": "https://vnexpress.net/bao-hiem-pvi-tiep-them-mot-ty-dong-cho-tuyen-dau-chong-dich-4331607.html",
    "label": "DoanhNghiep",
    "timestamp": "Thứ tư, 28/7/2021, 10:30 (GMT+7)",
    "title": "Bảo hiểm PVI tiếp thêm một tỷ đồng cho tuyến đầu chống dịch",
    "content": "Trước diễn biến phức tạp của dịch Covid-19 tại Việt Nam, đặc biệt tại TP HCM và các tỉnh phía Nam, Bộ Y tế và các đơn vị trực thuộc Bộ, các tỉnh thành phố đã cử 10.000 cán bộ tăng cường hỗ trợ các tỉnh miền Nam chống dịch lần thứ 4. Thấu hiểu những vất vả của tuyến đầu chống dịch, Tổng công ty Bảo hiểm PVI (Bảo hiểm PVI) thông qua Công đoàn ngành Y tế Việt Nam trao tặng 1 tỷ đồng cho cán bộ y tế. Lễ trao tặng diễn ra dưới hình thức trực tuyến tại các điểm cầu với sự tham dự của bà Phạm Thanh Bình- Chủ tịch Công đoàn Y tế Việt Nam, ông Phạm Anh Đức- Tổng giám đốc Bảo hiểm PVI cùng đại diện lãnh đạo hai bên. Bà Phạm Thanh Bình, đại diện Công đoàn Y tế cho biết đây là sự động viên tinh thần lớn lao với các chiến sĩ áo trắng tham gia vào đợt phòng, chống dịch lần này. Ông Phạm Anh Đức- Tổng giám đốc Bảo hiểm PVI cho biết, doanh nghiệp luôn quan tâm tới các hoạt động cộng đồng song song với kinh doanh. \"Với mong muốn đồng hành cùng Công đoàn Y tế Việt Nam trong công tác phòng, chống dịch Covid-19 đợt 4, Bảo hiểm PVI đã khẩn trương thực hiện các thủ tục để có thể trao tặng món quà ý nghĩ này đến cán bộ y tế một cách sớm nhất\", đại diện doanh nghiệp này cho biết. Trước đó, vào tháng 6, Bảo hiểm PVI và Công đoàn Y tế Việt Nam đã ký kết thỏa thuận hợp tác triển khai chương trình \"Bảo hiểm an toàn cho cán bộ Y tế trong giai đoạn phòng chống dịch Covid-19\". Doanh nghiệp cũng ủng hộ hơn 2 tỷ đồng cho Quỹ vắc xin của Chính phủ, các bệnh viện tuyến đầu chống dịch như Bệnh viện Thống Nhất (TP HCM), Bệnh viện Đại học Y, Bệnh viện Nhi Trung ương, Bệnh viện 108 (Hà Nội) và Sở Y tế TP HCM, Huế. Từ khi dịch bệnh Covid-19 bùng phát, Bảo hiểm PVI luôn bám sát chủ trương của Chính phủ về thực hiện \"mục tiêu kép\" vừa phòng chống dịch, vừa phát triển hoạt động kinh doanh. Các biện pháp phòng chống dịch Covid-19 đã được triển khai trên toàn hệ thống nhằm hạn chế tối đa ảnh hưởng tới hoạt động hàng ngày. 6 tháng đầu năm, Bảo hiểm PVI hoàn thành kế hoạch với tổng doanh ước đạt 5.443 tỷ đồng, hoàn thành 114,4% kế hoạch 6 tháng và 56,8% kế hoạch năm, tăng trưởng 12,7% so với cùng kỳ năm trước. Lợi nhuận trước thuế ước đạt 415 tỷ đồng, hoàn thành 64,2% kế hoạch năm và tăng trưởng 8,3% so với cùng kỳ 2020. Trong đó, doanh thu bảo hiểm gốc tăng trưởng 13% so với cùng kỳ năm trước và cao hơn bình quân thị trường. Bảo hiểm PVI cũng là một trong những doanh nghiệp dẫn đầu thị trường bảo hiểm trên các chỉ tiêu: tổng tài sản, doanh thu, lợi nhuận và tỷ suất lợi nhuận/vốn chủ sở hữu... "
}