{
    "url": "https://vnexpress.net/ong-nguyen-huu-tin-bi-de-nghi-khai-tru-dang-4133308.html",
    "label": "ThoiSu",
    "timestamp": "Thứ hai, 20/7/2020, 16:22 (GMT+7)",
    "title": "Ông Nguyễn Hữu Tín bị đề nghị khai trừ Đảng",
    "content": "Ngày 20/7, Ủy ban Kiểm tra Trung ương cho hay lý do đề nghị khai trừ Đảng ông Nguyễn Hữu Tín - nguyên Phó chủ tịch UBND TP HCM, và ông Đào Anh Kiệt - nguyên Giám đốc Sở Tài nguyên Môi trường TP HCM, do hai ông này \"vi phạm pháp luật nghiêm trọng\". Trước đó, ngày 31/12/2019, ông Nguyễn Hữu Tín đã bị phạt 7 năm tù, ông Đào Anh Kiệt 6 năm 6 tháng tù do chịu trách nhiệm chính về sai phạm giao đất công sản cho Vũ \"Nhôm\". HĐXX xác định, nhà đất rộng 5.000 m2 tại số 15 Thi Sách, quận 1, là tài sản Nhà nước nên việc sắp xếp lại phải tuân theo Ban chỉ đạo 09 (đứng đầu là Chủ tịch UBND TP HCM Lê Hoàng Quân). Từ năm 2014 đến 2016, Thứ trưởng Bộ Công an Bùi Việt Tân ký các công văn đề nghị UBND TP HCM, Bộ Văn hóa Thể thao - Du lịch \"tạo điều kiện\" cho Công ty Bắc Nam 79 do Phan Văn Anh Vũ (tức Vũ \"Nhôm\") làm Chủ tịch HĐQT (công ty bình phong) được thuê nhà đất 15 Thi Sách phục vụ mục đích an ninh quốc phòng. Ông Tín không báo cho Trưởng ban chỉ đạo 09 và Sở Tài chính tham mưu mà bút phê cho Lê Văn Thanh (phó Chánh Văn phòng UBND TP HCM) giao Sở Tài nguyên Môi trường hướng dẫn thủ tục. Nguyễn Thanh Chương (Trưởng Phòng đô thị UBND TP HCM) được giao soạn công văn để Thanh gửi cho Sở này. "
}