{
    "url": "https://vnexpress.net/doanh-nghiep-chia-se-voi-nguoi-kho-khan-o-tp-hcm-thoi-dich-4336704.html",
    "label": "DoanhNghiep",
    "timestamp": "Thứ bảy, 7/8/2021, 08:00 (GMT+7)",
    "title": "Doanh nghiệp chia sẻ với người khó khăn ở TP HCM thời dịch",
    "content": "Trong giai đoạn giãn cách xã hội vì Covid-19, như nhiều doanh nghiệp khác, Nakydaco - đơn vị sản xuất dầu ăn Con Két - gặp không ít biến động, ảnh hưởng đến sản xuất, kinh doanh. Bên cạnh nỗ lực khắc phục khó khăn, duy trì hoạt động và ổn định cuộc sống cán bộ công nhân viên, Nakydaco còn cố gắng chia sẻ với người dân trên tinh thần \"lá lành đùm lá rách, lá rách ít đùm lá rách nhiều\". Doanh nghiệp chuẩn bị 10.000 phần quà nhu yếu phẩm gồm: dầu ăn, trứng, rau củ quả tươi, khẩu trang và nước sát khuẩn... trao tận tay người dân chịu ảnh hưởng nặng nề bởi dịch. Hoạt động hỗ trợ nhu yếu phẩm của Nakydaco diễn ra tại 21 quận huyện TP HCM và thành phố Thủ Đức, hướng đến những gia đình có hoàn cảnh khó khăn, người lao động, sinh viên, học sinh bị kẹt lại... Doanh nghiệp cũng phối hợp với cán bộ chống dịch các phường, giúp những món quà nhỏ đến tận tay bà con ở khu phong tỏa, cách ly. \"Những phần quà hỗ trợ từ Nakydaco phần nào hỗ trợ bà con giảm bớt khó khăn trong việc tìm mua nhu yếu phẩm hàng ngày. Quá trình phân phát, trao quà được diễn ra trật tự, tuân thủ đúng yêu cầu 5K cũng như các biện pháp phòng chống dịch\", đại diện doanh nghiệp nói. Công ty cổ phần dầu thực vật Tân Bình Nakydaco chuyên sản xuất dầu thực vật. Các sản phẩm của công ty được sản xuất trên dây chuyền trang thiết bị và kỹ thuật hiện đại từ các nước tiên tiến như Nhật Bản, Mỹ, Đức; tuân thủ nghiêm ngặt tiêu chuẩn quốc tế về an toàn vệ sinh thực phẩm ISO 22000. Hiện Nakydaco có tổng công suất trên 150.000 tấn mỗi năm, với hơn 200 nhà phân phối, đại lý rộng khắp cả nước. Doanh nghiệp cũng là đối tác tin cậy cung cấp nguyên liệu cho nhiều công ty chế biến thực phẩm sữa, mì ăn liền và xuất khẩu quốc. "
}