{
    "url": "https://vnexpress.net/cong-ty-bao-bi-bien-hoa-ho-tro-tp-hcm-1-100-giuong-giay-4305811.html",
    "label": "DoanhNghiep",
    "timestamp": "Thứ năm, 8/7/2021, 10:00 (GMT+7)",
    "title": "Công ty Bao bì Biên Hòa hỗ trợ TP HCM 1.100 giường giấy",
    "content": "Trong bối cảnh TP HCM đang tập trung các nguồn lực chống dịch, cả cộng đồng trong đó có các doanh nghiệp cũng nỗ lực đưa ra các giải pháp hiệu quả để tiếp sức cho tuyến đầu. Nhằm chia sẻ gánh nặng với chính quyền thành phố, nhiều cá nhân và tổ chức đã tích cực góp sức. Ở hậu phương, những gian hàng 0 đồng, bếp ăn từ thiện... liên tục ra đời trên khắp các con hẻm ở TP HCM. Ở tuyến đầu, đội ngũ y tế, tình nguyện viên của thành phố cũng đặc biệt nhận nhiều hỗ trợ từ các doanh nghiệp chung tay chống dịch. Gần đây nhất, Công ty Cổ phần Bao bì Biên Hoà (SOVI), thành viên của SCGP - ngành kinh doanh bao bì của Tập đoàn SCG, đã thiết kế, sản xuất và trao tặng 1.100 chiếc giường giấy cho Ủy ban Mặt trận Tổ quốc Việt Nam TP HCM. Để từ đó phân bổ cho 17 quận, huyện trên toàn thành phố và thành phố Thủ Đức, bao gồm cả những khu cách ly đông người nhất như ký túc xá Đại học Quốc gia. Trong bối cảnh số ca bệnh vẫn tăng cao, thành phố chủ trương mở rộng quy mô chỗ cách ly, sáng kiến giường giấy này góp phần kịp thời giải quyết nhu cầu cấp bách về trang bị giường, đồng thời giảm gánh nặng cho đội ngũ y tế trong việc vận chuyển và lắp đặt giường tại các bệnh viện dã chiến, khu cách ly tập trung. Giường giấy do SOVI sản xuất được làm từ giấy tái chế và thiết kế dựa theo nguyên tắc công thái học, có thể chịu lực đến 100 kg, vừa thoải mái và an toàn với người sử dụng. Với ưu điểm gọn nhẹ, dễ di chuyển, lắp ráp chỉ trong vài phút và thân thiện môi trường, thiết kế này là sáng kiến của đội ngũ nhân viên SCGP dựa trên kinh nghiệm và nền tảng chuyên môn trong lĩnh vực bao bì. Sản phẩm này từng được sử dụng thành công tại các bệnh viện dã chiến Bắc Giang và Hải Dương. Đánh giá về sự hỗ trợ này, đại diện Ủy ban Mặt trận Tổ quốc TP HCM cho biết, với thời gian gấp rút, một số khu cách ly chưa được trang bị đầy đủ cơ sở vật chất. Tuy nhiên nhờ sự hỗ trợ về trang thiết bị của SOVI, nhất là sản phẩm giường giấy tiện lợi, đã đáp ứng được nhu cầu cấp bách trong tình hình chống dịch hiện tại. Trước tình trạng các tỉnh thành lân cận TP HCM đang có nguy cơ lây nhiễm cao, Bao bì Biên Hòa cũng đã tiến hành trao tặng thêm 900 giường giấy cho các tỉnh Đồng Nai, Bình Dương và Long An nhằm hỗ trợ công tác phòng chống dịch tại các địa phương này. "
}