{
    "url": "https://vnexpress.net/ong-nguyen-van-suu-dieu-hanh-ubnd-tp-ha-noi-4145635.html",
    "label": "ThoiSu",
    "timestamp": "Thứ tư, 12/8/2020, 21:12 (GMT+7)",
    "title": "Ông Nguyễn Văn Sửu điều hành UBND TP Hà Nội",
    "content": "Chiều 12/8, Thành ủy Hà Nội thông báo đã phân công Phó chủ tịch Thường trực Nguyễn Văn Sửu, 59 tuổi, điều hành hoạt động Ban cán sự Đảng UBND TP Hà Nội, UBND TP Hà Nội. Theo Thành ủy Hà Nội, việc phân công trên \"để đảm bảo lãnh đạo, chỉ đạo, điều hành hoạt động của Ban Cán sự Đảng UBND TP Hà Nội và UBND TP Hà Nội trong thời gian ông Nguyễn Đức Chung bị đình chỉ chức vụ, đình chỉ công tác\". Thành ủy Hà Nội cũng phân công Phó chủ tịch UBND TP Ngô Văn Quý làm Trưởng ban chỉ đạo phòng, chống Covid-19 TP Hà Nội, vị trí mà ông Nguyễn Đức Chung đảm nhiệm trước khi bị đình chỉ. Ngày 11/8, Bộ Chính trị đình chỉ sinh hoạt Ban chấp hành Đảng bộ, Ban thường vụ Thành ủy Hà Nội và đình chỉ chức vụ Phó bí thư Thành ủy Hà Nội đối với ông Nguyễn Đức Chung, Ủy viên Trung ương Đảng, Phó bí thư Thành ủy, Chủ tịch UBND TP Hà Nội, \"để điều tra trách nhiệm có liên quan trong một số vụ án\". Cùng ngày, Thủ tướng quyết định tạm đình chỉ công tác với ông Nguyễn Đức Chung, thời hạn 90 ngày. Thiếu tướng Tô Ân Xô, Chánh văn phòng, người phát ngôn Bộ Công an, cho hay cơ quan chức năng đang làm rõ việc ông Nguyễn Đức Chung \"liên quan ba vụ án\". UBND TP Hà Nội hiện có sáu phó chủ tịch, gồm các ông: Lê Hồng Sơn, Nguyễn Văn Sửu, Nguyễn Quốc Hùng, Nguyễn Doãn Toản, Ngô Văn Quý, Nguyễn Thế Hùng. Trong đó ông Nguyễn Văn Sửu là Phó chủ tịch Thường trực. "
}