{
    "url": "https://vnexpress.net/dac-quyen-trong-xuong-bao-duong-rolls-royce-chinh-hang-tai-ha-noi-4336881.html",
    "label": "DoanhNghiep",
    "timestamp": "Thứ bảy, 7/8/2021, 10:00 (GMT+7)",
    "title": "Đặc quyền trong xưởng bảo dưỡng Rolls-Royce chính hãng tại Hà Nội",
    "content": "Đại diện nhà phân phối Rolls-Royce chính hãng tại Việt Nam, ông Malarvanan R. Murugaiah, Giám đốc khối Dịch vụ Hậu mãi của S&S Group cho biết hãng đã tiếp quản và nâng cấp xưởng bảo hành, bảo dưỡng tại Việt Nam, theo tiêu chuẩn chính hãng, nhằm phục vụ khách hàng của thương hiệu xe siêu sang. \"Chúng tôi đã tuyển dụng nhân sự chất lượng cao, đầu tư trang thiết bị, cam kết sẽ đem lại dịch vụ sau bán hàng tốt nhất tới các khách hàng của Rolls-Royce\", ông Malarvanan nói. \"Xưởng bảo hành, bảo dưỡng xe đạt chứng nhận từ Rolls-Royce, có thể kiểm tra toàn bộ tình trạng hoạt động của xe theo tiêu chuẩn từ hãng tại Anh\". Với khách mua xe chính hãng từ nhà phân phối, Rolls-Royce cung cấp ba đặc quyền tiêu biểu (nhưng không giới hạn) và miễn phí trong 4 năm đầu với các hạng mục: thay dầu động cơ sau mỗi 15.000 km (hoặc 12 tháng), thay nước mát và dầu phanh. Chủ xe sẽ được hãng liên hệ, cập nhật hệ thống phần mềm mới nhất, tương tự xe tại các quốc gia khác trên thế giới. Toàn bộ vật tư, phụ tùng đều được nhập khẩu trực tiếp từ Rolls–Royce Motor Cars, tương ứng các đặc quyền dịch vụ bảo hành, bảo dưỡng đi kèm, dành riêng cho khách mua xe từ nhà phân phối chính hãng. Trong trường hợp cần thiết, chủ xe sẽ được hỗ trợ kỹ thuật từ trụ sở chính của hãng tại nhà máy Goodwood, Anh. Đặc biệt hơn, nhà phân phối S&S Automotive có thể điều phối kỹ thuật viên của Rolls-Royce về Việt Nam, xử lý trực tiếp những vấn đề mà khách sử dụng xe gặp phải. Toàn bộ quy trình sửa chữa, bảo dưỡng xe tại nhà phân phối này đều dựa trên các hưỡng dẫn từ Rolls-Royce Motor Cars tại Goodwood. Đại diện nhà phân phối Rolls-Royce tại Việt Nam cho biết, các mẫu xe của hãng có ba yếu tố tiêu biểu, quy trình sản xuất tỉ mỉ, phức tạp và yếu tố thủ công, đạt đúng tiêu chuẩn đề ra của Goodwood, bao gồm: sơn ngoại thất, chi tiết ốp gỗ và da. Do vậy, những chiếc xe Rolls–Royce luôn cần được chăm sóc theo quy chuẩn chính hãng khi cần thiết. Trong đó, màu sơn độc đáo của những chiếc Rolls-Royce được tạo ra từ tối thiểu 4 lớp, được các nghệ nhân của hãng đánh bóng bằng lông cừu trong suốt 5 tiếng, để đạt hiệu ứng gương đặc thù. Ngoài ra, vật liệu gỗ tại Rolls-Royce được bảo quản ở nhiệt độ 23 độ c, độ ẩm 80% trước khi lắp đặt lên xe. Các nghệ nhân của hãng tạo hình thủ công, phủ lên nhiều lớp sơn mài, đánh bóng để đạt hiệu ứng phản chiếu như gương. Các vân gỗ được tinh chỉnh nhằm đạt độ đối xứng tối đa, hoàn thiện trong hơn 1 tháng. Tùy vào mỗi chiếc xe, các nghệ nhân thuộc da tại Rolls-Royce cần đến 15 ngày, 450 mảnh da để chế tác bên trong nội thất. Từng mảnh da sẽ được kiểm tra bằng mắt thường bởi các chuyên gia, sử dụng công nghệ cắt laser chính xác. Tuấn Vũ (Ảnh: RRMC) Được sự tín nhiệm của Công ty Rolls-Royce Motor Cars, Công ty cổ phần S&S Automotive là Đại lý Ủy quyền nhập khẩu, phân phối và bảo dưỡng ôtô Rolls-Royce chính thức tại Việt Nam. Với mong muốn truyền tải những giá trị nghệ thuật và lý tưởng hướng đến sự hoàn mỹ của thương hiệu, S&S Automotive (Rolls-Royce Motor Cars TP Hồ Chí Minh) sẽ đồng hành cùng quý khách hàng trên những hành trình trải nghiệm riêng biệt và đầy cảm xúc. Boutique Rolls-Royce Motor Cars TP. Hồ Chí Minh: Union Square Shopping Center, 171 Đồng Khởi, Quận 1. Hotline: 081 977 8558. Giờ mở cửa: 9:00 am – 10:00 pm từ thứ hai đến Chủ nhật. Xưởng dịch vụ của Rolls-Royce Motor Cars đã hoạt động tại địa chỉ: S&S Automotive Service Centre Hanoi, số 5 Nguyễn Văn Linh, Gia Thụy, Long Biên. Hotline: 0868 190 485. "
}