{
    "url": "https://vnexpress.net/acv-duoc-xem-xet-tang-von-dieu-le-4330370.html",
    "label": "DoanhNghiep",
    "timestamp": "Chủ nhật, 25/7/2021, 22:14 (GMT+7)",
    "title": "ACV được xem xét tăng vốn điều lệ",
    "content": "Văn phòng Chính phủ vừa thông báo kết luận của Phó thủ tướng Lê Minh Khái tại cuộc họp về phương án chia cổ tức, phân phối lợi nhuận sau thuế các năm 2019, 2020 và giai đoạn 2021-2025 của Tổng công ty Cảng hàng không Việt Nam (ACV). Theo đó, Phó thủ tướng đồng ý với chủ trương sử dụng lợi nhuận sau thuế của ACV để đầu tư tăng vốn nhà nước tại doanh nghiệp này. Việc này được giải thích nhằm tạo điều kiện cho ACV có thêm nguồn vốn thực hiện các dự án quan trọng, trọng điểm quốc gia đã được nhà nước giao trong bối cảnh hoạt động sản xuất kinh doanh bị ảnh hưởng nặng nề bởi Covid-19. Phó thủ tướng Lê Minh Khái giao Uỷ ban Quản lý vốn Nhà nước tại doanh nghiệp giải trình, tiếp thu và hoàn thiện phương án đề xuất cụ thể về chủ trương tăng vốn cho ACV, gửi Bộ Tài chính trong tháng 7. Bộ Tài chính chủ trì, phối hợp với các Bộ: Kế hoạch & Đầu tư, Tư pháp và Giao thông Vận tải đánh giá, thẩm định đề xuất tăng vốn cho ACV của Uỷ ban Quản lý vốn nhà nước tại doanh nghiệp, trình Thủ tướng trước ngày 15/8. Theo Nghị định 140/2020, ACV thuộc đối tượng chỉ được trích tối đa 30% lợi nhuận sau thuế hàng năm được phân phối vào Quỹ đầu tư phát triển doanh nghiệp. Khoản lợi nhuận còn lại sau khi trích vào Quỹ phúc lợi cho người lao động, quỹ thưởng người quản lý doanh nghiệp, sẽ chia cổ tức bằng tiền mặt cho cổ đông. Năm 2020, ACV ghi nhận doanh thu hợp nhất 10.159 tỷ đồng, chỉ bằng một nửa so với 2019. Lợi nhuận sau thuế 2020 đạt 1.642 tỷ đồng, bằng 20% năm 2019. Vốn chủ sở hữu của ACV tới hết năm 2020 là 37.565 tỷ đồng, tăng hơn 2% so với 2019; hơn 8.541 tỷ đồng lợi nhuận sau thuế chưa phân phối. Năm nay doanh nghiệp này dự báo đạt 10.564 tỷ đồng về doanh thu và lợi nhuận trước thuế 2.359 tỷ đồng, nếu Covid-19 được kiểm soát vào tháng 8. "
}