{
    "url": "https://vnexpress.net/them-dau-ra-cho-nong-san-viet-voi-thuong-mai-dien-tu-4303710.html",
    "label": "DoanhNghiep",
    "timestamp": "Thứ bảy, 3/7/2021, 14:30 (GMT+7)",
    "title": "Thêm đầu ra cho nông sản Việt với thương mại điện tử",
    "content": "Tình hình dịch bệnh diễn biến phức tạp khiến nông sản nhiều nơi bị ùn ứ.Việc kêu gọi người dân cả nước tham gia hỗ trợ tiêu thụ nông sản cho các địa phương vùng dịch như Hải Dương, Bắc Giang, Vĩnh Phúc... chỉ là giải pháp ngắn hạn với mong muốn giảm bớt tổn thất cho người dân chứ chưa triệt để. Theo đó, đầu năm 2021, Bộ Công Thương triển khai nhiều hoạt động thúc đẩy tiêu thụ nông sản trong và ngoài nước, đưa nông sản Việt lên các sàn thương mại điện tử. Mở đầu là chương trình thí điểm đầu tiên với vải thiều từ tháng 3. Các sàn thương mại điện tử Việt Nam đã tích cực phối hợp với Bộ Công Thương, Cục xúc tiến Thương mại cùng các đơn vị phân phối nông sản, đưa ra nhiều chương trình hỗ trợ nông dân tiêu thụ có thêm đầu ra cho nông sản. Trong đó có ShopeeFarm của sàn thương mại điện tử Shopee. Khởi động từ tháng 4 với hình thức triển khai trên diện rộng, ShopeeFarm đi theo lối bền vững, không chỉ tập trung vào việc tìm đầu ra cho các nông sản. Chương trình còn giúp quảng bá các loại cây trái đặc sản khác của từng vùng miền trên khắp Việt Nam đến người tiêu dùng. Với ShopeeFarm, người dân được chia sẻ và học hỏi cách thức truyền thông cho sản phẩm cùng hợp tác xã, có cơ hội tiếp cận thêm nhiều đối tác trong và ngoài nước. Sản phẩm của hợp tác xã Quyết Thanh, Mộc Châu, Sơn La nhận nhiều sự quan tâm nhờ quảng bá rộng rãi bằng nhiều hình thức mới như livestream, các chương trình ưu đãi, giảm giá, miễn phí vận chuyển... tại các sự kiện mua sắm lớn mỗi tháng của sàn. Việc đóng gói hàng hóa đạt chuẩn giúp đảm bảo chất lượng sản phẩm, đáp ứng nhu cầu người dùng, góp phần tăng giá trị nông sản về chất lượng lẫn hình thức. ShopeeFarm đã hỗ trợ các hợp tác xã, hộ kinh doanh sầu riêng tại Tiền Giang phát triển thêm sản phẩm hộp sầu cắt múi, cấp đông. Sản phẩm mới bảo quản được lâu và tiêu thụ quanh năm, giảm thiểu nhiều hạn chế so với phương thức truyền thống. Hiện sầu riêng cấp đông được phân phối cho nhiều đối tác đa kênh và được đề nghị xuất khẩu ra nước ngoài. Nông dân hiện nay không còn phụ thuộc nhiều vào các hình thức vận chuyển truyền thống, thay vào đó tận dụng cách thức giao hàng mới nhanh chóng hơn từ sàn thương mại điện tử, mở rộng phạm vi đến các địa phương ở xa. Nhờ đó, mận Mộc Châu, Sơn La đến TP HCM và măng cụt tại Cầu Kè, Trà Vinh giao ra Hà Nội chỉ trong hời gian ngắn, đảm bảo độ tươi ngon của nông sản. Qua ShopeeFarm, nhà vườn có thể trực tiếp theo dõi phản hồi của khách hàng, kịp thời điều chỉnh mẫu mã, chất lượng sản phẩm; có điều kiện tìm hiểu và tiếp cận thị trường tốt hơn từ những phản ứng xác thực của người dùng thông qua sức mua và lượng đơn hàng; chủ động lên kế hoạch mùa vụ, hạn chế tồn đọng và nghiên cứu, phát triển những sản phẩm mới giá trị cao hơn. Đơn vị đã giúp các nhà vườn xử lý nhanh và đảm bảo chất lượng cho các sản phẩm nông sản tươi sống, sản phẩm được cho là khó tiêu thụ trong giai đoạn bị tác động bởi Covid-19. ShopeeFarm đặt mục tiêu hỗ trợ hợp tác xã, Sở Công Thương các địa phương trên khắp Việt Nam quảng bá và giới thiệu nông sản. Ngoài ra, đơn vị còn giúp xây dựng câu chuyện về hiệu quả kinh doanh trên sàn thương mại điện tử của các doanh nghiệp, hợp tác xã địa phương, hỗ trợ thúc đẩy nhiều đơn vị khác tham gia vào các chương trình ứng dụng thương mại điện tử, hưởng ứng lời kêu gọi của Chính phủ trong chuyển đổi số nông nghiệp. Trong quý III/2021, đại diện ShopeeFarm cho biết sẽ tiếp tục đồng hành cùng Cục Xúc tiến Thương Mại, Cục Thương mại điện tử và Kinh tế số, Bộ Công Thương, và Sở Công Thương các tỉnh Trà Vinh, Đồng Tháp, Hưng Yên, Bình Thuận, Đắk Lắk, Cần Thơ, triển khai chương trình giúp bà con tiêu thụ và quảng bá sản phẩm địa phương tới người dân trên cả nước. "
}