{
    "url": "https://vnexpress.net/vietlott-phat-hanh-xo-so-keno-tai-dia-phuong-khong-gian-cach-xa-hoi-4338546.html",
    "label": "DoanhNghiep",
    "timestamp": "Thứ tư, 11/8/2021, 08:00 (GMT+7)",
    "title": "Vietlott phát hành xổ số Keno tại địa phương không giãn cách xã hội",
    "content": "Sau một thời gian tạm dừng mở thưởng do ảnh hưởng của đại dịch Covid-19, Công ty Xổ số điện toán Việt Nam (Vietlott) phát hành trở lại sản phẩm Keno tại 40 tỉnh, thành phố không phải giãn cách xã hội theo Chỉ thị 16/CT-TTg. Đại diện Vietlott cho biết, sự trở lại của xổ số Keno hứa hẹn mang tới giải thưởng cho người chơi. Đây là sản phẩm có những lựa chọn dự thưởng đa dạng, mở thưởng liên tục 10 phút một lần. Các điểm bán vé số Vietlott cũng hứng khởi khi Vietlott thông báo bán vé trở lại. Một số chủ điểm bán vé thông tin, trong thời gian Vietlott ngừng hoạt động, rất nhiều người chơi vẫn thường xuyên liên hệ mua vé, hỏi thời gian hoạt động trở lại, dặn báo ngay khi mở bán. Các điểm bán hàng cũng chuẩn bị các biện pháp phòng dịch như khẩu trang y tế, nước sát khuẩn, vạch khoảng cách an toàn để có thể đón tiếp khách hàng mua vé số, đảm bảo tuân thủ các quy định về phòng dịch. Đại diện Vietlott cho biết thêm, dù mới mở bán vé số Keno trở lại nhưng ngay sáng 10/8, các điểm bán vé đã ghi nhận doanh số khả quan. Chị Thu Hiền, chủ một điểm bán vé ở Gia Lai cho biết, điểm bán vé số Vietlott đặt ngay cửa hàng tạp hóa của gia đình, nên vừa có quyết định hoạt động trở lại là chị mở bán ngay. Sáng nay, nhiều người đi ngang thấy, mua xổ số Keno. Do dịch Covid-19 vẫn đang diễn biến phức tạp, Vietlott khuyến cáo tất cả khách hàng, đại lý, điểm bán hàng tuân thủ và thực hiện các biện pháp phòng chống dịch theo hướng dẫn của chính quyền địa phương, thông điệp 5K của Bộ Y tế. Ngọc Phạm  "
}