{
    "url": "https://vnexpress.net/kinh-te-viet-nam-sang-cua-cho-dau-tu-dai-han-4329218.html",
    "label": "DoanhNghiep",
    "timestamp": "Thứ bảy, 31/7/2021, 11:45 (GMT+7)",
    "title": "'Kinh tế Việt Nam sáng cửa cho đầu tư dài hạn'",
    "content": "VnExpress vừa phối hợp với Dragon Capital Việt Nam thực hiện buổi webinar về chiến lược đầu tư tài chính. Sự kiện thu hút hàng chục nghìn lượt theo dõi trên báo VnExpress và Fanpage VnExpress cùng hàng trăm câu hỏi cũng như bình luận tương tác gửi về chương trình. Tham gia toạ đàm có các chuyên gia đến từ Công ty Quản lý quỹ Dragon Capital Việt Nam (DCVFM) gồm Tiến sĩ Lê Anh Tuấn- Giám đốc hoạch định chiến lược đầu tư, ông Trần Lê Minh- Giám đốc chi nhánh Hà Nội, ông Trần Anh Tuấn- Giám đốc phát triển kênh kinh doanh hợp tác và ông Nguyễn Sang Lộc, CFA - Trưởng phòng quản lý danh mục đầu tư. Mở đầu toạ đàm, ông Lê Anh Tuấn, Giám đốc chiến lược đầu tư của Dragon Capital Việt Nam chia sẻ chi tiết về bối cảnh thị trường vĩ mô nền kinh tế Việt Nam hiện tại và xu hướng thị trường chứng khoán hiện nay. Theo ông Lê Anh Tuấn, trong hai thập kỷ gần nhất, cổ phiếu là kênh đầu tư hấp dẫn nhất tại Việt Nam nếu xét về tỷ suất sinh lời. Trong đó, kênh đầu tư cổ phiếu có hiệu suất sinh lời bình quân khoảng 16% mỗi năm tính từ khi thị trường chứng khoán Việt Nam đi vào hoạt động từ năm 2000. Con số này vượt trội hơn mức sinh lời bình quân 11,9% của bất động sản, 9% của vàng, 8% của tiền gửi và chỉ 2,2% của đôla Mỹ, trong cùng khung thời gian 21 năm. Tuy nhiên chuyên gia này cũng đánh giá, đầu tư chứng khoán là một kênh tương đối phức tạp với số đông. Nên thay vì tìm cách chọn một số mã, cách đầu tư được xem là hiệu quả nhất với những người mới tham gia thị trường là đầu tư bình quân theo VN-Index. Kết thúc phần chia sẻ, giám đốc chiến lược đầu tư của Dragon Capital Việt Nam khẳng định, kinh tế vĩ mô Việt Nam khá sáng về trung và dài hạn. Tình hình Covid-19 nghiêm trọng sẽ qua với số lượng vaccine ngày càng tăng. Bên cạnh đó, do dịch Covid-19, lãi suất thấp sẽ tạo điều kiện thuận lợi cho thị trường vốn. Với các nhà đầu tư, nên đầu tư từ sớm kể từ số tiền nhỏ hàng tháng, mục tiêu tài chính dài hạn không nên bị chi phối bởi yếu tố ngắn hạn. Tiếp nối buổi toạ đàm, ông Nguyễn Sang Lộc, CFA - Trưởng phòng quản lý danh mục đầu tư chia sẻ về những yếu tố mà nhà đầu tư F0 cần quan tâm cũng như các bước cần có trong chiến lược đầu tư dài hạn. Theo ông Lộc, với các nhà đầu tư mới việc đầu tiên là trang bị những kiến thức cơ bản để nắm được sự vận động lên xuống của thị trường, so sánh cơ hội đầu tư vào các loại tài sản khác nhau trong dài hạn. Những năm gần đây, thị trường chứng khoán Việt Nam phát triển ở tầm cao mới về chất và lượng. \"Quy mô chứng khoán hiện nay chiếm hơn 80% GDP của Việt Nam, nhiều doanh nghiệp chủ động niêm yết trên sàn. Sự dịch chuyển trong dòng vốn đầu tư thời gian tới sẽ từ kênh ngân hàng chuyển qua kênh thị trường vốn trung và dài hạn. Cuối cùng sự ứng dụng công nghệ trong lĩnh vực tài chính khiến nhà đầu tư tiếp cận những sản phẩm đầu tư mới, nhanh chóng, thuận tiện\", ông Lộc chia sẻ tại toạ đàm. Dù vậy, chuyên gia này cũng nhận định, các nhà đầu tư mới không nên lệ thuộc vào công nghệ, bởi dòng tiền đầu tư chỉ phát huy tối đa hiệu quả khi nhà đầu tư nắm giữ dài hạn để lợi nhuận tích luỹ qua hàng năm. Còn về kế hoạch đầu tư dài hạn, ông Nguyễn Sang Lộc cũng đồng ý với ông Lê Anh Tuấn, cho rằng, thị trường Việt Nam có sự vận động lên xuống nhưng trong trung và dài hạn, xu hướng tăng đi lên, do đó, trong thời gian nắm giữ đầu tư dài hạn, rủi ro mất vốn là rất thấp. Bên cạnh thị trường cổ phiếu, nhiều nhà đầu tư cũng quan tâm đến trái phiếu. Theo ông Trần Lê Minh- Giám đốc chi nhánh Hà Nội, trái phiếu Việt Nam rất phát triển nhưng không bằng cổ phiếu với quy mô khoảng 2,2 triệu tỷ đồng, bao gồm hai loại là trái phiếu do Chính phủ phát hành và trái phiếu do doanh nghiệp phát hành. Trong đó, quy mô trái phiếu Chính phủ rơi vào khoảng 1,3 triệu tỷ đồng, còn lại khoảng 950.000 tỷ đồng là trái phiếu doanh nghiệp. Khoảng 20 năm trở lại, mức độ lợi nhuận bình quân khi đầu tư trái phiếu là 9,5% một năm. \"Đây là kênh đầu tư nên được quan tâm, đặc biệt trong đầu tư ngắn hạn vì lợi nhuận tốt hơn so với gửi tiết kiệm lại ít rủi ro\", ông Minh lý giải. Bình quân 6 tháng đầu năm, hàng ngày, thị trường trái phiếu giao dịch 13.500 tỷ đồng trong một phiên giao dịch, trong khi tháng đỉnh cao của chứng khoán là 27.500 tỷ đồng. Thị trường trái phiếu có đặc trưng là dành riêng cho các nhà đầu tư có tổ chức. Các nhà đầu tư cá nhân thông thường sẽ phải tham gia thông qua đầu tư vào các chứng chỉ quỹ mở, thuộc về các quỹ. Sau phần chia sẻ về bối cảnh thị trường và khuyến nghị cho nhà đầu tư F0, toạ đàm chuyển sang phần thảo luận thứ hai- Chiến lược đầu tư dài hạn qua quỹ mở. Tại phần này, độc giả được hiểu sâu hơn về quỹ mở, bản chất của loại hình đầu tư này cũng như xu hướng phát triển của quỹ đầu tư mở tại Việt Nam hiện nay. Theo ông Trần Anh Tuấn- Giám đốc phát triển kênh kinh doanh hợp tác Dragon Capital Việt Nam, quỹ mở là nơi tập trung tiền đầu tư của các nhà đầu tư cá nhân và tổ chức, do một công ty quản lý quỹ chuyên nghiệp quản lý. Cơ chế vận hành được giám sát chặt chẽ bởi nhiều bên gồm Uỷ ban chứng khoán nhà nước, ngân hàng giám sát, công ty kiểm toán nhằm bảo vệ quyền lợi của nhà đầu tư. \"Quỹ mở không nắm giữ tiền đầu tư của khách hàng mà chỉ có nhiệm vụ tìm kiếm cơ hội đầu tư tốt nhất, phù hợp với chiến lược đầu tư của quỹ, đề xuất cho ngân hàng giám sát thực hiện giải ngân đầu tư. Quỹ hoạt động như một công ty cổ phần. Việt Nam có mô hình quỹ mở từ năm 2013, đến nay có khoảng hơn 45 quỹ đang hoạt động, gồm quỹ hỗn hợp, quỹ trái phiếu, quỹ ETF với tổng tài sản quản lý khoảng 425.000 tỷ, chiếm 5% GDP. Số lượng tài khoản chứng chỉ quỹ chỉ khoảng 200.000. Thị tường quỹ mở còn mới mẻ, non trẻ, còn nhiều tiềm năng trong thời gian tới\", ông Trần Anh Tuấn đánh giá. Theo ông Lộc, việc cân nhắc giữa đầu tư chứng khoán thông qua quỹ mở và trực tiếp tham gia vào thị trường hoàn toàn phụ thuộc vào tình hình tài chính cũng như khẩu vị rủi ro, sở thích của nhà đầu tư. Cụ thể, nếu đầu tư vào quỹ mở, chỉ cần vài trăm nghìn mỗi lần là nhà đầu tư có thể sở hữu danh mục đa dạng gồm nhiều công ty tốt, trong khi đầu tư trực tiếp cần khoảng vài trăm triệu để được như vậy. \"Danh mục đa dạng là yếu tố thường bị nhà đầu tư mới xem nhẹ. Việc đầu tư bao gồm rủi ro, có thể lời có thể lỗ. Nhưng việc sở hữu danh mục đa dạng có thể giúp nhà đầu tư cân bằng rủi ro và lợi nhuận. Khi kiên trì nắm giữ danh mục dài hạn thì sinh ra lợi nhuận bền vững\", ông Lộc chia sẻ bí quyết đầu tư. Yếu tố thứ hai để nhà đầu tư cân nhắc lựa chọn hình thức đầu tư là phụ thuộc vào khả năng tìm tòi, nghiên cứu thông tin. Trong khi nếu mua chứng chỉ quỹ, việc này được thực hiện bởi các chuyên gia của quỹ. Ông cũng bật mí, Dragon Capital Việt Nam hiện quản lý nhiều quỹ mở, với tỷ lệ tăng trưởng 15,6% mỗi năm suốt 10 năm qua. \"Dù đầu tư quỹ mở hay trực tiếp, nhà đầu tư cũng cần trang bị kiến thức, xây dựng phương pháp đầu tư cách tiếp cận bài bản, rèn luyện hành vi tâm lý giao dịch, kiên định với vấn đề đầu tư dài hạn\", vị chuyên gia khẳng định. Trường hợp nhà đầu tư không thích chấp nhận rủi ro từ cổ phiếu, có thể lựa chọn quỹ trái phiếu, ông Trần Lê Minh tư vấn thêm tại toạ đàm. Theo ông, các quỹ trái phiếu đang có tổng tài sản lớn nhất lại tăng trưởng nhanh. Tháng 6/2019 quy mô các quỹ này là gần 13.000 tỷ đồng, đến nay đã đạt khoảng 31.000 tỷ đồng, thu hút dòng tiền đầu tư khá tốt. Nguyên nhân là do đảm bảo an toàn và kết quả đầu tư tốt. Tiếp nối buổi chia sẻ, điều phối viên đặt câu hỏi: Với tình hình biến động của thị trường chứng khoán trong năm nay thì thời điểm nào là hợp lý để tham gia quỹ mở? Trả lời câu hỏi này, ông Tuấn Trần cho biết, hiện nay, thị trường có nhiều dòng sản phẩm quỹ mở, từ rủi ro thấp đến cao. Dưới sự biến động thị trường, đầu tư chứng chỉ quỹ lúc này là phù hợp và cần làm ngay với số vốn ít ỏi, đầu tư đều đặn qua các năm. \"Mục tiêu tài chính dài hạn không nên bị chi phối bởi các yếu tố ngắn hạn\", ông Tuấn Trần nhắc lại thông điệp đầu tư mà ông Lê Anh Tuấn chia sẻ đầu toạ đàm. Vị chuyên gia cũng đề cấp 4 yếu tố cần xem xét khi lên kế hoạch đầu tư. Một là đánh giá uy tín, bề dày kinh nghiệm của công ty. Hai là xem hiệu quả tăng trưởng của các quỹ qua các năm. Ba là sự tiện lợi trong giao dịch. Và cuối cùng là chất lượng dịch vụ. Ông Tuấn Trần cũng không ngại chia sẻ chiến lược đầu tư cá nhân tới độc giả của VnExpress. \"Hãy tiết kiệm và tái đầu tư khoản thu nhập. Tiết kiệm để đầu tư là chiến lược hướng đến tương lai thịnh vượng\", ông Tuấn Trần nói. Tiếp đó, toạ đàm dành khoảng 30 phút để các chuyên gia trả lời những câu hỏi của độc giả gửi về cho chương trình. Các câu hỏi xoay quanh vấn đề nên đầu tư dài hạn như thế nào, xu hướng phát triển của thị trường chứng khoán sau đại dịch, những ngành phát triển nhanh sau Covid-19... Kết thúc toạ đàm, các chuyên gia đều gửi lời chia sẻ ngắn gọn đến các nhà đầu tư. Ông Lê Minh cho rằng, \"công thức\" đầu tư thành công là đầu tư tích luỹ, đầu tư dài hạn, có kỷ luật. Ông Lộc đồng tình với ý kiến này và khuyên các nhà đầu tư nên đầu tư từ sớm, với số tiền nhỏ, duy trì đầu tư đều đặn qua nhiều năm. \"Tiềm năng phát triển của quỹ mở còn bao la, nếu là người không chuyên trong lĩnh vực tham gia, nhà đầu tư nên giao lĩnh vực đó cho công ty chuyên nghiệp để đảm bảo các khoản đầu tư tăng trưởng tốt, đáp ứng nhu cầu về mặt lợi nhuận\", ông Tuấn Trần kết luận cuối toạ đàm. Do thời lượng chương trình có hạn, các chuyên gia chỉ giải đáp một số câu hỏi tiêu biểu. Ban tổ chức cũng chọn ra 10 độc giả có câu hỏi hay nhất gửi về chương trình để trao giải thưởng là e-voucher trị giá 500.000 đồng. Xem danh sách độc giả nhận quà từ chương trình tại đây. Đăng ký nhận tài liệu tại đây. "
}