{
    "url": "https://vnexpress.net/novozymes-ung-dung-enzym-de-san-xuat-chat-tay-rua-4302361.html",
    "label": "DoanhNghiep",
    "timestamp": "Thứ năm, 8/7/2021, 08:00 (GMT+7)",
    "title": "Novozymes ứng dụng enzym để sản xuất chất tẩy rửa",
    "content": "Để sản phẩm chất tẩy rửa mang lại hiệu quả lại có mức giá hợp lý, các nhà sản xuất phải kết hợp nhiều loại hóa chất (như chất hoạt động bề mặt, polyme, chất nền) cùng với các thành phần sinh học như enzyme. Tuy nhiên, hầu hết thành phần hóa học trong công thức đều dựa trên những chuỗi giá trị phức tạp, có liên quan với nhau, tức là bị ảnh hưởng bởi các yếu tố như giá cả và tình trạng (còn hoặc khan hiếm hàng). Đại diện Novozymes cho biết, chất hoạt động bề mặt được sử dụng trong cả sản phẩm giặt bình dân và cao cấp, có tầm quan trọng vì chiếm phần lớn trong tổng chi phí sản xuất chất tẩy rửa. Do đó, để tối giảm chi phí, Novozymes đã nghiên cứu và ứng dụng thành công enzym trong sản xuất chất tẩy rửa. Các nghiên cứu của Novozymes cho thấy, enzyme là chất hỗ trợ hiệu quả, giúp chất hoạt động bề mặt dễ dàng loại bỏ các vết bẩn trên vải hơn. Do đó, enzyme cho phép giảm liều lượng của chất hoạt động bề mặt trong công thức chất tẩy rửa, mang lại trải nghiệm tốt hơn cho người tiêu dùng. \"Enzym không chỉ có nguồn cung đáng tin cậy mà giá cả cũng ổn định hơn. Điều này giúp bảo vệ các nhà sản xuất chất tẩy rửa và người tiêu dùng khỏi sự biến động của thị trường hóa chất\", bà Farhana - Giám đốc Tiếp thị, Giải pháp Sinh học cho người tiêu dùng Đông Nam Á tại Novozymes cho biết. Cũng theo bà Farhana, việc sử dụng enzym còn góp phần giảm thiểu lượng năng lượng tiêu thụ, cũng như lượng khí thải độc hại phát sinh trong quá trình sản xuất và sử dụng chất tẩy rửa. Kết quả lớn nhất là hướng tới mục tiêu phát triển bền vững trong cuộc chiến chống biến đổi khí hậu và mục tiêu giảm thiểu tác động đến môi trường của Việt Nam. Novozymes tích hợp tính bền vững vào cốt lõi hoạt động kinh doanh. Phương pháp tiếp cận tính bền vững của chúng tôi yêu cầu phải đem đến giá trị về kinh tế, xã hội và môi trường. Chúng tôi đạt được điều đó bằng cách tạo ra giá trị cho khách hàng và người tiêu dùng thông qua các sản phẩm tốt hơn với mức chi phí hấp dẫn và ít ảnh hưởng đến môi trường, đại diện doanh nghiệp này chia sẻ. Theo Dịch vụ Hàng hóa Độc lập Thông minh (ICIS), khoảng 20% ngành công nghiệp hóa chất của Mỹ bị đóng băng do trận bão tuyết ở Texas. Các nguồn cung cấp hóa chất chủ chốt đang được chuyển hướng đến Mỹ để bù đắp khoảng thiếu hụt này. Quá trình này làm giá cả tăng cao và gây ra tình trạng thiếu hụt ở các khu vực khác trên thế giới. Các sự kiện ở Mỹ hay tình trạng ùn tắc ở kênh đào Suez cũng góp phần gây gián đoạn các chuỗi cung ứng hóa chất xuyên lục địa trong những năm qua. Trước đó, vào năm 2017, trái tim của ngành công nghiệp hóa chất Mỹ tại vịnh Mexico đã bị tê liệt bởi cơn bão Harvey. Điều này tác động không nhỏ đến sự biến động giá cả và nguồn cung cấp nguyên liệu thô đối với nhà sản xuất chất tẩy rửa. Để tìm hiểu thêm về cách enzyme giúp cải thiện công thức và chi phí trong việc sản xuất các sản phẩm tẩy rửa gia đình, truy cập Cải thiện công thức với enzyme hoặc liên hệ với đại diện của Novozymes ở Việt Nam qua email Van.ngothibich@brenntag-asia.com, ĐT (+84) 988909193. Tuệ Minh "
}