{
    "url": "https://vnexpress.net/10-nam-dong-hanh-cung-taekwondo-viet-nam-cua-cj-4328965.html",
    "label": "DoanhNghiep",
    "timestamp": "Thứ hai, 26/7/2021, 09:00 (GMT+7)",
    "title": "10 năm đồng hành cùng Taekwondo Việt Nam của CJ",
    "content": "Trương Thị Kim Tuyền là đại diện duy nhất của Taekwondo Việt Nam tại thế vận hội Olympic Tokyo 2021. Cô thi đấu tranh huy chương ở hạng cân 49 kg. Những nỗ lực vừa qua không chỉ là niềm tự hào của Kim Tuyền, của tuyển Taekwondo Việt Nam mà còn là của những người đã sát cánh, đồng hành cùng các vận động viên suốt thời gian qua. Ít ai biết rằng, đằng sau những nỗ lực của Taekwondo Việt Nam có sự góp sức không nhỏ của một doanh nghiệp đến từ Hàn Quốc- CJ. Tập đoàn này còn là một trong những doanh nghiệp nước ngoài đầu tiên thực hiện chiến lược tài trợ thể thao dài hạn tại Việt Nam. Chiến lược đầu tư dài hạn cho Taekwondo Việt Nam Đây là năm thứ 10 CJ đồng hành cùng tuyển Taekwondo Việt Nam. \"Taekwondo là một bộ môn khá kén chọn cho cho các nhà tài trợ, mặc dù phong trào tập Taekwondo trong giới trẻ Việt Nam những năm gần đây có phần phát triển\", đại diện CJ đánh giá. Nhận thấy tiềm năng của Taekwondo Việt Nam, CJ đã bắt đầu công cuộc tìm kiếm và nuôi dưỡng các tài năng trẻ Việt Nam từ năm 2012. Chia sẻ về lý do tài trợ dài hạn cho Taekwondo Việt Nam, CJ cho biết, doanh nghiệp muốn phát triển vào những lĩnh vực thể thao mới, qua đó, trở thành chỗ dựa vững chắc cho các vận động viên trẻ tuổi thực hiện ước mơ. Đó cũng là mong muốn mà Chủ tịch Tập đoàn CJ luôn nhấn mạnh trong triết lý kinh doanh: \"Doanh nghiệp phải là nơi ươm mầm ước mơ cho người trẻ\". Với những vận động viên có tài năng, ước mơ và hoài bão, CJ sẽ đồng hành và chung tay giúp sức để tài năng ấy vươn tới thành công. Đó cũng chính là mục tiêu của chiến lược tài trợ thể thao của Tập đoàn CJ. Một thập kỷ giúp Việt Nam ghi danh trên 'bản đồ' Taekwondo thế giới Tập đoàn CJ bắt đầu trở thành nhà tài trợ chính của đội tuyển quốc gia Taekwondo nữ Việt Nam từ Thế vận hội mùa hè Olympic London 2012. Trải qua gần 10 năm thăng trầm cùng Taekwondo Việt Nam, CJ không những nỗ lực nâng cao kỹ thuật cho các vận động viên mà còn tài trợ toàn bộ chi phí huấn luyện trong và ngoài nước, các chi phí giúp vận động viên tham gia những giải đấu lớn thế giới nhằm tăng cường cơ hội cọ xát, trao dồi kinh nghiệm thi đấu. CJ đã mời ông Kim Kil Tae, huấn luyện viên đội tuyển Taekwondo trẻ Hàn Quốc sang Việt Nam làm huấn luyện viên đội tuyển quốc gia Taekwondo nữ Việt Nam từ năm 2017. Cũng từ năm này, không những tài trợ cho đội tuyển quốc gia Taekwondo nữ, CJ còn mở tài trợ cho cả đội tuyển quốc gia Taekwondo nam, với mục tiêu giúp Việt Nam trở thành \"quốc gia mới nổi\" trên bản đồ Taekwondo thế giới. \"Với việc hỗ trợ vận động viên và huấn luyện viên ra nước ngoài tập trung huấn luyện, CJ đã dồn hết tài lực cho mục tiêu giành huy chương cho Taekwondo Việt Nam nội dung Đối kháng tại Thế vận hội Olympic Tokyo 2020\", đại diện CJ chia sẻ. Cũng từ năm 2019, CJ đồng hành cùng Liên đoàn Taekwondo Việt Nam (VFT) tổ chức \"Giải vô địch Taekwondo các lứa tuổi trẻ toàn quốc CJ\" với nỗ lực tìm kiếm, ươm mầm các tài năng Taekwondo trẻ Việt Nam. Doanh nghiệp này kỳ vọng đưa Việt Nam trở thành trung tâm của bộ môn Taekwondo tại Đông Nam Á; đồng thời, mong muốn mở rộng giải đấu ra phạm vi giải đấu quốc tế toàn ASEAN. \"Con đường đồng hành cùng Taekwondo Việt Nam còn dài. Tập đoàn CJ cũng đang đặt ra những mục tiêu mới cho các tài năng Taekwondo. Hy vọng, Taekwondo Việt Nam sẽ gặt hái thêm nhiều chiến tích hơn nữa và trở thành một \"thế lực mạnh\" của Taekwondo thế giới\", đại diện CJ bày tỏ. CJ Group là một trong những tập đoàn lớn nhất tại Hàn Quốc, với doanh thu năm 2020 lên tới 27 tỷ USD. Tập đoàn này hoạt động trong 4 lĩnh vực kinh doanh chính: thực phẩm và dịch vụ thực phẩm, sinh học, kho vận và bán lẻ, giải trí và truyền thông. Đến nay, CJ đã mở rộng mạng lưới kinh doanh đa quốc gia đến 36 vùng lãnh thổ trên toàn thế giới. Con số nhân viên nước ngoài của tập đoàn này lên đến 64.000 người. CJ thành lập văn phòng đại diện tại TP HCM từ năm 1998. Sau hơn 20 năm có mặt tại Việt Nam, doanh nghiệp sở hữu nhiều thương hiệu tên tuổi như hệ thống rạp chiếu phim CGV, chuỗi bánh ngọt Tous les Jours, thực phẩm Cầu Tre, Bibigo, vận tải CJ Gemadept, thức ăn chăn nuôi Vina Agri... Tập đoàn đã mở rộng ra nhiều ngành nghề kinh doanh, từ thực phẩm, nguyên liệu thực phẩm, bánh ngọt và cà phê, kho vận, rạp chiếu phim, điện ảnh, truyền hình, cung cấp chuỗi khép kín thực phẩm, từ sản xuất thức ăn chăn nuôi và chăn nuôi gia súc, con giống, chăn nuôi lấy thịt và cửa hàng thịt sạch... nhằm cung cấp nguồn thực phẩm an toàn và dinh dưỡng vì sức khỏe người tiêu dùng Việt. Hiện nay, với việc đặt trọng tâm vào các ngành kinh doanh cốt lõi như thực thẩm, logistics, rạp phim, entertainment, CJ Việt Nam không những phát triển thị trường trong nước mà còn đẩy mạnh xuất khẩu. Tính đến cuối năm 2020, tập đoàn này đã đầu tư vào thị trường Việt Nam khoảng 880 triệu USD. Bên cạnh hoạt động kinh doanh, CJ cũng có những hoạt động cống hiến cộng đồng (CSR), chia sẻ giá trị cộng đồng (CSV) dài hạn. Tuệ Minh "
}