{
    "url": "https://vnexpress.net/vnpt-co-tong-giam-doc-moi-4306958.html",
    "label": "DoanhNghiep",
    "timestamp": "Thứ sáu, 9/7/2021, 14:38 (GMT+7)",
    "title": "VNPT có tổng giám đốc mới",
    "content": "Uỷ ban Quản lý vốn Nhà nước tại doanh nghiệp (CMSC) vừa bổ nhiệm ông Huỳnh Quang Liêm vào Hội đồng thành viên của VNPT nhiệm kỳ 5 năm. Đồng thời, CMSC cũng giao ông Liêm chính thức giữ chức tổng giám đốc doanh nghiệp này. Sinh năm 1970, ông Liêm là kỹ sư điện tử của Trường Đại học Bách khoa - Đại học Quốc gia TP HCM và lấy bằng Thạc sĩ điện tử viễn thông tại Đại học New South Wales (Australia). Ông gia nhập VNPT từ năm 1992 và trải qua nhiều vị trí công tác, trong đó từng làm giám đốc VNPT TP HCM từ tháng 12/2015 đến tháng 3/2017. Ông Liêm từng là Phó tổng giám đốc từ tháng 12/2015. Đến ngày 15/3, ông làm quyền Tổng giám đốc VNPT thay cho ông Phạm Đức Long. Trước đó, ông Long kiêm nhiệm 2 vị trí Chủ tịch và Tổng giám đốc VNPT. "
}