{
    "url": "https://vnexpress.net/sovico-ho-tro-gap-hon-70-ty-dong-chong-dich-tai-tp-hcm-4328529.html",
    "label": "DoanhNghiep",
    "timestamp": "Thứ năm, 22/7/2021, 12:08 (GMT+7)",
    "title": "Sovico hỗ trợ gấp hơn 70 tỷ đồng chống dịch tại TP HCM",
    "content": "Ngày 22/7, nằm trong các hoạt động hỗ trợ chống dịch Covid-19 của tập đoàn Sovico, Vietjet và HDBank đã trao tặng 10 xe cứu thương cho Sở Y tế TP HCM. Hai doanh nghiệp này cũng tài trợ hơn 1.000 giường bệnh cho các khu chăm sóc tích cực tại các bệnh viện của thành phố. Tổng cộng, Tập đoàn Sovico ước tính đã chi hơn 70 tỷ đồng hỗ trợ cho các công tác thiện nguyện, phòng chống dịch bệnh trong đợt này tại TP HCM. Bên cạnh đó, chương trình \"Bữa cơm yêu thương\" do nữ doanh nhân Nguyễn Thị Phương Thảo cùng cán bộ công nhân viên phát động đã cung cấp hơn 600.000 suất cơm, hàng chục tấn lương thực, thực phẩm trong hơn một tháng qua. Mỗi ngày 20.000 phần cơm chay và mặn miễn phí được chương trình này chuyển đến bác sĩ ở các bệnh viện dã chiến, khu cách ly, những hoàn cảnh khó khăn. Mỗi phần ăn gồm cơm, rau, canh và món chính sẽ thay đổi theo từng ngày, kèm thêm sữa tươi, trứng gà hoặc trái cây. Đối với các y bác sĩ, các tình nguyện viên làm việc tại các cơ sở y tế, chương trình chuẩn bị những phần ăn đủ dưỡng chất, đa dạng món ăn, tráng miệng. Ngoài các suất cơm, chương trình cũng trao tặng các phần quà gồm gạo, mì tôm và các loại gia vị thiết yếu nhằm đảm bảo cuộc sống cho các gia đình nghèo trong khu vực bị phong toả. \"Bếp ăn của chương trình nổi tiếng từ lâu bởi gạo nấu ngon và sạch, hôm nay nhận được hộp cơm mình thấy rất vui, chưa khi nào nghĩ có ngày mình cần đến nhận cơm từ thiện\", chị Ngọc Anh, một người dân trong khu vực phong toả tại TP HCM nói. Song song với các hoạt động trên, Vietjet đã chuyên chở miễn phí hơn 2.000 y bác sĩ từ khắp các tỉnh thành vào TP HCM hỗ trợ chống dịch. Các chuyến bay Vietjet cũng hỗ trợ vận chuyển vaccine và các trang thiết bị y tế. Đại diện hãng bay cho biết, Vietjet sẽ tiếp tục chuyên chở miễn phí, tiếp sức cho TP.HCM và các tỉnh phía nam trong những ngày tới. Bà Nguyễn Thị Phương Thảo cũng là một trong những doanh nhân tích cực nhất trong việc kêu gọi cộng đồng ủng hộ cho Quỹ vaccine phòng chống Covid-19 thông qua website chính thức https://quyvacxincovid19.gov.vn/. Một trong những hoạt động kêu gọi đóng góp cho Quỹ là chương trình hoà nhạc trực tuyến quốc tế, được tài trợ bởi tập đoàn Sovico. Lần đầu tiên, buổi hoà nhạc trực tuyến của Nhà hát nhạc vũ kịch TP HCM được tổ chức từ các đầu cầu tại Mỹ, Anh, Australia, Hàn Quốc, Nhật Bản... phát sóng trực tiếp trên truyền hình quốc gia. "
}