{
    "url": "https://vnexpress.net/honda-viet-nam-gop-12-ty-dong-vao-quy-vaccine-phong-covid-19-4300598.html",
    "label": "DoanhNghiep",
    "timestamp": "Chủ nhật, 27/6/2021, 12:00 (GMT+7)",
    "title": "Honda Việt Nam góp 12 tỷ đồng vào Quỹ vaccine phòng Covid-19",
    "content": "Số tiền 12 tỷ đồng được Honda Việt Nam đóng góp vào Quỹ vaccine phòng chống Covid-19 trong buổi lễ diễn ra tại Bộ Tài chính. Sự kiện này có sự tham dự của ông Lê Hữu Phúc, Phó Tổng giám đốc thứ Nhất Honda Việt Nam. Phát biểu tại sự kiện, ông Lê Hữu Phúc cho rằng, Honda Việt Nam ngoài việc thúc đẩy nền kinh tế với lĩnh vực ôtô xe máy, hãng còn nỗ lực hỗ trợ cộng đồng bằng các hoạt động tích cực và cụ thể. \"Ủng hộ Quỹ vaccine phòng chống Covid-19, Honda Việt Nam mong muốn chung tay cùng Chính phủ và người dân trong công tác phòng chống dịch bệnh, góp phần đưa vaccine về nước nhanh hơn\", Phó Tổng Giám đốc thứ Nhất của hãng nói. Từ khi Covid-19 xuất hiện và bùng phát tại Việt Nam, Honda là một trong những doanh nghiệp có nhiều đóng góp, chung tay cùng người dân cả nước chống dịch. Trước đó, hãng này đã đóng góp 10 tỷ đồng vào Quỹ phòng chống dịch Covid-19, do Ủy ban Trung ương Mặt trận Tổ quốc phát động. Tháng 4/2020, hãng trao 1 tỷ đồng đến Mặt trận Tổ quốc tỉnh Hà Nam, trao 5 xe HR-V cho Bộ Y tế nhằm hỗ trợ cho các đơn vị tuyến đầu chống dịch. Hai máy xét nghiệm Covid-19, 10 máy trợ thở được hãng trao cho tỉnh Vĩnh Phúc và Hà Nam. Ngoài ra, Honda Việt Nam cũng áp dụng nhiều biện pháp phòng ngừa dịch bệnh cho nhân viên, phát khẩu trang và nước rửa tay sát khuẩn miễn phí, xây dựng các quy định mới nhằm hạn chế tối đa khả năng lây nhiễm, tăng cường kiểm tra sức khỏe... Ra mắt đầu tháng 6, Quỹ vaccine phòng chống Covid-19 do Bộ Tài chính quản lý, huy động từ đóng góp của các doanh nghiệp, tổ chức, cá nhân trong và ngoài nước để phục vụ kinh phí mua, vận chuyển, bảo quản và phân phối vaccine. "
}