{
    "url": "https://vnexpress.net/toa-dam-truc-tuyen-nong-san-viet-chinh-phuc-thi-truong-quoc-te-4304530.html",
    "label": "Vief2021",
    "timestamp": "Thứ hai, 5/7/2021, 15:00 (GMT+7)",
    "title": "Tọa đàm trực tuyến 'Nông sản Việt chinh phục thị trường quốc tế'",
    "content": "Theo Cục Chế biến và Phát triển thị trường nông sản (thuộc Bộ Nông nghiệp và Phát triển Nông thôn), trong tháng đầu năm 2021, giá trị xuất khẩu nông, lâm, thuỷ sản đạt của Việt Nam ước đạt 3,49 tỷ USD, tăng 27,1% so với cùng kỳ năm ngoái. Trong đó, giá trị xuất khẩu các mặt hàng nông sản ước đạt 1,6 tỷ USD, tăng 28,9%. Trước đó vào năm 2020, bất chấp Covid-19 diễn biến phức tạp, kim ngạch xuất khẩu nông lâm thủy sản vẫn đạt khoảng 41,2 tỷ USD, duy trì 9 nhóm mặt hàng có kim ngạch xuất khẩu trên một tỷ USD. Đặc biệt, gỗ cùng sản phẩm gỗ, rau quả, hạt điều, gạo... đạt kim ngạch trên 3 tỷ USD. Nhiều chuyên gia trong nước và quốc tế cho rằng vẫn còn nhiều dư địa để thúc đẩy nông nghiệp Việt Nam phát triển. Nếu tập trung nâng cao năng suất, chất lượng, giá trị cũng như định hướng phát triển mạnh các sản phẩm chế biến sâu..., nông sản Việt có thể khẳng định thương hiệu, tên tuổi ở một tầm vóc mới trên trường quốc tế. Trung Quốc, EU, Mỹ, ASEAN, Nhật Bản và Hàn Quốc... lần lượt là những thị trường xuất khẩu nông sản lớn nhất của Việt Nam. Càng những thị trường lớn, yêu cầu càng khắt khe hơn. Nhằm phân tích sâu những vấn đề liên quan đến vị thế của nông sản Việt trên bản đồ thế giới; những thách thức, khó khăn khi chinh phục người tiêu dùng ở các quốc gia khó tính; cần đầu tư, thay đổi gì để tăng năng lực cạnh tranh, thúc đẩy nền kinh tế trọng điểm này ngày càng phát triển, VnExpress tổ chức tọa đàm kinh tế với chủ đề \"Nông sản Việt chinh phục thị trường quốc tế\", phát sóng lúc 14h ngày 6/7. Tham gia tọa đàm có ông Nguyễn Quốc Toản - Cục trưởng Cục Chế biến và Phát triển thị trường nông sản, Bộ Nông nghiệp và Phát triển Nông thôn. Ông Nguyễn Đình Tùng - Tổng giám đốc Công ty Xuất nhập khẩu Vina T&T Group kiêm Phó Chủ tịch Hiệp hội Rau quả Việt Nam, đang trực tiếp vận hành, tăng năng suất, chất lượng và đẩy mạnh xuất khẩu nông sản. Ngoài ra, chương trình còn có sự góp mặt của ông Phan Minh Thông - Chủ tịch HĐQT kiêm Tổng Giám đốc Công ty cổ phần Phúc Sinh (Phúc Sinh Group) - doanh nghiệp thành công xuất khẩu cà phê đạt chuẩn UTZ, BRC và nhiều sản phẩm sang những thị trường khó tính trên thế giới. Dẫn dắt tọa đàm là nhà báo Tuyết Anh từ VnExpress. \"Nông sản Việt chinh phục thị trường quốc tế\" thuộc chuỗi tọa đàm trong khuôn khổ Diễn đàn Kinh tế Việt Nam - ViEF 2021, do VnExpress và Ban Nghiên cứu Phát triển Kinh tế tư nhân (Ban IV) phối hợp tổ chức. Nội dung thảo luận xuyên suốt ViEF 2021 là \"giải pháp đột phá cho phát triển kinh tế Việt Nam và một số ngành, lĩnh vực trọng tâm giai đoạn 2021-2025, định hướng tới 2030\". "
}