{
    "url": "https://vnexpress.net/novaland-tang-phu-yen-may-xet-nghiem-nhanh-covid-19-4301012.html",
    "label": "DoanhNghiep",
    "timestamp": "Thứ ba, 29/6/2021, 09:35 (GMT+7)",
    "title": "Novaland tặng Phú Yên máy xét nghiệm nhanh Covid-19",
    "content": "Phú Yên hiện là một trong số địa phương khu vực Nam Trung Bộ đối mặt với diễn biến phức tạp của Covid-19. Trong 16 giờ qua, Phú Yên ghi nhận thêm 20 người dương tính nCoV, nâng tổng số ca nhiễm toàn tỉnh lên 58 trong đó Bộ Y tế đã công bố 38 ca. Tỉnh cũng đưa ra phương án ứng phó theo cấp độ ca nhiễm, lên kịch bản chống dịch trong tình huống xuất hiện 200 ca nhiễm; yêu cầu các lực lượng chức năng phối hợp cùng truy vết, cách ly và khoanh vùng xử lý mầm bệnh. Trước tình hình này, ngày 28/6, Tập đoàn Novaland vừa trao tặng Sở Y tế tỉnh Phú Yên máy tách chiết DNA-RNA tự động giúp xét nghiệm nhanh Covid-19. Máy tách chiết tự động được nhập khẩu nguyên chiếc, có khả năng tối ưu hóa công suất, tiết kiệm tối đa thời gian xét nghiệm Covid-19. Thiết bị này sẽ góp phần kịp thời khoanh vùng, xử lý dịch bệnh, hạn chế lây lan trong cộng đồng tại địa phương trước những diễn biến phức tạp như hiện nay. Bệnh viện Đa khoa Phú Yên hiện có 2 máy xét nghiệm Realtime RT-PCR nay có thêm máy tách chiết tự động Tập đoàn Novaland trao tặng, công suất xét nghiệm sẽ được nâng lên khoảng 2.000 mẫu đơn/ngày, khoảng 10.000 mẫu ghép/ngày. Sau giai đoạn dịch bệnh, máy tách chiết tự động sẽ sử dụng trong hoạt động xét nghiệm y tế thường nhật, lâu dài. Theo Đại diện Sở Y tế tỉnh Phú Yên, hiện nay, việc tách chiết vẫn thực hiện thủ công hoặc xử lý qua nhiều máy móc, dễ dẫn đến nguy cơ lây nhiễm cho nhân viên y tế, chưa kể tốn kém thời gian. Thiết bị hiện đại tiếp nhận từ Tập đoàn Novaland lần này kịp thời góp phần để địa phương kiểm soát dịch bệnh, bảo vệ các nhân viên y tế và có thể sẵn sàng ứng phó, hạn chế đến mức thấp nhất mức độ nguy hiểm, thiệt hại do dịch bệnh gây ra. Chương trình trao tặng trang thiết bị y tế tiếp nối chuỗi hoạt động chung tay thể hiện tinh thần trách nhiệm với cộng đồng, lan tỏa tinh thần \"tương thân tương ái\", đồng sức đẩy lùi dịch bệnh của Tập đoàn Novaland. Kể từ khi xuất hiện dịch Covid-19, Novaland có nhiều hoạt động hỗ trợ người dân, y bác sĩ phục vụ công tác phòng chống và điều trị dịch bệnh. Ngày 5/6, Tập đoàn đã trao 100 tỷ đồng tại lễ ra mắt Quỹ vaccine Covid-19. Theo doanh nghiệp, việc ủng hộ Quỹ vaccine thể hiện tinh thần trách nhiệm với cộng đồng, chia sẻ gánh nặng với ngân sách Nhà nước, thúc đẩy việc tiêm chủng rộng rãi, hướng tới chiến thắng dịch bệnh. Tập đoàn đã tặng máy lọc máu liên tục, máy giúp thở, phòng cách ly áp lực âm đến Bệnh viện Nhân dân 115 TP HCM; trao tặng 2 xe cấp cứu đến Trung tâm Cấp cứu 115 TP HCM. Novaland cũng triển khai nhiều hoạt động tại nhiều tỉnh thành trên cả nước như đồng hành mua vaccine; trao tặng trực tiếp các trang thiết bị y tế chuyên dụng, cấp thiết; tổ chức chương trình \"Kết nối cộng đồng, chung tay đẩy lùi dịch bệnh\", hỗ trợ các hoàn cảnh khó khăn do ảnh hưởng dịch Covid-19. Doanh nghiệp đồng hành cùng nhiều tỉnh thành như TP HCM, tỉnh Bà Rịa - Vũng Tàu, Cần Thơ ủng hộ mua vaccine phòng ngừa Covid-19. Đại diện Novaland đánh giá, với sự chung tay của cộng đồng, việc phòng chống, đẩy lùi dịch bệnh sẽ sớm được kiểm soát, để hoạt động đời sống kinh tế, xã hội sẽ trở lại bình thường. "
}