{
    "url": "https://vnexpress.net/f88-trien-khai-cho-vay-tai-nha-4336315.html",
    "label": "DoanhNghiep",
    "timestamp": "Thứ năm, 5/8/2021, 18:15 (GMT+7)",
    "title": "F88 triển khai cho vay tại nhà",
    "content": "Cụ thể, 430 phòng giao dịch của F88 trên toàn quốc sẽ chuyển đổi sang hình thức vay tiền tại nhà cho khách hàng có nhu cầu cầm cố tài sản. Theo phương thức chuyển đổi này, thay vì phải ra phòng giao dịch của F88 để làm thủ tục vay, khách hàng chỉ cần đăng ký khoản vay qua kênh online tại website F88.vn. Khách hàng cần cung cấp các thông tin cá nhân, thông tin về tài sản cần hỗ trợ vay vốn tiêu dùng. Bộ phận thẩm định tín dụng của F88 sẽ duyệt vay trong 15 phút và chuyển tiền vào tài khoản ngân hàng mà khách hàng đã đăng ký trước đó. Ưu điểm của mô hình \"Vay tiền tại nhà\" này là khách hàng không mất thời gian chờ làm thủ tục, xét duyệt khoản vay online nhanh chóng, có tiền nhanh để giải quyết nhu cầu chi tiêu cá nhân trong mùa dịch. Theo đó, người dân có thể đăng ký vay tiền ở bất cứ đâu: ở nhà, nơi làm việc, khu vực giãn cách, cách ly... và được duyệt vay online ngay sau khi đăng ký. Theo ông Phạm Trần Long- Giám đốc Khối kinh doanh F88, đây là bước chuyển đổi thức thời của công ty trong thời điểm giãn cách xã hội, giúp hỗ trợ người dân có cuộc sống ổn định hơn trong thời kỳ dịch bệnh. \"F88 có thế mạnh là nền tảng công nghệ. Việc chuyển đổi hóa sang mô hình cho vay tiền tại nhà là tất yếu trong thời điểm dịch diễn biến phức tạp. Đây cũng là bước đệm để F88 triển khai vay nhanh qua ứng dụng vay online thời gian tới\", ông Long chia sẻ thêm. Vừa qua, F88 cũng công bố kết quả phát hành thành công 1000 trái phiếu với tổng mệnh giá đạt 100 tỷ đồng, kỳ hạn 18 tháng, nâng tổng số lượng trái phiếu đã phát hành lên 700 tỷ đồng. Trong đó, một nhà đầu tư tổ chức chiếm tỷ trọng 10% tương ứng giá trị nắm giữ 10 tỷ đồng, còn lại 90 tỷ đồng được đầu tư bởi 26 cá nhân. Đây là loại trái phiếu không chuyển đổi, không kèm chứng quyền và không có tài sản đảm bảo với lãi suất cố định 12,5% mỗi năm. Số tiền thu được từ lần phát hành này sẽ được sử dụng cho hoạt động kinh doanh - cho vay cầm cố; đồng thời mở rộng hệ thống cửa hàng và chi trả lương, thưởng cho cán bộ nhân viên. 6 tháng đầu năm, dù chịu ảnh hưởng từ dịch Covid-19 bùng phát, doanh thu của F88 vẫn tăng 285% so với cùng kỳ năm 2020, vượt cả doanh thu năm 2020. Công ty cho biết, đảm bảo lương thưởng và các chính sách phúc lợi như bảo hiểm y tế, bảo hiểm sức khoẻ, tai nạn... cho 2.800 cán bộ nhân viên. Ngoài ra, F88 còn thành lập Quỹ hạnh phúc nhằm hỗ trợ và giúp đỡ những trường hợp cán bộ nhân viên gặp hoàn cảnh đặc biệt khó khăn. Trong tháng 7, Quỹ Hạt gạo yêu thương của F88 cũng dành tặng 2.150 suất quà là các nhu yếu phẩm thiết yếu như gạo, dầu ăn, gia vị... cho các bà con quanh khu vực phòng giao dịch của F88 ở Hà Nội, Bắc Ninh, Bắc Giang, Quảng Ninh, Thanh Hoá... Quỹ này cũng tiếp gần 700 thùng nước suối, sữa tươi cho y bác sĩ tuyến đầu chống dịch tại TP HCM, công an thị xã Hóc Môn, công an phường 2 quận 10, công an phường An Thới quận 12, Bệnh viện Quân Y Miền Đông, Bệnh viện dã chiến Thu Dung. Tuệ Minh Ra đời năm 2013, F88 cung cấp các dịch vụ cho vay cầm cố tài sản và các tiện ích tài chính khác như bảo hiểm kết hợp với tổng công ty Bảo hiểm Bưu Điện, Công ty Bảo hiểm nhân thọ MAP Life, dịch vụ thu hộ, chi hộ, thanh toán hoá đơn, chuyển tiền, nạp rút tiền Momo... Đến nay, F88 đã phát triển thành hệ thống dịch vụ cầm đồ, cho vay cầm cố tài sản và cung cấp các tiện ích tài chính. "
}