{
    "url": "https://vnexpress.net/tiki-hop-tac-moca-uu-dai-50-moi-don-hang-4325290.html",
    "label": "DoanhNghiep",
    "timestamp": "Thứ sáu, 23/7/2021, 10:00 (GMT+7)",
    "title": "Tiki hợp tác Moca ưu đãi 50% mọi đơn hàng",
    "content": "Cụ thể, người tiêu dùng khi thanh toán đơn hàng bất kỳ trên sàn thương mại điện tử Tiki bằng ví điện tử Moca, nhập mã \"MOCAXINCHAO\" sẽ được giảm ngay 50% giá trị đơn hàng, tối đa 25.000 đồng. Chương trình ưu đãi đánh dấu sự ra mắt của ví điện tử Moca trên nền tảng thương mại điện tử đa ngành Tiki, mở ra mối quan hệ hợp tác chặt chẽ và lâu dài giữa hai bên, cùng hướng đến mục tiêu đa dạng hóa các lựa chọn thanh toán không tiền mặt, đáp ứng nhu cầu mua sắm trực tuyến và thanh toán điện tử ngày càng tăng cao tại Việt Nam, nhất là khi tình hình dịch Covid-19 diễn biến phức tạp. Ông Ngô Hoàng Gia Khánh, Phó tổng giám đốc Phát triển Doanh nghiệp Tiki cho biết sàn thương mại điện tử Tiki luôn đặt lợi ích của người tiêu dùng làm ưu tiên hàng đầu. Với mối quan hệ hợp tác chiến lược giữa Tiki và Moca, 10 triệu người dùng trên nền tảng này sẽ có thêm lựa chọn thanh toán trực tuyến bảo mật, tiện lợi, thông minh và an toàn. Ngoài ra, thỏa thuận hợp tác lâu dài lần này còn giúp tận dụng tối đa nền tảng công nghệ vững chắc sẵn có của hai bên, mang lại trải nghiệm mua sắm trọn vẹn hơn cho người tiêu dùng, đáp ứng nhu cầu ngày càng tăng về thanh toán không dùng tiền mặt, qua đó đóng góp tích cực vào nỗ lực thúc đẩy nền kinh tế số Việt. \"Giữa những diễn biến phức tạp của dịch Covid-19 thời gian qua, Moca ghi nhận mức tăng trưởng ấn tượng về số lượng người dùng thanh toán không dùng tiền mặt. Đây là kết quả từ xu hướng mua sắm trực tuyến ngày càng tăng và việc người dùng ngày càng quan tâm đến yếu tố an toàn, giảm thiểu nguy cơ lây lan dịch bệnh\", ông Nguyễn Xuân Việt Bình, Giám đốc điều hành Moca cho biết. Ông Bình nhận định quan hệ hợp tác với Tiki sẽ giúp Moca cải thiện và đáp ứng xu hướng này tốt hơn. \"Ngoài mang đến thêm cho người dùng lựa chọn thanh toán trực tuyến tiện lợi trên một trong những nền tảng thương mại điện tử hàng đầu Việt Nam hiện nay, chúng tôi còn kỳ vọng có thể đưa ví điện tử Moca phát triển vượt ngoài hệ sinh thái Grab. Đó là lý do Moca rất hào hứng khi được hợp tác chặt chẽ với Tiki trong thời gian tới, góp phần mang đến ngày càng nhiều tiện ích, ưu đãi cho người dùng cả nước\", ông chia sẻ. Xem thông tin chi tiết chương trình tại đây. "
}