{
    "url": "https://vnexpress.net/vinhomes-lai-rong-hon-10-000-ty-dong-sau-quy-ii-4332260.html",
    "label": "DoanhNghiep",
    "timestamp": "Thứ năm, 29/7/2021, 11:38 (GMT+7)",
    "title": "Vinhomes lãi ròng hơn 10.000 tỷ đồng sau quý II",
    "content": "Công ty cổ phần Vinhomes (VHM) vừa công bố báo cáo tài chính hợp nhất quý II với doanh thu và lợi nhuận tăng vọt so với cùng kỳ. Tổng doanh thu thuần hợp nhất quý II của Vinhomes đạt hơn 28.700 tỷ đồng, tăng 75% so với cùng kỳ năm trước, chủ yếu là doanh thu chuyển nhượng bất động sản (26.000 tỷ đồng) và hoạt động tổng thầu xây dựng, tư vấn thiết kế (1.500 tỷ đồng). Biên lợi nhuận gộp tăng lên gần 50%, giúp lợi nhuận gộp tăng vọt gấp hơn hai lần. Trong khi đó, các khoản chi phí hoạt động doanh nghiệp của Vinhomes trong ba tháng gần nhất không tăng, chi phí tài chính cũng thấp hơn, giúp nhà phát triển bất động sản lớn nhất thị trường đạt lợi nhuận trước thuế đạt hơn 13.200 tỷ đồng. Lãi ròng quý II là hơn 10.300 tỷ đồng, gấp gần ba lần quý II/2020. Tại thời điểm cuối quý II, tổng tài sản Vinhomes đạt 210.000 tỷ đồng, vốn chủ sở hữu gần 100.000 tỷ đồng, tăng 11% so với cuối năm trước. Trong quý II, Vinhomes cho biết đã triển khai các hoạt động chuyển đổi số nhằm gia tăng tương tác với khách hàng, đặc biệt trong bối cảnh giãn cách xã hội. Sự kiện mở bán dự án The Metrolines trong Vinhomes Smart City thu hút 16.000 người xem thông qua hình thức livestream trực tuyến. "
}