{
    "url": "https://vnexpress.net/dutch-lady-dong-hanh-cung-runner-v-race-4333176.html",
    "label": "DoanhNghiep",
    "timestamp": "Thứ bảy, 31/7/2021, 10:30 (GMT+7)",
    "title": "Dutch Lady đồng hành cùng runner V-Race",
    "content": "Giải chạy ảo \"Run for Vaccine\" kêu gọi ủng hộ Quỹ vaccine do VnExpress tổ chức từ ngày 2/6 thu hút hơn 6.200 runner tham dự. Bên cạnh đó, nhiều tổ chức, doanh nghiệp thông qua giải cũng đóng góp tiền mặt cho Quỹ và phần quà hiện vật cho runner. Dutch Lady là một trong số đó. Thương hiệu sữa ủng hộ 50 triệu đồng tiền mặt, với mong muốn góp một phần sức lực vào công cuộc chống dịch. Đại diện đơn vị cho biết, \"Run for Vaccine\" là một trong những giải sôi động nhất trên nền tảng dành cho người yêu thể thao V-Race nhờ thông điệp ý nghĩa và ra đời đúng thời điểm cả nước đang chung tay ủng hộ Quỹ vaccine. Thông qua chạy bộ, thông điệp này càng được lan toả tới nhiều người hơn. Ngoài ra, trong bối cảnh dịch bệnh, các hoạt động thể thao đông người bị hạn chế, việc chạy ảo rất phù hợp. Mỗi người có thể tự nâng cao sức khoẻ ngay trong khu vực mình sinh sống nhưng vẫn đảm bảo an toàn, tuân thủ nguyên tắc phòng dịch. \"Run for Vaccine\" có mức phí tham gia 100.000 đồng và ủng hộ thêm tuỳ theo khả năng. Sau 45 ngày tổ chức, các runner và doanh nghiệp đã đóng góp số tiền gần 750 triệu đồng. Toàn bộ sẽ được Ban tổ chức chuyển thẳng về đại diện tiếp nhận của Quỹ vaccine Việt Nam, phục vụ việc mua vaccine Covid-19 tiêm phòng cho người dân. Runner Nguyễn Quang Luận, trưởng nhóm Việt Hoá Nông chia sẻ: \"Run for Vaccine là một giải chạy không chỉ rèn luyện thân thể, nâng cao tinh thần thể thao trong giai đoạn dịch bệnh mà quan trọng hơn là cùng chung tay đóng góp vào quỹ vaccine, đẩy lùi Covid-19\". Cùng với Việt Hoá Nông, nhiều cộng đồng chạy bộ cũng đóng góp hàng nghìn km tại giải như: PVCFC RUNNERS, Cộng Đồng Chạy Bộ (R4S), An Phú Park Runners, BIDV Runner, Hồ Lộn Team, Saigon Rùa, adidas Runners Saigon, Quảng Trị Runners, VKL Runners, Manulife, SHTP Runners Saigon, Cộng Đồng Chạy Bộ (R4S), Phu My Hung Runners, Câu lạc bộ runner của Bộ Khoa học Công nghệ... Runner tìm hiểu thêm về giải, truy cập vào đây. "
}