{
    "url": "https://vnexpress.net/nguoi-vao-cang-tp-hcm-phai-co-giay-xet-nghiem-am-tinh-4331220.html",
    "label": "DoanhNghiep",
    "timestamp": "Thứ ba, 27/7/2021, 11:09 (GMT+7)",
    "title": "Người vào cảng TP HCM phải có giấy xét nghiệm âm tính",
    "content": "Yêu cầu này được các cảng hàng hóa, kho hàng, dịch vụ vận chuyển tại TP HCM đưa ra trong bối cảnh các ca nhiễm Covid-19 vẫn đang gia tăng mạnh. Theo đó, từ ngày 29/7, lái xe và người đi cùng đến giao dịch tại Tân Cảng Cát Lái và Tân Cảng Hiệp Phước được yêu cầu phải có giấy chứng nhận kết quả xét nghiệm Covid-19 có giá trị trong vòng 3 ngày. Tương tự, tại Công ty Cổ phần Dịch vụ hàng hóa Tân Sơn Nhất (TCS) bắt buộc có giấy xét nghiệm âm tính Covid-19 trong vòng 72 giờ, tính từ thời điểm xét nghiệm đến khi vào TCS, hoặc xác nhận đã tiêm vaccine. Quy định này sẽ được áp dụng cho đến khi có thông báo mới. Đại diện Tổng công ty Tân Cảng Sài Gòn, đơn vị quản lý Tân Cảng Cát Lái và Tân Cảng Hiệp Phước cho biết, ngoài giấy chứng nhận kết quả xét nghiệm Covid-19 có giá trị trong vòng 3 ngày, các quy định phòng, chống dịch cũng được yêu cầu đối với người điều khiển xe và nhân viên nghiệp vụ đi cùng trên phương tiện vận chuyển khi đến giao nhận hàng hóa. Theo hướng dẫn mới của UBND TP HCM, các doanh nghiệp kinh doanh vận tải hàng hóa thiết yếu phục vụ sinh hoạt, các doanh nghiệp xuất nhập khẩu, dịch vụ logistics vẫn được phép làm việc trong những ngày giãn cách xã hội. Đây cũng là những đối tượng được phép di chuyển sau 18h. Cùng với các cảng trên, hãng vận chuyển DHL Express đã thông báo tạm ngừng dịch vụ hàng nhập với điểm đến là TP HCM, các tỉnh miền Trung và miền Nam kể từ ngày 24/7 cho đến 4/8. Các doanh nghiệp vận tải cũng cho biết thông báo này áp dụng cho dịch vụ hàng nhập, riêng hàng xuất, hãng DHL vẫn duy trì bình thường. "
}