{
    "url": "https://vnexpress.net/pho-chu-tich-huyen-bi-canh-cao-vi-sai-pham-dat-dai-4145568.html",
    "label": "ThoiSu",
    "timestamp": "Thứ tư, 12/8/2020, 18:07 (GMT+7)",
    "title": "Phó chủ tịch huyện bị cảnh cáo vì sai phạm đất đai",
    "content": "Quyết định kỷ luật ông Nghi được ban hành ngày 12/8. Theo kết luận của UBND tỉnh Quảng Trị, ông Nghi đã chuyển đổi đất nuôi trồng thủy sản sang đất ở nông thôn tại xã Gio Việt, huyện Gio Linh, không đúng quy định luật Đất đai 2013, để người thân trong gia đình hưởng lợi. Vi phạm của ông Nghi là \"nghiêm trọng, ảnh hưởng đến uy tín của tập thể và bản thân ông Nghi\". Trước đó, người dân tố cáo ông Phan Văn Mẫn (65 tuổi, trú thị trấn Cửa Việt, huyện Gio Linh, bố ruột ông Nghi) mua hàng nghìn mét vuông đất nuôi tôm ở xã Gio Việt rồi chuyển mục đích từ đất nông nghiệp sang đất ở nông thôn. "
}