{
    "url": "https://vnexpress.net/hai-ngay-quoc-tang-nguyen-tong-bi-thu-le-kha-phieu-4144435.html",
    "label": "ThoiSu",
    "timestamp": "Thứ hai, 10/8/2020, 20:47 (GMT+7)",
    "title": "Hai ngày quốc tang nguyên Tổng bí thư Lê Khả Phiêu",
    "content": "Lễ tang do Tổng bí thư, Chủ tịch nước Nguyễn Phú Trọng làm Trưởng ban. Trong thông báo chiều 10/8, Ban chấp hành Trung ương Đảng, Quốc hội, Chủ tịch nước, Chính phủ, Mặt trận Tổ quốc Việt Nam nhấn mạnh, hơn 70 năm hoạt động cách mạng, nguyên Tổng bí thư Lê Khả Phiêu \"có nhiều đóng góp to lớn với sự nghiệp cách mạng vẻ vang của Đảng và dân tộc\". Ông đã được tặng thưởng huân chương Sao vàng, huy hiệu 70 năm tuổi Đảng. Để tỏ lòng thương nhớ ông, các cơ quan Đảng, Chủ tịch nước, Chính phủ, Mặt trận Tổ quốc tổ chức lễ tang theo nghi thức quốc tang. Linh cữu được quàn tại Nhà tang lễ quốc gia, số 5 Trần Thánh Tông, Hà Nội. Lễ viếng từ 8h ngày 14/8 đến 12h ngày 15/8. Lễ truy điệu vào 12h30 cùng ngày, an táng tại nghĩa trang Mai Dịch, Hà Nội. Cùng thời gian này, tại Hội trường Thống Nhất (TP HCM), lễ viếng, truy điệu được tổ chức. Trong hai ngày quốc tang (14 và 15/8), các công sở, nơi công cộng treo cờ rủ và ngừng các hoạt động vui chơi giải trí. Nguyên Tổng bí thư Lê Khả Phiêu từ trần lúc 2h52 ngày 7/8 ở tuổi 89, tại Hà Nội. Ông quê ở xã Đông Khê, huyện Đông Sơn, tỉnh Thanh Hóa. Từ năm 1964 đến 1992, ông lần lượt giữ các chức vụ trong quân đội: Chính uỷ kiêm Trung đoàn trưởng; Phó chủ nhiệm chính trị quân khu Trị Thiên; Chủ nhiệm Chính trị Quân đoàn II; Phó chính uỷ kiêm Chủ nhiệm chính trị quân khu IX; Phó bí thư khu uỷ Khu IX; thiếu tướng, Chủ nhiệm Chính trị, Phó tư lệnh chính trị mặt trận 719; trung tướng, Phó chủ nhiệm Tổng cục Chính trị; thượng tướng, Chủ nhiệm Tổng cục Chính trị. Năm 1991 tại Đại hội lần thứ VII của Đảng, ông là Uỷ viên Ban chấp hành Trung ương. Tháng 6/1992 tại hội nghị Trung ương 3 (khóa VII), ông được bầu vào Ban Bí thư; tháng 1/1994 được bầu vào Bộ Chính trị và tháng 4/1996 được phân công làm Thường trực Ban Bí thư. Năm 1996, tại Đại hội lần thứ VIII, ông tiếp tục được bầu vào Ban chấp hành Trung ương, Ủy viên Ban thường vụ Bộ Chính trị, Thường trực Bộ Chính trị. "
}