{
    "url": "https://vnexpress.net/bau-duc-nuoi-heo-la-nganh-chu-luc-cua-hagl-4333501.html",
    "label": "DoanhNghiep",
    "timestamp": "Thứ bảy, 31/7/2021, 15:27 (GMT+7)",
    "title": "Bầu Đức: Nuôi heo là ngành chủ lực của HAGL",
    "content": "Do không thể tiến hành họp thường niên do diễn biến phức tạp của Covid-19, ông Đoàn Nguyên Đức (Bầu Đức), Chủ tịch Hội đồng quản trị Công ty Hoàng Anh Gia Lai (HAGL) vừa gửi tâm thư tới cổ đông, chia sẻ về các kế hoạch kinh doanh. Trong đó, Bầu Đức cho biết, định hướng của HAGL là tập trung vào hai ngành chủ lực: chăn nuôi và cây ăn trái. Đồng thời công ty cũng duy trì một số ngành nghề phụ trợ khác để tận dụng lợi thế về nguyên vật liệu sản xuất. Trong mảng chăn nuôi, HAGL dự kiến đến cuối năm 2021 sẽ hoàn thiện toàn bộ hệ thống chuồng trại để sẵn sàng cho năm 2022 triển khai nuôi 15.000 heo nái sinh sản và 300.000 heo thịt xuất chuồng mỗi năm. Với mảng cây ăn trái, doanh nghiệp của Bầu Đức sẽ duy trì đầu tư khoảng 10.000 ha trồng các loại cây, gồm chuối và loại cây ăn trái khác. Riêng chuối, HAGL đã cơ bản đầu tư trồng hoàn thiện được 5.000 ha tại Việt Nam, Lào, Campuchia. Dự kiến, năng suất thu hoạch chuối bình quân từ năm 2022 sẽ đạt 50 tấn mỗi ha. Thông điệp mới của Bầu Đức cũng là lần đầu HAGL nhắc chi tiết về mảng nuôi heo. Trước đó, ban lãnh đạo công ty không chia sẻ nhiều thông tin. Nuôi heo bắt đầu xuất hiện trên báo cáo tài chính HAGL từ năm 2020, liên quan đến việc hợp nhất kết quả kinh doanh của Công ty Chăn nuôi Gia Lai. Giữa năm 2020, ba tháng trước khi được Hoàng Anh Gia Lai mua lại, công ty này đã đăng ký bổ sung ngành nghề chăn nuôi và sản xuất giống heo. Đầu tháng 9/2020, Hoàng Anh Gia Lai ra phương án chuyển đổi 5.865 tỷ đồng dư nợ cho vay và nợ phải thu tại Chăn nuôi Gia Lai thành vốn góp. Kết quả là năm 2020, lần đầu tiên HAGL ghi nhận doanh thu hơn 120 tỷ đồng từ bán heo. Năm nay, bán heo trở thành trụ cột doanh thu chính với doanh nghiệp của Bầu Đức. Trong quý II, doanh thu bán heo đạt gần 190 tỷ đồng, chiếm hơn 35% tổng doanh thu và lần đầu vượt doanh thu từ bán trái cây (189 tỷ đồng). Đối với tình hình tài chính của tập đoàn, Bầu Đức cho hay, đến nay việc tái cơ cấu tài chính đã cơ bản hoàn thành. Nợ của HAGL đã giảm đáng kể. \"Hiện chỉ còn chủ yếu khoản nợ trái phiếu tại BIDV, tập đoàn đã có kế hoạch thanh lý một số tài sản không tạo ra lợi nhuận, tập trung thu hồi nợ từ các bên liên quan và sử dụng dòng tiền thu được từ sản xuất kinh doanh để hoàn tất trả nợ\", Bầu Đức viết và cho biết khoản trái phiếu này sẽ được xử lý trước cuối năm 2025. "
}