{
    "url": "https://vnexpress.net/masan-tang-so-huu-tai-the-crownx-4302720.html",
    "label": "DoanhNghiep",
    "timestamp": "Thứ năm, 1/7/2021, 13:14 (GMT+7)",
    "title": "Masan tăng sở hữu tại The CrownX",
    "content": "Ban lãnh đạo Masan không công bố khoản tiền để thực hiện thương vụ nhưng nếu tính theo định giá được công bố giữa tháng 5 (sau khi phát hành cổ phần mới cho Alibaba và Baring Private Equity) thì cổ phần mua lại trị giá khoảng 340 triệu USD. Ông Danny Le, Tổng giám đốc Masan Group, cho rằng dựa trên kết quả kinh doanh dự kiến của The CrownX năm nay và tiềm năng tăng trưởng nền tảng tích hợp offline-to-online thì định giá này chưa phản ánh chính xác giá trị của công ty. Ban điều hành Masan cho bết đang lên kế hoạch huy động thêm 300-400 triệu USD vốn đầu tư cho The CrownX trong nửa cuối năm. The CrownX ra mắt năm ngoái, là nền tảng tiêu dùng bán lẻ hợp nhất lợi ích của Masan tại Masan Consumer và VinCommerce – đơn vị quản lý chuỗi siêu thị VinMart. VinCommerce của The CrownX vừa ghi nhận EBIT (lợi nhuận trước lãi vay và thuế) hoà vốn trong tháng 6 và dự kiến phần còn lại của năm nay có số dương. Các cửa hàng mở mới dự kiến đạt EBITDA hoà vốn trong 6-12 tháng nhờ mô hình chuỗi cung ứng được cải tiến, biên lợi nhuận thương mại tăng và danh mục sản phẩm phù hợp thị hiếu tiêu dùng. Trong khi đó, Masan Consumer cũng ghi nhận tăng trưởng doanh thu và lợi nhuận hai chữ số. Sau khi bắt tay với nhóm nhà đầu tư Alibaba, The CrownX đang đẩy mạnh hợp tác với Lazada để trở thành nhà bán lẻ nhu yếu phẩm trên nền tảng thương mại điện tử này. Chuỗi siêu thị VinMart đã thí điểm dịch vụ giao hàng nhanh trong vòng 4 giờ tại 14 siêu thị ở TP HCM và Hà Nội. "
}