{
    "url": "https://vnexpress.net/hoa-sen-lai-hon-600-ty-dong-mot-thang-4300793.html",
    "label": "DoanhNghiep",
    "timestamp": "Thứ hai, 28/6/2021, 01:19 (GMT+7)",
    "title": "Hoa Sen lãi hơn 600 tỷ đồng một tháng",
    "content": "Công ty cổ phần Tập đoàn Hoa Sen (HSG) cho biết, doanh thu tháng 5 đạt hơn 4.560 tỷ đồng, tăng 85% so với cùng kỳ năm ngoái. Lợi nhuận sau thuế giai đoạn này tăng gấp 5 lần, đạt trên 600 tỷ đồng. Luỹ kế doanh thu từ đầu niên độ tài chính đạt 29.062 tỷ đồng và lãi sau thuế 2.810 tỷ đồng, lần lượt hoàn thành 88% và 187% kế hoạch cả năm. Ban lãnh đạo Hoa Sen cho rằng, ngoài thị trường thép diễn biến thuận lợi thì kết quả kinh doanh tăng mạnh còn xuất phát từ yếu tố nội tại như hệ thống phân phối mang về dòng tiền mặt ổn định, vòng quay hàng tồn kho được rút ngắn... Công ty có 10 nhà máy đặt gần cảng biển nên thêm lợi thế tối ưu chi phí logistics khi vận chuyển hàng đến hệ thống phân phối và xuất khẩu để cải thiện tỷ suất sinh lời. 8 tháng đầu niên độ tài chính (bắt đầu từ 1/10/2020 đến 31/5/2021), công ty đạt sản lượng xấp xỉ 1,6 triệu tấn, hoàn thành 84% kế hoạch. Theo báo cáo của Hiệp hội Thép Việt Nam, riêng 5 tháng đầu năm 2021, Hoa Sen đứng đầu thị phần tôn mạ với 37,2%, tương đương sản lượng bán hàng khoảng 776.000 tấn. Lượng hàng xuất khẩu chiếm gần 512.000 tấn trong số này. Thị phần mặt hàng ống thép cũng tăng thêm 3,5 điểm phần trăm so với năm ngoái, lên 20,3%, tương đương bán ra 221.000 tấn. Hoa Sen đặt mục tiêu niên độ tài chính 2020-2021 thu 33.000 tỷ đồng và lãi sau thuế 1.500 tỷ đồng, lần lượt tăng 20% và 30% so với cùng kỳ. Ban lãnh đạo công ty cho biết, kế hoạch này xây dựng chỉ dựa trên các mặt hàng truyền thống, chưa bao gồm chuỗi siêu thị vật liệu. Chuỗi siêu thị này là dự án được ông Lê Phước Vũ – Chủ tịch Hội đồng quản trị kỳ vọng có 1.200 điểm bán và đóng góp lớn cho mục tiêu doanh thu 3 tỷ USD trong 3-5 năm tới. Từ hai siêu thị thí điểm tại Cần Thơ, đến nay chuỗi có 28 siêu thị hoạt động tại các khu vực lân cận TP HCM như miền Tây, miền Đông, Tây Nguyên và Nam Trung Bộ. Trong tháng tới công ty dự kiến mở rộng chuỗi lên 40 siêu thị. "
}