{
    "url": "https://vnexpress.net/vps-tung-giai-thuong-hon-3-ty-dong-cho-nha-dau-tu-4302216.html",
    "label": "DoanhNghiep",
    "timestamp": "Thứ tư, 30/6/2021, 17:30 (GMT+7)",
    "title": "VPS tung giải thưởng hơn 3 tỷ đồng cho nhà đầu tư",
    "content": "Cuộc thi \"Huyền thoại Phái sinh - Chứng trường rực lửa\" do Công ty Cổ phần Chứng khoán VPS (VPS) tổ chức, khởi tranh từ 1/7. Chia sẻ về ý tưởng tổ chức cuộc thi, ông Lý Đắc Dũng - Giám đốc Khối tư vấn Đầu tư của VPS cho biết, sân chơi về chứng khoán phái sinh dành cho các nhà đầu tư, đặc biệt là các nhà đầu tư trẻ. \"Các nhà đầu tư quan tâm đến chứng khoán phái sinh có cơ hội cập nhật kiến thức, rèn luyện kỹ năng thực chiến, khẳng định bản lĩnh, chiến lược đầu tư để chinh phục được những giải thưởng giá trị của chương trình cùng cơ hội trở thành những nhà giao dịch chứng khoán chuyên nghiệp\", ông Dũng cho biết. Tham gia cuộc thi, các chứng thủ sẽ phải vượt qua 4 vòng thi đấu: vòng thi sơ loại thi đấu trực tuyến; vòng đối đầu trực tiếp theo tháng, quý và chung kết năm. Tại vòng sơ loại \"Quần hùng khai chiến\", các nhà đầu tư sẽ thi đấu trực tuyến trên nền tảng đầu tư chứng khoán phái sinh ảo VPS SmartEasy hoàn toàn miễn phí bao gồm phiên bản ứng dụng di động và web. Mỗi nhà đầu tư tham gia chương trình được cấp ngay 100 triệu đồng vào tài khoản ảo để tham gia tranh tài. Vòng đấu này sẽ liên tục được tái khởi động hàng tháng từ ngày 1/7 đến hết 31/12. Qua đó, tìm ra top 10 nhà đầu tư xuất sắc nhất hàng tháng có cơ hội đối đầu trực tiếp tại các vòng tháng, quý trước khi giành được tấm vé vào chung kết năm. Thể thức thi đấu mang tính linh hoạt này tạo cơ hội cho những nhà đầu tư muốn quay trở lại cuộc đua hoặc tham gia giải đấu ở bất cứ thời điểm nào trong thời gian diễn ra chương trình để giành 1 trong 10 tấm vé tham gia vào chung kết. Ở vòng Đối đấu trực tiếp \"Anh hùng xưng bá\", các nhà đầu tư tài năng trải qua hai phần thi là \"Giao đấu\" - thi đấu trên ứng dụng VPS SmartEasy theo thời gian giao dịch thị trường thật và \"Đấu trường X8\"- với thị trường giả lập có tốc độ giao dịch tăng lên gấp 8 lần. \"Đây là hình thức thi đấu mang tính đột phá, thách thức về bản lĩnh và chiến thuật đối với các nhà đầu tư tham gia\", ban tổ chức chia sẻ. Trước đó, VPS cũng tổ chức thành công hai cuộc thi về chứng khoán phái sinh dành cho các nhà đầu tư mang tên Chinh phục Phái sinh - Rinh ngay xe Merc và Đầu tư ảo, Nhận tiền thật, thu hút đông đảo nhà đầu tư chứng khoán phái sinh. VPS được biết là công ty chứng khoán liên tục dẫn đầu thị phần môi giới chứng khoán phái sinh với trên 50% thị phần trong hơn 2 năm trở lại đây. Kết thúc quý I/2021 VPS đã vươn lên dẫn đầu bảng xếp hạng thị phần trên cả ba sàn HOSE (13,24%), HNX (13,01%) và UPCoM (16,72%). Đây cũng là một trong những công ty chứng khoán tiên phong chủ động phát triển ứng dụng giao dịch chứng khoán phái sinh giả lập, hỗ trợ các nhà đầu tư làm quen với chứng khoán phái sinh – một kênh đầu tư mới mẻ và hấp dẫn. Tuệ Minh Buổi livestream ra mắt cuộc thi \"Huyền thoại Phái sinh - Chứng trường rực lửa\" diễn ra vào lúc 11h ngày 1/7 trên đa nền tảng Fanpage VPS Securities, Huyền thoại Phái sinh và kênh Youtube Chứng khoán VPS. Theo dõi sự kiện ra mắt tại đây. Thông tin chi tiết và cách thức đăng ký tham gia giải đấu, tham khảo tại website: huyenthoaiphaisinh.vn "
}