{
    "url": "https://vnexpress.net/t-amp-t-group-dam-phan-mua-40-trieu-lieu-vaccine-sputnik-v-4309730.html",
    "label": "DoanhNghiep",
    "timestamp": "Thứ năm, 15/7/2021, 11:00 (GMT+7)",
    "title": "T&T Group đàm phán mua 40 triệu liều vaccine Sputnik V",
    "content": "Sau nghị quyết số 73 của Chính phủ về việc mua vaccine Sputnik V của Liên bang Nga, Bộ trưởng Bộ Y tế đã gửi công văn tới Quỹ đầu tư Trực tiếp Liên bang Nga (RDIF) giới thiệu Tập đoàn T&T Group là đơn vị đàm phán, mua 40 triệu liều vaccine Sputnik V. Vaccine được mua bằng nguồn kinh phí hợp pháp do T&T Group huy động; không sử dụng từ nguồn ngân sách nhà nước và Quỹ vaccine phòng Covid-19 Việt Nam. Chính phủ cũng cho phép, trên cơ sở yêu cầu của nhà sản xuất vaccine, miễn trừ trách nhiệm sử dụng vaccine Sputnik V tương tự các trường hợp mua vaccine Pfizer và AstraZeneca mà Bộ Y tế đã thỏa thuận mua trước đây. Việc thực hiện việc cấp phép nhập khẩu, kiểm định, kiểm soát chất lượng vaccine, tổ chức tiêm miễn phí toàn bộ 40 triệu liều vaccine nêu trên theo quy định. Sputnik V là vaccine ngừa Covid-19 đầu tiên trên thế giới được phê duyệt, đến nay được hơn 50 quốc gia phê chuẩn sử dụng. Theo kết quả thử nghiệm lâm sàng giai đoạn 3 công bố trên tạp chí The Lancet, vaccine Sputnik V hiệu quả lên tới 91,6%. Riêng với tình nguyện viên trên 60 tuổi, tỷ lệ này là 91,8%. Sau tiêm, 98% tình nguyện viên sản sinh kháng thể chống lại virus SARS CoV-2. Tại Việt Nam, vaccine Sputnik V được phê duyệt khẩn cấp vào ngày 23/3 cho nhu cầu cấp bách phòng, chống dịch. Đây là loại vaccine Covid-19 thứ hai được Bộ Y tế cấp phép, sau AstraZeneca. T&T Group là một trong những tập đoàn kinh tế tư nhân lớn nhất Việt Nam, được thành lập vào năm 1993. Với những thành tích kinh doanh nổi bật cùng những đóng góp tích cực cho cộng đồng, T&T Group hai lần được trao tặng Huân chương Lao động hạng Nhất và nhiều phần thưởng cao quý khác. Từ khi đại dịch Covid-19 bùng phát đến nay, T&T Group cùng các đơn vị thành viên đã ủng hộ trên 500 tỷ đồng cho các hoạt động phòng, chống Covid-19 tại Việt Nam. "
}