{
    "url": "https://vnexpress.net/nha-nuoc-giu-toi-thieu-65-von-dieu-le-ngan-hang-hang-khong-4305994.html",
    "label": "DoanhNghiep",
    "timestamp": "Thứ năm, 8/7/2021, 03:08 (GMT+7)",
    "title": "Nhà nước giữ tối thiểu 65% vốn điều lệ ngân hàng, hàng không",
    "content": "Nội dung này nêu trong quyết định về tiêu chí phân loại doanh nghiệp Nhà nước, doanh nghiệp có vốn Nhà nước chuyển đổi sở hữu, thoái vốn giai đoạn 2021-2025 vừa được Chính phủ ban hành. 7 lĩnh vực Nhà nước sẽ nắm 65% vốn điều lệ sau chuyển đổi, thoái vốn trong 5 năm tới, gồm quản lý khai thác các cảng hàng không, sân bay; dịch vụ khai thác khu bay; khai thác khoáng sản quy mô lớn theo quy định hiện hành về phân loại quy mô mỏ khoáng; tài chính, ngân hàng (trừ bảo hiểm, chứng khoán, công ty quản lý quỹ, công ty tài chính và công ty cho thuê tài chính)... Nhà nước sẽ nắm trên 50% đến dưới 65% vốn điều lệ tại các lĩnh vực khai thác, sản xuất, cung cấp nước sạch và thoát nước đô thị nông thôn; sản xuất hóa chất cơ bản; vận chuyển hàng không; đầu mối nhập khẩu xăng dầu chiếm thị phần từ 30% trở lên; sản xuất thuốc lá điếu... Các ngành, lĩnh vực mà Nhà nước sẽ nắm 100% vốn điều lệ, gồm đo đạc bản đồ phục vụ quốc phòng, an ninh; sản xuất, kinh doanh vật liệu nổ công nghiệp và cung ứng dịch vụ nổ mìn. Lĩnh vực truyền tải, điều độ hệ thống điện quốc gia và quản lý lưới điện phân phối, xây dựng và vận hành các nhà máy điện lớn; xổ số; in, đúc tiền, sản xuất vàng miếng và các vật phẩm lưu niệm bằng vàng; tín dụng chính sách phục vụ phát triển kinh tế - xã hội, bảo hiểm tiền gửi và mua bán, xử lý nợ xấu gắn với cơ cấu lại hệ thống các tổ chức tín dụng... cũng được Nhà nước giữ 100% vốn. Quyết định này của Chính phủ có hiệu lực từ 19/8. "
}