{
    "url": "https://vnexpress.net/hang-tra-bi-dao-wonderfarm-nua-nam-lai-hon-150-ty-dong-4327078.html",
    "label": "DoanhNghiep",
    "timestamp": "Thứ hai, 19/7/2021, 16:57 (GMT+7)",
    "title": "Hãng trà bí đao Wonderfarm nửa năm lãi hơn 150 tỷ đồng",
    "content": "Báo cáo tài chính quý II của Công ty cổ phần Thực phẩm Quốc tế, chủ sở hữu thương hiệu trà bí đao Wonderfarm và nước uống KIRIN, cho thấy doanh thu thuần chỉ tăng 3 tỷ đồng so với cùng kỳ lên 354 tỷ đồng. Tuy nhiên, nhờ không còn ghi nhận chi phí tài chính 77 tỷ đồng do sáp nhập công ty con nên lợi nhuận giai đoạn này biến động mạnh. Công ty báo lãi sau thuế 75 tỷ đồng, trong khi cùng kỳ lỗ 13 tỷ đồng. Luỹ kế nửa năm, công ty có doanh thu hơn 700 tỷ đồng. Nước giải khát đóng góp khoảng 600 tỷ đồng trong số này, phần còn lại đến từ thực phẩm đóng hộp và bán phế liệu. Lợi nhuận sau thuế tăng hơn 4 lần so với cùng kỳ, lên gần 152 tỷ đồng. Khoản lãi này giúp công ty xoá sạch lỗ luỹ kế chưa phân phối gần 110 tỷ đồng vào đầu năm. Tính đến cuối kỳ, nguồn vốn của công ty xấp xỉ 1.200 tỷ đồng. Nợ phải trả chỉ chiếm khoảng 11% trong số này, phần còn lại chủ yếu là vốn cổ phần và quỹ dự phòng. Công ty đặt mục tiêu năm nay đạt 1.838 tỷ đồng doanh thu thuần và 262 tỷ đồng lợi nhuận sau thuế, lần lượt tăng 30% và 69% so với cùng kỳ năm trước. Ban lãnh đạo cho biết chiến lược năm nay là tập trung tăng doanh số bán hàng thông qua các sản phẩm đồ uống dành cho người tiêu dùng quan tâm đến sức khoẻ. "
}