{
    "url": "https://vnexpress.net/cuoc-huy-dong-tong-luc-chong-dich-cua-hang-hang-khong-quoc-gia-4328235.html",
    "label": "DoanhNghiep",
    "timestamp": "Thứ năm, 22/7/2021, 10:00 (GMT+7)",
    "title": "Cuộc huy động tổng lực chống dịch của Hãng hàng không Quốc gia",
    "content": "Trong gần một tháng qua, hãng đưa hơn 1.300 chuyên gia, cán bộ, y, bác sĩ, giảng viên và sinh viên ngành y từ nhiều nơi trên cả nước đến các \"điểm nóng\" như TP HCM, Bình Dương, Đồng Tháp... tham gia chống dịch. Đội ngũ y tế được cùng toàn bộ hàng hóa đi kèm vận chuyển miễn phí, tiếp thêm trang thiết bị, vật tư cho vùng dịch. Theo đại diện Vietnam Airlines, hiện nay yêu cầu đề nghị hỗ trợ vận chuyển các đoàn công tác đến miền Nam chống dịch được gửi đến hãng bay này hàng ngày. Trước nhu cầu đó, đơn vị đã tăng cường bố trí sử dụng tàu bay thân rộng và tối ưu hóa tải cung ứng trên các chuyến bay, ưu tiên vận chuyển nhanh nhất lực lượng y tế. \"Chúng tôi nỗ lực duy trì cầu hàng không để vận chuyển nguồn lực y tế, đáp ứng nhu cầu đi lại và kết nối giao thương trong bối cảnh hạn chế mạng đường bay nhằm phòng, chống dịch\", Tổng giám đốc Vietnam Airlines Lê Hồng Hà chia sẻ. Phát huy tiềm lực vận tải hàng không, hãng thực hiện gần 20 chuyến bay chở hơn hai triệu liều vaccine đến các điểm nội địa phục vụ chiến dịch tiêm chủng. Trong đó, số vaccine theo cơ chế COVAX bằng nguồn ngân sách nhà nước được vận chuyển miễn phí. Kể từ khi dịch bùng phát đến nay, hơn 130 tấn hàng hóa là trang thiết bị, vật tư y tế như máy trợ thở, máy chụp X-quang phổi, bộ kit xét nghiệm, đồ bảo hộ, khẩu trang... cũng được hỗ trợ chi phí vận chuyển. Ngày 19/7 vừa qua, Vietnam Airlines huy động các chuyến bay chở hơn 16 tấn hàng gồm 800 máy trợ thở cùng nhiều trang thiết bị y tế đến TP HCM. Nhằm nâng cao năng suất vận chuyển hàng hóa, đơn vị hoán cải tám tàu bay chở khách thành chở hàng, thiết lập 30 đường bay chở hàng quốc tế, duy trì chuỗi cung ứng toàn cầu. Vietnam Airlines còn tham gia vào hệ sinh thái xanh của Bộ Công Thương trong việc tiêu thụ các loại hàng nông sản, đảm bảo giao thương trong bối cảnh dịch Covid-19. Đơn cử quá trình vận chuyển hơn 1.100 tấn vải trên đường bay nội địa, tương đương 98% tổng nhu cầu vải vận chuyển bằng đường hàng không, hỗ trợ tỉnh Bắc Giang tiêu thụ vải. 80.000 người Việt Nam từ 30 quốc gia và vùng lãnh thổ hồi hương cũng trên tàu bay Vietnam Airlines. Các chuyến bay đều thực hiện đầy đủ tiêu chuẩn an toàn dịch bệnh được tổ chức quốc tế Skytrax đánh giá mức 5 sao. Đại diện hãng cho biết, các nỗ lực kể trên cùng sự ủng hộ trực tiếp của tổng công ty và người lao động vào Quỹ vaccine phòng, chống Covid-19, giá trị hỗ trợ của Vietnam Airlnes ước tính hơn 100 tỷ đồng. Dù là đơn vị chịu ảnh hưởng trực tiếp trong dịch, hãng vẫn hướng tới mục tiêu đồng hành cùng đất nước và người dân. Trong thời gian tới, Vietnam Airlines tiếp tục sẵn sàng huy động mọi nguồn lực, khả năng để duy trì giao thương, vận chuyển nguồn lực, vật tư y tế. Bên cạnh mục tiêu phòng, chống dịch, Hãng hàng không Quốc gia triển khai đồng bộ nhiều giải pháp để duy trì kinh doanh như tái cơ cấu nhằm cắt giảm chi phí, tìm kiếm cơ hội tăng doanh thu, triển khai các giải pháp hỗ trợ của Nhà nước. \"Chúng tôi cũng tích cực thử nghiệm hộ chiếu vaccine để có thể cùng Chính phủ mở cửa đường bay quốc tế sớm nhất trên cơ sở an toàn dịch bệnh, giúp phục hồi kinh tế, xã hội\", vị đại diện này nói thêm. "
}