{
    "url": "https://vnexpress.net/momo-ho-tro-quan-ly-tai-chinh-ca-nhan-4327041.html",
    "label": "DoanhNghiep",
    "timestamp": "Thứ hai, 19/7/2021, 16:15 (GMT+7)",
    "title": "MoMo hỗ trợ quản lý tài chính cá nhân",
    "content": "Tài chính cá nhân bao gồm các kế hoạch chi tiêu, tiết kiệm, quản lý dòng tiền, sử dụng các dịch vụ tài chính... nhằm tối đa hóa lợi ích của mỗi cá nhân về mặt tài chính. Quản lý tài chính cá nhân không còn xa lạ với nhiều người nhưng không phải ai cũng biết và thực hiện tốt. Đối với những người có thu nhập thấp, không ổn định việc quản lý tài chính cá nhân càng có ý nghĩa, nhất là trong bối cảnh Covid-19. Theo đại diện Ví MoMo, người Việt Nam nói chung vẫn có thói quen chắt chiu, tiết kiệm, lo xa... Tuy nhiên, việc đến ngân hàng, các tổ chức tài chính, hay tìm kiếm một chuyên viên tư vấn tài chính, bảo hiểm... khiến hầu hết người Việt e ngại và hoài nghi vì nhiều rào cản: phải khai báo nhiều thông tin, chứng minh thu nhập, công chứng giấy tờ.... Chưa kể, những khái niệm như lãi suất, đáo hạn, tái tục... còn khó hiểu với những người chưa từng được đào tạo về kinh tế. Nhằm giúp người Việt hiểu hơn về quản lý tài chính cá nhân, Ví MoMo hợp tác với các ngân hàng, tổ chức tài chính, bảo hiểm uy tín ra mắt nhóm dịch vụ MoMo Tài chính với tiêu chí 4 không: không thủ tục phiền toái, không chờ đợi, không giấy tờ, không tốn phí. Nhận thấy nhu cầu được \"nhắc nợ\" và quản lý khoa học các khoản chi trả hợp đồng tín dụng tiêu dùng, bảo hiểm nhân thọ của người dùng - do các quyền lợi lớn sẽ mất đi nếu thanh toán trễ hạn, MoMo Tài chính bắt đầu với dịch vụ quản lý và đóng tiền cho các khoản chi tiêu định kỳ này. Theo đó, chỉ mất chưa đến 1 phút với vài cú chạm, các hóa đơn đã được Ví MoMo ghi nhớ, nhắc nhở, và đóng tiền theo định kỳ. Các tiện ích của MoMo Tài chính không ngừng được mở rộng với toàn bộ các dịch vụ thanh toán, chuyển tiền, tiết kiệm, tín dụng và bảo hiểm. Cụ thể, ví điện từ này đóng vai trò là nền tảng thanh toán cho các dịch vụ tài chính do các ngân hàng, tổ chức tài chính và công ty bảo hiểm uy tín cung cấp. Chỉ mất từ 1 - 3 phút, ngay trên điện thoại di động, người dùng có thể thực hiện các thủ tục như vay nhanh, chi tiêu trước - trả tiền sau, đầu tư, thanh toán hợp đồng bảo hiểm nhân thọ, hợp đồng vay tín dụng tiêu dùng, mua các sản phẩm bảo hiểm tài sản, bảo hiểm du lịch... \"MoMo được phát triển như một siêu thị tài chính, là cầu nối giữa các ngân hàng, công ty bảo hiểm và tổ chức tài chính với hơn 25 triệu người dùng\", đại diện Ví MoMo nhấn mạnh. Đơn cử với Ví Trả Sau, MoMo hợp tác cùng ngân hàng TPBank, cho phép người dùng chi tiêu trước, trả tiền sau với số tiền lên tới 5 triệu đồng, sau gần 1 phút đăng ký. Khoản tiền ứng trước được miễn lãi suất nếu người dùng chi trả đúng hạn. Ví Trả Sau giúp người dùng chủ động trước các khoản chi cấp bách như đóng phí chung cư, tiền điện nước, mua thẻ di động... và một số dịch vụ thiết yếu khác trên ví MoMo. Đại diện MoMo cho biết, sản phẩm Tài chính 4 không giúp giải quyết những lo lắng của người dùng như quên thanh toán khoản vay tín dụng, hợp đồng bảo hiểm, hay việc kê khai giấy tờ, thu nhập khi vay tiền... Theo Ông Nguyễn Bá Diệp, Phó chủ tịch MoMo, các hoạt động liên quan đến tài chính là một phần quan trọng và có tác động lớn đến cuộc sống của một người hiện đại. Việc bình đẳng trong tiếp cận các dịch vụ tài chính - hay còn gọi là tài chính toàn diện - do vậy càng trở nên một nhu cầu cấp thiết. \"MoMo Tài chính 4 Không là một phần trong nỗ lực của MoMo và các đối tác cung cấp dịch vụ tài chính trong việc đưa các giải pháp tài chính thông minh, hiện đại đến với mọi tầng lớp trong xã hội. Mỗi dịch vụ đều đã được \"đo ni đóng giày\" để phù hợp với các nhu cầu, mong muốn của người Việt\", ông Diệp khẳng định. "
}