{
    "url": "https://vnexpress.net/sap-dien-ra-econference-cho-nha-dau-tu-chung-khoan-f0-4302160.html",
    "label": "DoanhNghiep",
    "timestamp": "Thứ tư, 30/6/2021, 18:30 (GMT+7)",
    "title": "Sắp diễn ra eConference cho nhà đầu tư chứng khoán F0",
    "content": "Chuỗi 6 bài chia sẻ sẽ phát streaming từ 20h đến 22h trên nền tảng eBox của VnExpress. Bốn diễn giả giàu kinh nghiệm sẽ lần lượt chia sẻ về \"Kinh nghiệm thực chiến cho nhà đầu tư chứng khoán F0\" gồm: ông Trương Hiền Phương - Giám đốc Cấp cao Chứng khoán KIS Việt Nam; ông Huỳnh Minh Tuấn - Giám đốc Môi giới Hội sở Công ty Chứng khoán Mirae Asset; ông Lê Anh Trí - Giám đốc Chi nhánh Quận 3 Công ty Chứng khoán Phú Hưng và ông Quách Mạnh Hào - từng giữ chức Thành viên Hội đồng quản trị kiêm Phó tổng giám đốc Công ty cổ phần Chứng khoán MB. Với 6 video, nhà đầu tư chứng khoán F0 sẽ được tìm hiểu về: Tâm lý đầu tư; Lựa chọn cổ phiếu; Giá cổ phiếu; Bộ nguyên tắc \"vàng\"; Phương pháp đầu tư và Đi tìm \"đại dương xanh\" trên thị trường chứng khoán Việt Nam. Đến thời điểm này, eConference thu hút hơn 2.200 người mua vé tham dự. Là những nhà đầu tư F0, họ mong muốn tìm kiếm cơ hội đầu tư trên thị trường chứng khoán. Người có nhu cầu có thể truy cập vào đây để đăng ký đến 19h59 với giá vé giai đoạn cuối là 399.000 đồng. Khi chương trình bắt đầu streaming, giá tham dự muộn là 599.000 đồng và kéo dài đến 30/7. eConference đầu tiên trên eBox chọn vấn đề đang được quan tâm hàng đầu trong lĩnh vực đầu tư hiện nay tại Việt Nam - đầu tư chứng khoán cho người mới bắt đầu. Đây đang là kênh sinh lời thu hút bậc nhất với dòng tiền chảy vào thị trường chứng khoán đạt kỷ lục, giá trị khớp lệnh trong tháng 6 luôn đạt trên một tỷ USD mỗi ngày. Tuy nhiên bên cạnh đó rất nhiều nhà đầu tư đang gặp thách thức trong việc ra quyết định, dẫn đến thiệt hại, thua lỗ, để lại bài học \"xương máu\" xuất phát từ yếu tố tâm lý, thiếu thông tin hoặc non kinh nghiệm. Không giảng giải lý thuyết khô khan hay dài dòng, toàn bộ nội dung của eConference đều được đúc kết thành những nguyên tắc, bí kíp chắt lọc, cùng những case study cụ thể và những bài học có tính ứng dụng. Đây là những điều kiện cần và đủ để nhà đầu tư có thêm hành trang khi \"chinh chiến\" trên thị trường nhiều biến động. Video chia sẻ từ diễn giả được ghi hình và biên tập kỹ lưỡng trước khi phát sóng.  Độc giả quan tâm có thể tìm hiểu tại đây. "
}