{
    "url": "https://vnexpress.net/do-my-linh-song-luan-dong-hanh-giai-dai-ichi-cung-duong-yeu-thuong-4331354.html",
    "label": "DoanhNghiep",
    "timestamp": "Thứ năm, 29/7/2021, 14:00 (GMT+7)",
    "title": "Đỗ Mỹ Linh, Song Luân đồng hành giải 'Dai-ichi Cung đường yêu thương'",
    "content": "Hoa hậu Việt Nam 2016 Đỗ Mỹ Linh là một trong những thành viên đầu tiên đăng ký vào giải này. Cô chia sẻ: \"Việc rèn luyện thể chất mỗi ngày giúp tôi có sức khỏe tốt, một tinh thần lạc quan để hoàn thành công việc hiệu quả. Đây cũng chính là cách mỗi người chúng ta thể hiện tình yêu thương đối với bản thân, gia đình và cộng đồng\". Cùng tham gia Giải \"Dai-ichi Cung đường yêu thương 2021\", diễn viên Song Luân cho rằng lợi ích đầu tiên của tập thể dục là giúp cơ thể tiết ra hormone tăng cảm giác thoải mái và hạnh phúc. \"Chính vì vậy, tập luyện đều đặn khiến chúng ta cảm thấy yêu đời và luôn có suy nghĩ tích cực\", diễn viên Song Luân nói. Giải \"Dai-ichi Cung đường yêu thương 2021\" khởi động từ ngày 1/7, bắt đầu ghi nhận thành tích từ ngày 8/7 và kéo dài đến 22/12 do Dai-ichi Life Việt Nam tổ chức với kỳ vọng tạo nên một sân chơi năng động giúp người tham gia nâng cao sức khỏe dù ở lứa tuổi nào và bất cứ đâu. Với thông điệp \"Khỏe để kết nối, khỏe để yêu thương\", giải có thiết kế linh hoạt, phù hợp với bối cảnh hiện nay. Người tham gia có thể rèn luyện với các hoạt động thể dục thể thao tại nhà như nhảy dây, hít đất, yoga, squat... Mục tiêu đóng góp 5 tỷ đồng Giải \"Dai-ichi Cung đường yêu thương 2021\" hướng đến lan tỏa thông điệp yêu bản thân, gia đình, cộng đồng và cùng chung tay xây dựng cuộc sống tươi đẹp cho người dân Việt Nam. Theo đó, với mỗi 1 km hoàn thành và được ghi nhận hợp lệ, Dai-ichi Life Việt Nam sẽ đóng góp 1.000 đồng hỗ trợ người dân có hoàn cảnh khó khăn. Chương trình đặt mục tiêu đóng góp 5 tỷ đồng cho các hoạt động cộng đồng như hỗ trợ trẻ em bị ảnh hưởng bởi dịch Covid-19, cung cấp nước sạch cho vùng sâu vùng xa, đem ánh sáng cho người nghèo, hiến máu nhân đạo, trao học bổng và quà chăm sóc sức khỏe tiếp sức đến trường cho trẻ em vùng nông thôn, mang áo ấm đến trẻ em vùng cao. Đại diện đơn vị cho biết, trong thời điểm dịch Covid-19 còn đang diễn biến phức tạp, \"Dai-ichi Cung đường yêu thương 2021\" là hoạt động song hành cùng người dân Việt Nam tập luyện thể thao, nâng cao sức khỏe, giữ vững tinh thần lạc quan. Hơn thế nữa, giải còn có ý nghĩa mang đến cuộc sống tốt đẹp hơn cho người dân có hoàn cảnh khó khăn. Minh Huy \"Dai-ichi Cung đường yêu thương 2021\" là sân chơi hấp dẫn, bổ ích dành cho những người yêu thích tập luyện thể thao trên toàn quốc, miễn phí tham gia và không giới hạn đối tượng tham dự. Giải mở đăng ký từ 1/7/ đến 15/12 và ghi nhận thành tích (số km) từ 8/7 đến 22/12. "
}